date,stock_id,Trading_Volume,Trading_money,open,max,min,close,spread,Trading_turnover,5ema,10ema,22ema,66ema,264ema
2008-01-02,3293,324000,83620000,252.5,264.0,252.5,253.0,0.5,285,,,,,
2008-01-03,3293,170000,41726000,248.5,248.5,243.0,244.0,-9.0,150,,,,,
2008-01-04,3293,168000,40452000,240.5,246.0,238.0,238.5,-5.5,149,,,,,
2008-01-07,3293,192000,42900000,225.0,228.5,222.0,222.0,-16.5,150,,,,,
2008-01-08,3293,160000,35189000,213.0,226.0,213.0,217.5,-4.5,113,235.0,,,,
2008-01-09,3293,246000,53286500,210.0,220.0,210.0,219.5,2.0,203,229.83333333333334,,,,
2008-01-10,3293,372000,83757000,225.0,230.0,220.5,223.0,3.5,301,227.55555555555557,,,,
2008-01-11,3293,375000,84585500,228.0,231.0,221.5,225.5,2.5,294,226.87037037037038,,,,
2008-01-14,3293,177000,39655000,230.0,230.0,219.0,220.0,-5.5,141,224.58024691358025,,,,
2008-01-15,3293,185000,41591500,225.0,228.5,222.0,223.0,3.0,152,224.05349794238683,228.6,,,
2008-01-16,3293,178000,39455500,224.0,227.0,218.0,218.0,-5.0,164,222.03566529492454,226.67272727272726,,,
2008-01-17,3293,213000,46258000,220.5,225.0,213.0,218.0,0.0,185,220.6904435299497,225.09586776859504,,,
2008-01-18,3293,124000,26533000,210.0,217.0,210.0,215.0,-3.0,107,218.79362901996646,223.2602554470323,,,
2008-01-21,3293,238000,52597000,215.0,225.0,215.0,223.0,8.0,210,220.19575267997763,223.21293627484462,,,
2008-01-22,3293,365000,75948500,207.5,213.0,207.5,207.5,-15.5,227,215.96383511998508,220.35603877032742,,,
2008-01-23,3293,371000,73290000,208.5,210.0,193.0,193.0,-14.5,283,208.3092234133234,215.3822135393588,,,
2008-01-24,3293,582000,106489500,194.0,199.5,179.5,180.0,-13.0,427,198.87281560888226,208.94908380492993,,,
2008-01-25,3293,233000,43674000,185.0,190.0,183.0,188.5,8.5,211,195.4152104059215,205.23106856766995,,,
2008-01-28,3293,300000,54235500,185.0,189.5,178.0,180.0,-8.5,175,190.276806937281,200.64360155536633,,,
2008-01-29,3293,764000,144850500,190.0,192.5,180.0,192.5,12.5,504,191.01787129152066,199.1629467271179,,,
2008-01-30,3293,725000,143130500,195.0,204.0,193.5,195.0,2.5,597,192.34524752768044,198.4060473221874,,,
2008-01-31,3293,357000,68320500,195.0,196.0,186.5,193.0,-2.0,284,192.56349835178696,197.42312962724424,213.1590909090909,,
2008-02-01,3293,333000,66186000,196.0,202.0,196.0,198.5,5.5,288,194.54233223452465,197.61892424047255,211.88438735177866,,
2008-02-12,3293,226000,43163000,197.0,198.5,187.5,188.0,-10.5,176,192.36155482301643,195.870028924023,209.8074841037979,,
2008-02-13,3293,149000,28001500,190.0,192.0,185.5,185.5,-2.5,129,190.07436988201096,193.98456911965516,207.69378983390243,,
2008-02-14,3293,314000,60996500,195.0,198.0,192.0,198.0,12.5,251,192.7162465880073,194.71464746153603,206.85085158747614,,
2008-02-15,3293,501000,99201000,193.0,205.5,189.0,203.0,5.0,394,196.14416439200485,196.2210751958022,206.5159949276956,,
2008-02-18,3293,534000,112835000,206.0,217.0,205.0,217.0,14.0,434,203.0961095946699,199.99906152383815,207.42764754267859,,
2008-02-19,3293,517000,113782500,224.0,224.0,215.0,220.0,3.0,361,208.73073972977994,203.63559579223121,208.52089558244566,,
2008-02-20,3293,310000,66124000,215.0,218.0,208.5,209.0,-11.0,252,208.82049315318662,204.61094201182553,208.56255683614603,,
2008-02-21,3293,237000,50864500,213.0,217.0,210.0,215.0,6.0,216,210.8803287687911,206.49986164603908,209.12233450256812,,
2008-02-22,3293,669000,135653500,212.0,212.0,200.0,204.0,-11.0,485,208.58688584586073,206.04534134675924,208.67691411104045,,
2008-02-25,3293,360000,74151000,207.0,211.0,202.0,205.0,1.0,298,207.3912572305738,205.85527928371212,208.35718244921085,,
2008-02-26,3293,314000,65313500,207.0,210.0,205.5,206.0,1.0,251,206.92750482038255,205.88159214121902,208.15221006232295,,
2008-02-27,3293,595000,125404000,209.0,214.5,206.0,213.0,7.0,450,208.95166988025503,207.17584811554283,208.5737570134253,,
2008-02-29,3293,665000,144781500,213.0,222.0,210.0,219.0,6.0,530,212.30111325350336,209.32569391271687,209.48038683834486,,
2008-03-03,3293,222000,46951000,210.0,214.5,208.0,210.0,-9.0,189,211.53407550233558,209.44829501949562,209.52557059153227,,
2008-03-04,3293,254000,54513000,215.0,217.0,212.0,215.0,5.0,200,212.6893836682237,210.45769592504186,210.00160793139904,,
2008-03-05,3293,197000,42054000,216.0,218.0,210.5,212.0,-3.0,155,212.45958911214913,210.73811484776152,210.17538115475566,,
2008-03-06,3293,729000,161548000,216.0,226.5,214.0,225.0,13.0,525,216.6397260747661,213.33118487544124,211.46447844564648,,
2008-03-07,3293,1318000,303369500,223.0,238.0,220.5,229.0,4.0,804,220.7598173831774,216.18006035263375,212.9893064068946,,
2008-03-10,3293,1979000,476043000,232.0,245.0,225.0,245.0,16.0,1103,228.8398782554516,221.4200493794276,215.7728449802081,,
2008-03-11,3293,1346000,330693500,243.0,254.5,235.0,245.0,0.0,896,234.2265855036344,225.7073131286226,218.31433672105956,,
2008-03-12,3293,735000,183673500,250.0,255.0,245.0,245.0,0.0,489,237.8177236690896,229.21507437796393,220.63482918009785,,
2008-03-13,3293,394000,94198000,245.0,245.0,232.0,236.0,-9.0,296,237.21181577939305,230.44869721833413,221.97093099052412,,
2008-03-14,3293,320000,74537000,238.0,240.0,228.5,231.5,-4.5,262,235.30787718626203,230.63984317863702,222.7995456870003,,
2008-03-17,3293,433000,101416000,228.0,237.0,226.0,237.0,5.5,340,235.8719181241747,231.79623532797575,224.03436780117417,,
2008-03-18,3293,522000,126603500,240.0,248.0,237.0,244.0,7.0,430,238.5812787494498,234.01510163198017,225.77050973150685,,
2008-03-19,3293,402000,97398500,246.0,252.5,235.0,235.5,-8.5,339,237.55418583296654,234.28508315343834,226.61655236354974,,
2008-03-20,3293,419000,96774000,235.0,235.5,228.0,233.0,-2.5,318,236.03612388864437,234.05143167099502,227.17163476671934,,
2008-03-21,3293,815000,193816500,238.5,244.0,230.5,243.0,10.0,669,238.35741592576292,235.67844409445047,228.548014352222,,
2008-03-24,3293,1067000,269220000,255.0,260.0,248.0,254.5,11.5,802,243.73827728384194,239.10054516818676,230.8047087563766,,
2008-03-25,3293,733000,181812500,254.5,255.0,244.5,247.0,-7.5,609,244.82551818922795,240.5368096830619,232.2129949514743,,
2008-03-26,3293,656000,163873500,247.0,251.0,245.0,250.0,3.0,435,246.5503454594853,242.25738974068702,233.75969104265045,,
2008-03-27,3293,449000,112472500,250.0,255.0,247.5,248.5,-1.5,388,247.20023030632353,243.39240978783482,235.0414570389417,,
2008-03-28,3293,402000,100113000,249.0,252.5,243.0,252.0,3.5,334,248.80015353754902,244.95742619004668,236.51611294859893,,
2008-03-31,3293,526000,133963500,253.0,257.0,253.0,254.0,2.0,404,250.53343569169934,246.60153051912908,238.0364509530686,,
2008-04-01,3293,514000,131980000,256.0,262.0,253.0,253.0,-1.0,445,251.35562379446623,247.76488860656016,239.33762913106264,,
2008-04-02,3293,449000,116284500,260.0,261.0,256.0,259.0,6.0,366,253.90374919631083,249.80763613264014,241.04740051097025,,
2008-04-03,3293,325000,84683500,260.0,262.0,259.5,260.0,1.0,274,255.93583279754054,251.66079319943285,242.6954526404511,,
2008-04-07,3293,291000,75185500,260.0,263.0,256.0,257.5,-2.5,240,256.457221865027,252.72246716317233,243.9828045847597,,
2008-04-08,3293,303000,76080000,256.0,256.0,250.0,250.5,-7.0,249,254.47148124335135,252.3183822244137,244.5495172295632,,
2008-04-09,3293,203000,50679500,250.0,253.5,247.0,252.5,2.0,173,253.8143208289009,252.35140363815668,245.24086355742728,,
2008-04-10,3293,506000,131200000,257.0,262.0,253.0,262.0,9.5,381,256.5428805526006,254.10569388576457,246.6981797698249,,
2008-04-11,3293,393000,102774500,264.0,265.5,257.0,257.0,-5.0,319,256.69525370173375,254.6319313610801,247.59399022462273,,
2008-04-14,3293,234000,60894500,257.0,264.5,255.0,260.0,3.0,207,257.79683580115585,255.6079438408837,248.67277368335118,225.36363636363637,
2008-04-15,3293,677000,181341000,260.0,272.0,260.0,267.0,7.0,569,260.86455720077055,257.6792267789049,250.2664455369728,226.606512890095,
2008-04-16,3293,330000,88132000,267.0,271.0,264.5,265.5,-1.5,277,262.4097048005137,259.1011855463767,251.59110244680127,227.76751250531603,
2008-04-17,3293,349000,92796500,271.0,271.0,262.5,263.0,-2.5,288,262.60646986700914,259.8100609015809,252.58318049490552,228.81922854993346,
2008-04-18,3293,268000,70011500,263.0,265.0,257.5,262.0,-1.0,225,262.4043132446728,260.208231646748,253.40203436491373,229.80969933948768,
2008-04-21,3293,275000,72455000,262.0,266.5,260.5,263.5,1.5,213,262.7695421631152,260.80673498370294,254.28011833318212,230.8153799562194,
2008-04-22,3293,234000,62177500,264.0,267.5,264.0,266.5,3.0,194,264.01302810874347,261.84187407757514,255.34271673899238,231.88059249483973,
2008-04-23,3293,612000,165668000,266.5,274.5,263.0,270.0,3.5,498,266.008685405829,263.3251696998342,256.6172631095148,233.0184852561878,
2008-04-24,3293,544000,149772500,273.0,279.0,271.0,272.0,2.0,419,268.00579027055267,264.90241157259163,257.9548924043396,234.18211256197324,
2008-04-25,3293,412000,108541000,265.0,268.0,260.0,262.5,-9.5,344,266.1705268470351,264.46560946848405,258.3501191517883,235.02742263475017,
2008-04-28,3293,276000,71187000,263.5,265.0,255.0,256.0,-6.5,216,262.78035123135675,262.9264077469415,258.1457609646763,235.65346972028001,
2008-04-29,3293,505000,127033000,259.0,259.5,248.0,251.0,-5.0,385,258.8535674875712,260.75796997477033,257.5243904460088,236.1115751017642,
2008-04-30,3293,412000,106208000,251.0,261.0,251.0,258.0,7.0,372,258.5690449917141,260.25652088844845,257.56574779852974,236.76496091962198,
2008-05-02,3293,538000,142019000,262.0,267.5,259.0,263.0,5.0,410,260.0460299944761,260.7553352723669,258.0382914682228,237.54809641455864,
2008-05-05,3293,599000,161064500,265.0,271.5,263.0,266.0,3.0,488,262.03068666298407,261.7089106773911,258.7306139492469,238.39740696934794,
2008-05-06,3293,315000,84889000,271.0,272.0,266.0,271.0,5.0,260,265.0204577753227,263.39819964513816,259.797517084095,239.37061870160622,
2008-05-07,3293,319000,85564000,272.0,274.0,266.0,266.5,-4.5,260,265.5136385168818,263.9621633460221,260.380341685478,240.18045097917022,
2008-05-08,3293,257000,67343500,264.0,266.0,260.0,261.0,-5.5,207,264.0090923445879,263.42358819219993,260.4342250171756,240.80193005441888,
2008-05-09,3293,167000,43867000,261.0,265.0,261.0,261.5,0.5,156,263.17272822972524,263.0738448845272,260.5269011026386,241.41978288861532,
2008-05-12,3293,126000,32520500,263.0,263.5,255.0,259.5,-2.0,109,261.9484854864835,262.42405490552227,260.43760535458307,241.9594908620895,
2008-05-13,3293,136000,35240500,259.5,262.0,256.5,259.0,-0.5,120,260.965656990989,261.8014994681546,260.31259619331496,242.468162776654,
2008-05-14,3293,441000,117642000,259.0,269.5,258.0,267.0,8.0,361,262.97710466065934,262.7466813830356,260.8941095678093,243.2004564251121,
2008-05-15,3293,368000,99537500,270.0,272.5,268.0,268.5,1.5,303,264.8180697737729,263.79273931339276,261.55549134452156,243.9556666810789,
2008-05-16,3293,279000,74626000,268.5,271.0,265.5,266.5,-2.0,210,265.37871318251524,264.2849685291395,261.985448618911,244.62863185477804,
2008-05-19,3293,194000,51827000,269.0,269.0,265.5,267.0,0.5,117,265.9191421216768,264.7786106147505,262.42149656509264,245.29643388896378,
2008-05-20,3293,449000,120660000,268.5,273.5,265.5,265.5,-1.5,380,265.7794280811179,264.9097723211595,262.6891925159542,245.89952541466636,
2008-05-21,3293,700000,185337500,264.0,267.5,263.0,263.0,-2.5,584,264.85295205407857,264.56254099003957,262.7162192536973,246.40998734258676,
2008-05-22,3293,919000,243769500,261.0,273.0,259.0,272.0,9.0,634,267.2353013693857,265.9148062645778,263.5235045359845,247.1738683174349,
2008-05-23,3293,3688000,1061072000,291.0,291.0,270.0,270.0,-2.0,2205,268.1568675795905,266.6575687619273,264.08667805459453,247.8552453825861,
2008-05-26,3293,1584000,420867000,270.5,277.0,258.0,258.0,-12.0,1123,264.77124505306034,265.0834653506678,263.5574017020211,248.1580738786283,
2008-05-27,3293,716000,185275000,259.0,265.0,253.5,263.0,5.0,563,264.18083003537356,264.70465346872817,263.50893198880186,248.6011164494155,
2008-05-28,3293,1327000,357073000,264.0,274.5,261.5,262.0,-1.0,1017,263.453886690249,264.21289829259575,263.3777205115147,249.00108312256728,
2008-05-29,3293,486000,128841000,268.0,269.0,262.0,263.0,1.0,417,263.3025911268327,263.9923713303056,263.3448752496439,249.41896123831154,
2008-05-30,3293,589000,153140500,266.0,267.0,255.0,261.0,-2.0,512,262.5350607512218,263.4483038157046,263.1409730540227,249.76466388791417,
2008-06-02,3293,308000,80559500,263.0,265.0,257.0,260.5,-0.5,236,261.8567071674812,262.9122485764856,262.9113232232381,250.0851216823048,
2008-06-03,3293,229000,59058500,255.0,260.5,255.0,257.0,-3.5,180,260.2378047783208,261.83729428985185,262.3972951168696,250.29153596044495,
2008-06-04,3293,261000,67835500,259.0,261.5,257.0,261.5,4.5,222,260.65853651888057,261.77596805533335,262.3192694545331,250.62611697655106,
2008-06-05,3293,708000,190301500,265.0,273.0,262.0,269.0,7.5,558,263.43902434592036,263.0894284089091,262.9002025454433,251.174591096654,
2008-06-06,3293,927000,255147000,275.0,278.5,271.5,273.5,4.5,713,266.79268289728026,264.9822596072893,263.8219240632308,251.8410212131718,
2008-06-09,3293,549000,149734000,268.0,278.0,266.0,277.0,3.5,440,270.1951219315202,267.1673033150549,264.9678437099064,252.59203550531595,
2008-06-10,3293,542000,148548500,278.0,281.5,270.5,270.5,-6.5,396,270.2967479543468,267.7732481668631,265.4489007786102,253.1266016096349,
2008-06-11,3293,562000,149150000,270.0,271.5,261.0,261.0,-9.5,403,267.19783196956456,266.5417485001607,265.06203984133975,253.36162842725773,
2008-06-12,3293,557000,139439000,255.0,258.0,243.0,243.0,-18.0,437,259.1318879797097,262.26143059104055,263.1436015942667,253.05232608614557,
2008-06-13,3293,376000,91424500,240.0,246.5,240.0,243.0,0.0,320,253.75459198647312,258.75935230176043,261.3919840643305,252.75225665073825,
2008-06-16,3293,355000,85578500,246.0,249.0,230.0,231.0,-12.0,329,246.16972799098207,253.71219733780399,258.7492028413452,252.10293555668636,
2008-06-17,3293,704000,158950500,234.0,234.0,218.0,228.5,-2.5,552,240.2798186606547,249.12816145820327,256.11883737688044,251.39837031618825,
2008-06-18,3293,815000,195087500,226.5,244.0,225.0,243.0,14.5,593,241.1865457737698,248.01395028398449,254.97806890932563,251.1476726948095,
2008-06-19,3293,444000,109082500,240.0,251.0,236.0,244.5,1.5,383,242.29103051584653,247.37505023235093,254.06693248242775,250.94923470391967,
2008-06-20,3293,559000,138068500,249.0,251.0,240.5,246.0,1.5,464,243.52735367723102,247.1250410991962,253.36546009265143,250.80149635454893,
2008-06-23,3293,342000,84274500,244.0,249.5,240.0,246.0,0.0,269,244.351569118154,246.92048817206964,252.7249853019861,250.6581681051594,
2008-06-24,3293,331000,81646000,246.0,252.0,242.0,242.0,-4.0,283,243.567712745436,246.02585395896608,251.79237788442208,250.39971532590093,
2008-06-25,3293,195000,47212500,242.0,246.0,240.0,242.0,0.0,170,243.04514183029067,245.29388051188133,250.94086676403757,250.1489775549785,
2008-06-26,3293,402000,99128000,244.0,250.0,242.0,243.5,1.5,322,243.1967612201938,244.967720418812,250.29383487151256,249.95050061303886,
2008-06-27,3293,392000,90326000,226.5,238.0,226.5,230.0,-13.5,324,238.79784081346253,242.24631670630075,248.52915357833754,249.35496328130634,
2008-06-30,3293,245000,56231500,231.0,235.0,225.0,225.5,-4.5,212,234.36522720897503,239.2015318506097,246.52661848456907,248.64287482514794,
2008-07-01,3293,642000,138171500,227.0,229.5,210.0,210.0,-15.5,418,226.24348480598334,233.89216242322613,243.35039079025873,247.48935617365098,
2008-07-02,3293,555000,118728500,210.0,220.0,205.0,215.5,5.5,487,222.6623232039889,230.54813289173046,240.92861767806232,246.53445001921364,
2008-07-03,3293,394000,85797000,213.0,226.0,205.0,226.0,10.5,328,223.7748821359926,229.72119963868855,239.63047701040472,245.92148136192367,
2008-07-04,3293,331000,73469000,228.0,228.0,213.0,213.0,-13.0,289,220.1832547573284,226.68098152256334,237.31478335732604,244.93875057500057,
2008-07-07,3293,242000,52277000,213.0,218.0,213.0,218.0,5.0,210,219.45550317155227,225.10262124573364,235.6352369784281,244.1346087667916,
2008-07-08,3293,367000,80014000,214.0,224.0,210.0,217.5,-0.5,304,218.80366878103484,223.72032647378208,234.05825984986913,243.33954581852916,
2008-07-09,3293,369000,82343500,219.5,227.0,219.0,220.5,3.0,331,219.3691125206899,223.13481256945806,232.8792807324892,242.65776833140887,
2008-07-10,3293,261000,57711500,224.0,224.0,218.0,218.0,-2.5,233,218.91274168045993,222.20121028410205,231.58543023401188,241.92171554539667,
2008-07-11,3293,139000,30804000,223.0,223.5,219.0,222.5,4.5,131,220.10849445363996,222.25553568699257,230.79539282235868,241.341962842549,
2008-07-14,3293,257000,58033500,223.0,228.0,223.0,226.0,3.5,228,222.07232963575998,222.93634738026665,230.3784021421536,240.88399380247293,
2008-07-15,3293,260000,57099000,225.0,225.0,215.0,219.0,-7.0,220,221.0482197571733,222.22064785658182,229.38897586892284,240.23074025613045,
2008-07-16,3293,481000,100412000,219.0,220.0,204.0,204.0,-15.0,383,215.36547983811553,218.90780279174876,227.1812388368426,239.14922562161908,
2008-07-17,3293,298000,62273500,208.0,212.0,207.0,209.5,5.5,252,213.410319892077,217.19729319324898,225.64373980755192,238.26417411052597,
2008-07-18,3293,400000,84290500,213.0,214.5,206.0,208.5,-1.0,360,211.773546594718,215.6159671581128,224.15297982428655,237.37569130125655,
2008-07-21,3293,309000,66104000,209.0,217.0,209.0,215.0,6.5,250,212.84903106314533,215.50397312936502,223.35706853521816,236.70776021763695,
2008-07-22,3293,829000,186070000,216.0,230.0,216.0,230.0,15.0,674,218.56602070876355,218.1396143785714,223.93471474954703,236.50752856934926,
2008-07-23,3293,1533000,373877500,239.0,246.0,236.0,246.0,16.0,904,227.71068047250904,223.20513903701297,225.85343520610814,236.79088592548808,
2008-07-24,3293,1780000,390715500,219.0,223.0,217.5,219.0,0.0,1334,224.80712031500602,222.44056830301062,225.25748431862047,236.25981470383172,
2008-07-25,3293,330000,70584500,215.0,216.5,210.0,216.0,-3.0,288,221.87141354333735,221.26955588428143,224.45248568221868,235.65504411565763,
2008-07-29,3293,188000,39773500,213.0,214.5,210.5,211.0,-5.0,158,218.24760902889156,219.40236390532118,223.2827043185475,234.9190726495186,
2008-07-30,3293,588000,124448000,214.5,218.0,208.0,208.0,-3.0,444,214.83173935259438,217.3292068316264,221.953773508239,234.1155182420703,
2008-07-31,3293,753000,150527500,210.0,210.0,193.5,198.5,-9.5,603,209.38782623506293,213.9057146804216,219.9143149423052,233.05236844379954,
2008-08-01,3293,429000,82152500,198.5,198.5,185.0,193.0,-5.5,338,203.92521749004194,210.10467564761768,217.57393972993083,231.85677535592492,
2008-08-04,3293,180000,34102500,191.0,192.0,185.0,188.5,-4.5,161,198.78347832669462,206.1765528025963,215.04577105776292,230.56254325574807,
2008-08-05,3293,419000,78631500,189.0,192.5,185.0,186.5,-2.0,349,194.68898555112975,202.59899774757878,212.56353009621833,229.24724345706903,
2008-08-06,3293,330000,63001500,192.0,194.0,188.0,194.0,7.5,295,194.45932370075317,201.03554361165536,210.94931008785153,228.1950869359625,
2008-08-07,3293,841000,168390500,196.0,205.0,195.0,200.0,6.0,650,196.30621580050212,200.84726295499075,209.9971961671688,227.35344254981436,
2008-08-08,3293,543000,109603000,202.0,205.0,198.0,203.0,3.0,462,198.53747720033473,201.23866969044698,209.38874432654544,226.62647411549153,
2008-08-11,3293,405000,83046000,205.5,208.0,203.0,203.0,0.0,358,200.02498480022317,201.55891156491117,208.83320134162844,225.921206231447,
2008-08-12,3293,789000,164883000,204.5,212.0,202.0,208.0,5.0,604,202.68332320014878,202.73001855310915,208.76074905105204,225.3862448514038,
2008-08-13,3293,322000,66670000,209.0,211.0,204.0,210.0,2.0,274,205.12221546676585,204.05183336163475,208.86851000313447,224.92695396031712,
2008-08-14,3293,207000,42862000,206.0,210.0,205.5,205.5,-4.5,179,205.24814364451058,204.31513638679206,208.57559608981845,224.3470448868748,
2008-08-15,3293,274000,56479000,208.5,211.0,202.0,204.0,-1.5,234,204.83209576300706,204.2578388619208,208.17771816896467,223.73967041263975,
2008-08-18,3293,263000,51963000,204.0,205.0,192.0,193.5,-10.5,231,201.05473050867138,202.30186815975338,206.90139484992426,222.83699368390424,
2008-08-19,3293,186000,35535000,190.0,194.0,187.5,191.0,-2.5,140,197.7031536724476,200.2469830397982,205.51866486297433,221.8866356634892,
2008-08-20,3293,197000,37416000,190.0,193.0,188.0,192.0,1.0,177,195.8021024482984,198.74753157801672,204.3431287879331,220.99449728547458,
2008-08-21,3293,190000,36662500,191.5,196.0,190.0,190.0,-2.0,163,193.8680682988656,197.1570712911046,203.09590019767805,220.06928841128132,
2008-08-22,3293,243000,45584500,190.0,192.5,186.0,186.0,-4.0,219,191.2453788659104,195.12851287454012,201.60930018048865,219.05229472736247,
2008-08-25,3293,201000,37957500,188.0,191.0,186.5,188.0,2.0,161,190.16358591060694,193.83241962462372,200.42588277348963,218.12536055639643,
2008-08-26,3293,116000,21555000,186.5,187.0,185.0,186.5,-1.5,108,188.9423906070713,192.4992524201467,199.2149364453601,217.18131994277266,
2008-08-27,3293,206000,38948500,186.5,190.0,186.5,190.0,3.5,189,189.29492707138087,192.04484288921094,198.41363762402446,216.36993725791376,
2008-08-28,3293,201000,37981500,192.0,192.0,186.0,186.0,-4.0,177,188.19661804758724,190.94578054571804,197.33419087410928,215.46337196663276,
2008-08-29,3293,327000,61499000,188.5,192.0,184.0,192.0,6.0,235,189.46441203172483,191.13745681013293,196.87034818940413,214.76297280344968,
2008-09-01,3293,176000,32775000,189.0,191.5,184.0,185.0,-7.0,143,187.97627468781656,190.02155557192694,195.83814399902116,213.87452585409298,
2008-09-02,3293,248000,46000000,185.0,187.0,184.5,185.5,0.5,200,187.1508497918777,189.1994545588493,194.939174955628,213.02752508232902,
2008-09-03,3293,487000,85638500,185.0,185.5,173.0,173.0,-12.5,369,182.4338998612518,186.25409918451308,193.03142061166037,211.8326735873341,
2008-09-04,3293,446000,74573000,168.0,180.0,161.0,180.0,7.0,345,181.6225999075012,185.11699024187433,191.89825360195076,210.88244452502562,
2008-09-05,3293,241000,40554500,167.5,172.0,167.5,167.5,-12.5,211,176.91506660500082,181.91390110698808,189.7766663322159,209.58744618099502,
2008-09-08,3293,390000,67259500,170.5,175.0,169.0,172.0,4.5,318,175.27671107000054,180.11137363299025,188.2308692598493,208.46543286215933,
2008-09-09,3293,266000,43066000,170.0,170.0,160.0,160.0,-12.0,210,170.18447404666702,176.45476024517384,185.77601106334066,207.0187035229904,
2008-09-10,3293,169000,27342500,158.0,165.0,158.0,163.0,3.0,151,167.78964936444467,174.0084402005968,183.7954883621806,205.70471237305037,
2008-09-11,3293,178000,28715000,165.0,165.0,158.0,158.0,-5.0,145,164.5264329096298,171.09781470957918,181.55240241764315,204.2806911081832,
2008-09-12,3293,199000,30268500,160.0,160.0,147.5,150.5,-7.5,172,159.85095527308653,167.3527574896557,178.85219351176113,202.6752973437598,
2008-09-15,3293,290000,40835500,143.0,144.0,140.0,140.0,-10.5,189,153.23397018205767,162.37952885517282,175.47374190204278,200.80439294543862,
2008-09-16,3293,85000,11092500,130.5,130.5,130.5,130.5,-9.5,56,145.65598012137178,156.58325088150502,171.56298173664774,198.7057543500524,
2008-09-17,3293,524000,65704000,132.0,135.0,121.5,121.5,-9.0,341,137.6039867475812,150.20447799395865,167.20967897693924,196.40110496646872,
2008-09-18,3293,140000,15820000,113.0,113.0,113.0,113.0,-8.5,62,129.4026578317208,143.44002744960252,162.49579384850975,193.91151974358905,
2008-09-19,3293,1108000,130783500,116.0,120.5,112.0,120.5,7.5,637,126.4351052211472,139.26911336785662,158.84398568776976,191.7201310945267,
2008-09-22,3293,451000,57445500,128.5,128.5,125.0,128.5,8.0,259,127.1234034807648,137.31109275551904,156.20537823665936,189.83296300215275,
2008-09-23,3293,598000,78727000,125.0,137.0,124.5,137.0,8.5,435,130.41560232050986,137.25453043633377,154.53534534651507,188.25585962895417,
2008-09-24,3293,438000,61004000,139.5,142.5,134.0,140.0,3.0,383,133.61040154700657,137.75370672063673,153.27140227290508,186.81538620719434,
2008-09-25,3293,396000,54294500,136.0,140.0,135.0,137.0,-3.0,308,134.74026769800437,137.61666913506642,151.85649772743508,185.32835975324824,
2008-09-26,3293,435000,56751500,137.0,139.0,127.5,127.5,-9.5,357,132.32684513200292,135.77727474687254,149.7385414033103,183.6021400591214,
2008-09-30,3293,110000,13090000,119.0,119.0,119.0,119.0,-8.5,63,127.88456342133527,132.72686115653207,147.0656247595442,181.67371796780435,
2008-10-01,3293,252000,31516000,120.0,127.0,120.0,127.0,8.0,197,127.58970894755684,131.68561367352623,145.32078782393165,180.04166668518332,
2008-10-02,3293,513000,69128000,135.5,135.5,131.0,135.5,8.5,399,130.22647263170455,132.37913846015783,144.46680627402455,178.71206469458082,
2008-10-03,3293,266000,34901000,133.0,135.0,127.5,134.5,-1.0,225,131.6509817544697,132.76474964922005,143.60012746758764,177.39230156936944,
2008-10-06,3293,200000,25734500,130.0,132.5,126.0,127.0,-7.5,171,130.1006545029798,131.71661334936186,142.15663812258,175.88805376132856,
2008-10-07,3293,252000,30827500,119.0,125.5,118.5,125.5,-1.5,214,128.56710300198654,130.58632001311426,140.70823480757304,174.38393275352772,
2008-10-08,3293,374000,44006000,117.5,120.0,117.0,117.0,-8.5,265,124.71140200132436,128.11608001072986,138.6466491721319,172.6709795370045,
2008-10-09,3293,241000,29247500,117.0,125.0,117.0,122.0,5.0,206,123.80760133421624,127.00406546332444,137.19911446151173,171.1584129836611,
2008-10-13,3293,159000,18987500,118.0,122.0,118.0,119.0,-3.0,143,122.20506755614416,125.54878083362908,135.61658276920636,169.60144543191,
2008-10-14,3293,276000,34843000,127.0,127.0,123.0,127.0,8.0,217,123.80337837076277,125.81263886387833,134.86731470231885,168.32976049364405,
2008-10-15,3293,168000,20850000,125.0,126.5,123.0,126.5,-0.5,152,124.70225224717518,125.93761361590046,134.13972211950852,167.0811109266696,
2008-10-16,3293,95000,11652000,122.5,124.0,122.5,122.5,-4.0,77,123.96816816478345,125.31259295846401,133.12757236998604,165.75033149602274,
2008-10-17,3293,126000,15050500,122.0,123.5,118.5,118.5,-4.0,107,122.14544544318896,124.07393969328874,131.85560955520464,164.33987383942505,
2008-10-20,3293,155000,17994000,114.5,121.0,114.5,119.0,0.5,123,121.09696362879264,123.15140520359988,130.73773046344772,162.98644476959146,
2008-10-21,3293,132000,16060500,123.0,125.0,116.0,120.0,1.0,120,120.73130908586175,122.578422439309,129.804014770974,161.70326731378276,
2008-10-22,3293,108000,12796500,116.0,122.5,116.0,117.0,-3.0,91,119.4875393905745,121.56416381398009,128.69062218219364,160.3688414238191,
2008-10-23,3293,151000,17082000,113.0,114.0,113.0,113.0,-4.0,126,117.325026260383,120.00704312052916,127.32622025330723,158.95484615743644,
2008-10-24,3293,67000,7378000,110.0,115.0,109.5,109.5,-3.5,60,114.71668417358866,118.09667164406932,125.77611414432398,157.47858209303536,
2008-10-27,3293,218000,22444500,102.0,106.0,102.0,103.0,-6.5,153,110.81112278239245,115.35182225423853,123.79558247960016,155.8523557619,
2008-10-28,3293,349000,34328900,96.2,107.0,95.8,107.0,4.0,244,109.54074852159496,113.83330911710425,122.33509704659144,154.39407648542536,
2008-10-29,3293,293000,32471000,112.0,113.5,108.5,109.0,2.0,210,109.36049901439664,112.95452564126711,121.1755233903661,153.03902942615892,
2008-10-30,3293,156000,17742500,113.5,115.0,110.0,115.0,6.0,132,111.24033267626443,113.32643007012764,120.63852135642122,151.90353601045268,
2008-10-31,3293,206000,23445500,115.0,118.0,111.0,114.0,-1.0,172,112.16022178417629,113.44889733010443,120.06125862977589,150.77208717431978,
2008-11-03,3293,205000,23317000,117.5,117.5,111.5,115.0,1.0,169,113.10681452278419,113.73091599735817,119.62114918370843,149.7042636765789,
2008-11-04,3293,170000,19130500,115.0,115.0,111.0,115.0,0.0,148,113.73787634852279,113.96165854329304,119.21931012425551,148.6683155071288,
2008-11-05,3293,663000,80546500,118.0,123.0,116.5,123.0,8.0,458,116.82525089901519,115.60499335360339,119.5480657656246,147.90209713378167,
2008-11-06,3293,427000,49094000,116.0,118.0,114.5,114.5,-8.5,283,116.05016726601012,115.40408547113005,119.10910352513551,146.90501960740013,
2008-11-07,3293,200000,22549500,108.0,116.5,107.0,114.0,-0.5,172,115.36677817734008,115.14879720365185,118.66483365338459,145.92278021613447,
2008-11-10,3293,153000,17215500,114.0,114.5,111.0,114.0,0.0,127,114.91118545156006,114.93992498480605,118.25919594439462,144.96986140371254,
2008-11-11,3293,159000,17919000,111.0,114.5,111.0,112.5,-1.5,133,114.10745696770671,114.49630226029586,117.75839629705595,144.00061180957186,
2008-11-12,3293,120000,13276000,106.0,113.0,106.0,113.0,0.5,102,113.7383046451378,114.22424730387843,117.34462270600761,143.07522041227122,
2008-11-13,3293,205000,21789500,109.0,109.0,105.5,105.5,-7.5,161,110.99220309675853,112.63802052135507,116.31465551418087,141.95357204175565,
2008-11-14,3293,260000,28291500,107.0,111.0,106.5,110.5,5.0,191,110.82813539783902,112.24928951747233,115.80903329555645,141.01465944349428,
2008-11-17,3293,121000,13387000,113.0,113.0,109.0,111.0,0.5,94,110.88542359855934,112.022145968841,115.39085648724719,140.1186994601064,
2008-11-18,3293,337000,36077500,110.0,110.0,104.0,110.0,-1.0,217,110.59028239903957,111.65448306541536,114.92208635792134,139.21963380458084,
2008-11-19,3293,268000,29979500,108.0,114.0,106.0,113.0,3.0,182,111.39352159935972,111.89912250806711,114.75494841375428,138.4369581686232,
2008-11-20,3293,131000,14458000,111.0,112.0,108.0,110.0,-3.0,108,110.92901439957315,111.55382750660036,114.34147463864521,137.5880937456792,
2008-11-21,3293,172000,19351000,110.0,115.5,108.0,115.5,5.5,158,112.4526762663821,112.2713134144912,114.44221597441519,136.92874766371864,
2008-11-24,3293,192000,21270500,115.5,115.5,108.5,109.5,-6.0,154,111.46845084425473,111.76743824822007,114.01245806359648,136.10997907674195,
2008-11-25,3293,165000,18393000,112.0,114.0,108.5,110.5,1.0,147,111.14563389616983,111.53699493036189,113.70702692763157,135.3455020893765,
2008-11-26,3293,111000,12492000,111.0,113.5,111.0,113.0,2.5,98,111.76375593077988,111.80299585211426,113.64554632522884,134.67847217626078,
2008-11-27,3293,400000,47277000,114.5,120.0,114.0,119.5,6.5,297,114.34250395385325,113.20245115172985,114.1546292534698,134.22538345458136,
2008-11-28,3293,310000,37691000,119.5,124.0,118.0,122.5,3.0,256,117.06166930256883,114.89291457868805,114.88031366621156,133.87537200817596,
2008-12-01,3293,230000,28133500,122.5,124.5,120.0,121.5,-1.0,197,118.54111286837922,116.0942028371084,115.45593856480187,133.50595791837966,
2008-12-02,3293,230000,26836000,116.5,118.5,115.5,116.0,-5.5,178,117.69407524558615,116.07707504854324,115.5032482548191,132.98339201036833,
2008-12-03,3293,289000,33140500,115.0,117.0,112.0,112.0,-4.0,204,115.7960501637241,115.33578867608082,115.19861797179135,132.35702209961107,
2008-12-04,3293,257000,29298500,114.5,115.5,112.5,113.5,1.5,160,115.03070010914941,115.0020089167934,115.0509120612008,131.79412591753314,
2008-12-05,3293,136000,15536500,115.0,115.0,113.0,113.0,-0.5,121,114.35380007276628,114.63800729555824,114.87257188196595,131.23310723342766,
2008-12-08,3293,346000,40912000,116.5,120.0,116.0,120.0,7.0,262,116.23586671517752,115.6129150600022,115.31843519657761,130.897790599594,
2008-12-09,3293,986000,125241500,121.0,128.0,121.0,128.0,8.0,638,120.15724447678501,117.86511232181998,116.4211799620926,130.81128938766582,
2008-12-10,3293,853000,113417500,129.0,135.5,128.0,133.5,5.5,576,124.60482965119,120.70781917239816,117.90629474799759,130.89154940594446,
2008-12-11,3293,913000,126440500,134.0,142.0,133.5,139.0,5.5,655,129.40321976746,124.03367023196213,119.74052998730215,131.13359270725954,
2008-12-12,3293,991000,138245000,135.0,144.0,135.0,138.0,-1.0,613,132.26881317830666,126.57300291705992,121.32830998840632,131.3385600891324,
2008-12-15,3293,836000,118411500,142.0,144.0,139.0,142.5,4.5,601,135.67920878553778,129.4688205685036,123.1693265111536,131.67173739990454,
2008-12-16,3293,498000,69371500,142.0,142.0,135.5,140.5,-2.0,431,137.2861391903585,131.47448955604838,124.67634159714024,131.93526762677305,
2008-12-17,3293,321000,45143000,143.0,144.0,137.5,137.5,-3.0,240,137.35742612690566,132.57003690949412,125.79144232782369,132.10137904089922,
2008-12-18,3293,270000,37549000,137.0,140.5,136.0,140.5,3.0,192,138.40495075127043,134.0118483804952,127.07044734279555,132.35208414415595,
2008-12-19,3293,258000,36051500,139.5,141.0,138.0,140.5,0.0,203,139.10330050084696,135.19151231131426,128.23823453037855,132.59530551298712,
2008-12-22,3293,797000,113804000,142.0,147.5,138.5,138.5,-2.0,583,138.90220033389798,135.79305552743892,129.13056196251955,132.77156504991288,
2008-12-23,3293,259000,34388000,138.0,139.0,130.0,134.0,-4.5,208,137.268133555932,135.46704543154092,129.55399135708308,132.80823474991547,
2008-12-24,3293,143000,19278500,132.0,137.5,132.0,137.5,3.5,117,137.34542237062132,135.83667353489713,130.2449486303802,132.94828744394783,
2008-12-25,3293,206000,28323500,137.0,139.0,135.0,135.5,-2.0,139,136.7302815804142,135.77546016491584,130.7019096190428,133.0244579680091,
2008-12-26,3293,151000,20683500,134.5,138.5,134.5,136.0,0.5,119,136.4868543869428,135.8162855894766,131.16261313043037,133.11328011821777,
2008-12-29,3293,86000,11629500,136.0,137.0,134.5,135.0,-1.0,75,135.99123625796187,135.66787002775357,131.49629894517557,133.16960011468888,
2008-12-30,3293,285000,39758500,136.0,142.0,136.0,140.0,5.0,225,137.32749083864124,136.45553002270745,132.23575121081248,133.37349264857875,
2008-12-31,3293,344000,47230000,144.0,144.0,135.0,137.0,-3.0,259,137.21832722576082,136.55452456403336,132.6500337142201,133.48174659936745,
2009-01-05,3293,623000,88596500,139.0,146.5,138.5,146.5,9.5,458,140.31221815050722,138.3627928251182,133.85437860863573,133.8703511784908,
2009-01-06,3293,324000,46416000,145.5,145.5,141.5,142.5,-4.0,265,141.0414787670048,139.11501231146033,134.60617177310218,134.12795263584928,
2009-01-07,3293,395000,56649500,143.0,146.0,141.5,143.0,0.5,307,141.6943191780032,139.82137370937664,135.33606987978894,134.39278987060004,
2009-01-08,3293,501000,71591500,141.5,146.0,138.5,139.0,-4.0,413,140.79621278533548,139.67203303494452,135.6546724989377,134.53031853117915,
2009-01-09,3293,226000,31641000,142.0,142.0,138.0,138.0,-1.0,190,139.8641418568903,139.36802702859097,135.8586140207692,134.63389111233798,
2009-01-10,3293,123000,17095000,138.0,140.0,138.0,140.0,2.0,93,139.90942790459354,139.4829312052108,136.21873454070231,134.79407346719356,
2009-01-12,3293,142000,19843500,141.0,142.0,137.5,138.0,-2.0,116,139.27295193639569,139.21330734971792,136.3736271893369,134.88977276668032,
2009-01-13,3293,138000,19004000,137.0,139.0,136.5,138.5,0.5,108,139.01530129093047,139.08361510431467,136.55852917287282,134.99754074379433,
2009-01-14,3293,96000,13358500,138.5,140.5,137.5,138.0,-0.5,83,138.676867527287,138.88659417625746,136.68387446218824,135.0871663932333,
2009-01-15,3293,85000,11354500,135.0,136.0,132.0,133.0,-5.0,80,136.78457835152466,137.81630432602884,136.36353755243275,135.02486291880842,
2009-01-16,3293,290000,37864500,134.5,135.5,128.0,130.0,-3.0,256,134.52305223434976,136.3951580849327,135.81018646091687,134.8748670107843,
2009-01-17,3293,104000,13495500,130.0,131.5,128.5,129.0,-1.0,100,132.68203482289985,135.0505838876722,135.21799633388062,134.69949784628326,
2009-01-19,3293,202000,26597500,129.0,134.0,129.0,131.0,2.0,163,132.1213565485999,134.3141140899136,134.85121404397796,134.58906507475243,
2009-01-20,3293,91000,11678500,127.5,131.0,127.0,128.5,-2.5,83,130.9142376990666,133.25700243720203,134.29893456189293,134.40730193819266,
2009-01-21,3293,112000,14387500,127.0,131.0,127.0,128.0,-0.5,88,129.94282513271108,132.3011838122562,133.75120112172834,134.216039193769,192.2973484848485
2009-02-02,3293,75000,9581000,128.0,129.0,126.5,127.0,-1.0,61,128.96188342180739,131.3373322100278,133.16414015462152,134.00063503873113,191.80453830760436
2009-02-03,3293,194000,25573500,128.0,133.5,127.0,132.5,5.5,147,130.14125561453827,131.5487263536591,133.10638883682836,133.95583996294812,191.3569568864149
2009-02-04,3293,194000,26091000,134.5,136.0,133.0,133.0,0.5,159,131.09417040969217,131.81259428935746,133.0971376336259,133.92730742674073,190.9165270231212
2009-02-05,3293,133000,17660000,131.5,135.0,130.0,131.5,-1.5,116,131.22944693979477,131.75575896401975,132.9582561002671,133.85485048862907,190.46810040407877
2009-02-06,3293,745000,102700500,133.0,140.5,133.0,137.0,5.5,527,133.15296462652984,132.70925733419799,133.30971209154822,133.94873554867,190.06456757084044
2009-02-09,3293,309000,42524000,137.0,140.0,136.5,136.5,-0.5,248,134.26864308435322,133.39848327343472,133.5871284314136,134.02489269647089,189.66030668351334
2009-02-10,3293,145000,19759000,139.0,139.0,135.0,136.0,-0.5,118,134.8457620562355,133.8714863146284,133.79694335042112,134.08385112344192,189.25532323684533
2009-02-11,3293,223000,29778500,134.0,136.5,131.0,136.0,0.0,189,135.23050803749032,134.2584888028778,133.98851349386277,134.14104959736903,188.85339626902007
2009-02-12,3293,473000,65758500,136.0,141.5,136.0,137.5,1.5,387,135.98700535832688,134.84785447508182,134.29386014657035,134.24131677356698,188.46582346698972
2009-02-13,3293,245000,34075000,141.5,141.5,137.5,139.0,1.5,229,136.99133690555126,135.60279002506695,134.7030896990425,134.38336701913215,188.09249649742753
2009-02-16,3293,171000,23720500,140.0,140.5,137.0,137.5,-1.5,141,137.1608912703675,135.9477372932366,134.9462992904301,134.47640083945657,187.7106663351828
2009-02-17,3293,169000,22803500,138.0,139.0,133.0,133.5,-4.0,142,135.940594180245,135.50269414901177,134.8205341347405,134.44725454574146,187.3015292307663
2009-02-18,3293,103000,13651500,131.5,135.0,131.0,133.0,-0.5,98,134.96039612016332,135.04765884919146,134.66222681867612,134.40405291751037,186.8917063686473
2009-02-19,3293,80000,10622000,131.5,134.0,131.0,134.0,1.0,73,134.6402640801089,134.85717542206575,134.60464187792167,134.39199163639066,186.4925236790726
2009-02-20,3293,95000,12735000,134.0,135.0,132.5,134.5,0.5,88,134.59350938673927,134.79223443623562,134.59554258418936,134.39521576664765,186.10012727394752
2009-02-23,3293,90000,12113500,134.5,136.0,132.0,136.0,1.5,72,135.0623395911595,135.01182817510187,134.717669315999,134.4431197736134,185.72201310584225
2009-02-24,3293,610000,86066000,133.5,144.5,133.5,144.0,8.0,486,138.04155972743968,136.64604123417425,135.52482850591213,134.7283997803712,185.4071299880623
2009-02-25,3293,1091000,162757500,146.0,151.5,146.0,149.5,5.5,690,141.8610398182931,138.98312464614256,136.74006080974584,135.16934307050937,185.13613278060524
2009-02-26,3293,1384000,217702500,152.0,159.5,152.0,159.5,10.0,814,147.7406932121954,142.7134656195712,138.71918595672446,135.89563133706133,184.94265253320444
2009-02-27,3293,1120000,182510000,159.0,166.5,159.0,161.0,1.5,779,152.1604621414636,146.03829005237642,140.65664804744407,136.64501547625352,184.7619532688029
2009-03-02,3293,664000,104371500,159.0,162.0,154.5,155.0,-6.0,440,153.10697476097573,147.66769186103525,141.9038960433185,137.192925462037,184.53733475356665
2009-03-03,3293,531000,82046500,154.0,161.0,150.0,160.0,5.0,398,155.40464984065048,149.90992970448337,143.47747030042123,137.8737336572001,184.35214732146426
2009-03-04,3293,1002000,166565000,162.0,170.0,162.0,167.0,7.0,736,159.26976656043365,153.0172152127591,145.522907665602,138.74317444355233,184.2211877190381
2009-03-05,3293,704000,119223500,170.0,173.0,165.5,167.5,0.5,540,162.01317770695576,155.6504488104393,147.43395917294094,139.60158714672988,184.09499007587556
2009-03-06,3293,981000,173076000,173.0,179.0,170.5,179.0,11.5,646,167.67545180463716,159.8958217539958,150.1788322883374,140.77765917220063,184.05653732058593
2009-03-09,3293,931000,171022000,179.0,190.0,179.0,186.5,7.5,713,173.95030120309144,164.7329450714511,153.33719469804717,142.1425051670603,184.0749785483551
2009-03-10,3293,993000,185907000,187.0,195.0,180.5,180.5,-6.0,761,176.13353413539429,167.59968233118727,155.6991777677822,143.2875050128197,184.04799757817884
2009-03-11,3293,723000,130296000,183.0,185.0,177.0,179.0,-1.5,492,177.08902275692952,169.67246736188048,157.72533622275768,144.3535496393027,184.00989948324917
2009-03-12,3293,469000,83669000,179.0,182.0,175.0,175.5,-3.5,355,176.5593485046197,170.7320187506295,159.27095915990918,145.2832944261892,183.9456738267718
2009-03-13,3293,923000,166050500,178.5,183.0,177.0,179.0,3.5,685,177.3728990030798,172.23528806869686,160.98652792861273,146.28976324928803,183.90834798656977
2009-03-16,3293,583000,104421500,180.0,182.0,176.5,177.5,-1.5,388,177.4152660020532,173.19250841984288,162.42248202177683,147.22141210751823,183.85998309610508
2009-03-17,3293,1153000,213925500,178.5,189.5,177.0,189.0,11.5,878,181.2768440013688,176.06659779805327,164.73357054162233,148.46853413415948,183.89877567651183
2009-03-18,3293,1252000,238435000,189.0,195.0,185.0,185.0,-4.0,806,182.51789600091254,177.69085274386177,166.4958687553943,149.55902565254277,183.90708680348155
2009-03-19,3293,1042000,203007000,189.0,197.5,187.0,194.0,9.0,715,186.34526400060835,180.65615224497782,168.88753234188175,150.8856219017206,183.98325973326658
2009-03-20,3293,1218000,244079500,197.0,204.5,195.5,204.0,10.0,926,192.23017600040558,184.9004882004364,171.94079039910943,152.47112572554985,184.13432947112872
2009-03-23,3293,748000,154610000,205.0,212.0,202.0,212.0,8.0,597,198.82011733360372,189.8276721639934,175.42419992962166,154.24810704717524,184.34463641851644
2009-03-24,3293,1042000,221275500,214.0,218.5,206.0,206.5,-5.5,848,201.3800782224025,192.8590044978128,178.12644341400238,155.80786504576702,184.51184670969747
2009-03-25,3293,620000,129016000,206.5,212.0,206.0,207.0,0.5,519,203.25338548160167,195.43009458911956,180.63718746495869,157.33598847723667,184.68156862132238
2009-03-26,3293,625000,130535000,208.0,214.0,206.0,206.0,-1.0,542,204.1689236544011,197.351895572916,182.8426494245275,158.78864553761767,184.84246244304825
2009-03-27,3293,646000,131592000,207.0,209.5,201.0,201.0,-5.0,491,203.11261576960075,198.01518728693128,184.4215494745686,160.04868596933056,184.96440612272335
2009-03-30,3293,450000,90060000,201.0,205.0,196.0,202.5,1.5,372,202.90841051306717,198.8306077802165,185.99358865069306,161.31588937323113,185.0967502274575
2009-03-31,3293,1112000,231176000,204.0,212.0,202.0,209.0,6.5,837,204.9389403420448,200.6795881838135,187.99414615932844,162.73929566059738,185.2771521125333
2009-04-01,3293,1252000,268928000,212.0,218.0,211.0,213.5,4.5,859,207.79262689469653,203.01057215039287,190.21204649329988,164.2545405662512,185.49015473809908
2009-04-02,3293,726000,153744500,218.0,220.0,207.5,209.0,-4.5,496,208.19508459646434,204.09955903213964,191.84578158083903,165.5902259224825,185.66758753252853
2009-04-03,3293,471000,98844000,208.0,212.5,208.0,209.0,0.0,303,208.46338973097622,204.99054829902335,193.33745274772258,166.8860400740502,185.84368121152832
2009-04-06,3293,1088000,241145500,223.5,223.5,215.5,220.0,11.0,751,212.30892648731748,207.71953951738274,195.65593511748583,168.4715314151233,186.1014647495545
2009-04-07,3293,381000,82309500,213.0,219.0,213.0,217.0,-3.0,337,213.87261765821165,209.40689596876769,197.51194075944358,169.92014241765693,186.3346612420107
2009-04-08,3293,500000,107440500,215.0,222.0,211.0,216.0,-1.0,384,214.58174510547443,210.60564215626448,199.11959808470934,171.2956605544433,186.55855059112758
2009-04-09,3293,1041000,228732000,214.0,223.5,214.0,220.0,4.0,707,216.38783007031628,212.31370721876183,200.9352852077781,172.74952143341514,186.81093888855304
2009-04-10,3293,977000,213973000,226.0,226.0,214.0,215.0,-5.0,763,215.9252200468775,212.80212408807787,202.1583038853626,174.0107297488356,187.02368651958284
2009-04-13,3293,686000,149732500,216.0,222.0,216.0,217.0,2.0,554,216.28348003125168,213.56537425388188,203.44888615620064,175.2939915473778,187.24992284773694
2009-04-14,3293,907000,198407000,216.0,223.5,216.0,216.5,-0.5,709,216.3556533541678,214.0989425713579,204.58376562087884,176.52402165044114,187.4706781469993
2009-04-15,3293,632000,136698000,217.0,220.0,212.0,215.0,-1.5,505,215.90376890277852,214.26277119474736,205.48952513210676,177.67255831759215,187.6784466138144
2009-04-16,3293,1210000,262043000,218.0,221.0,211.5,216.0,1.0,996,215.93584593518568,214.57863097752056,206.4034794684453,178.81666105438043,187.89219418654034
2009-04-17,3293,1214000,254843000,217.0,219.0,201.0,201.5,-14.5,902,211.12389729012378,212.20069807251681,205.97708994945006,179.49377564977206,187.994894607774
2009-04-20,3293,471000,93708000,202.0,205.0,192.0,203.0,1.5,410,208.41593152674918,210.52784387751376,205.71821256254137,180.19545398858483,188.1081406862059
2009-04-21,3293,583000,121114000,201.0,211.0,198.0,210.0,7.0,491,208.94395435116613,210.43187226342036,206.09054190492907,181.08514192922408,188.27336226593266
2009-04-22,3293,589000,126193500,210.0,217.0,210.0,212.0,2.0,449,209.96263623411076,210.71698639734393,206.6044078262396,182.00797351342635,188.45243122996337
2009-04-23,3293,1154000,252642000,217.0,222.0,212.0,220.5,8.5,925,213.4750908227405,212.49571614328138,207.81272018917528,183.15698922944347,188.6942996735108
2009-04-24,3293,1543000,351093000,221.0,232.0,221.0,228.0,7.5,1152,218.31672721516034,215.31467684450294,209.56813582489917,184.495586565878,188.99094646842772
2009-04-27,3293,1583000,371689000,234.0,239.0,228.5,231.0,3.0,1189,222.5444848101069,218.16655378186604,211.4317761879514,185.8837780116727,189.30799592904336
2009-04-28,3293,740000,164883000,232.0,232.0,218.0,218.0,-13.0,612,221.02965654007127,218.13627127607222,212.00292608465128,186.8424712053541,189.52453935599397
2009-04-29,3293,1480000,309629000,223.0,224.5,203.0,203.5,-14.5,1198,215.18643769338084,215.47513104405908,211.26354120772507,187.3397108708659,189.6300145306657
2009-04-30,3293,675000,145542500,215.0,217.5,210.5,217.5,14.0,494,215.95762512892057,215.84328903604833,211.8058419722707,188.240018009049,189.8403540436418
2009-05-04,3293,1155000,261078000,225.0,230.5,220.0,223.5,6.0,870,218.47175008594704,217.23541830222138,212.82272527902978,189.2925547848983,190.09438910746337
2009-05-05,3293,1573000,362328500,229.0,235.0,224.0,233.0,9.5,1157,223.31450005729803,220.10170588363567,214.57727090694024,190.5972546420655,190.4182050387278
2009-05-06,3293,1767000,422002500,230.0,243.5,228.5,239.5,6.5,1279,228.70966670486536,223.62866845024737,216.74446474111934,192.05703808558593,190.78863367994495
2009-05-07,3293,1448000,334685500,239.0,240.0,227.0,230.0,-9.5,1050,229.13977780324356,224.7870923683842,217.897119981022,193.1896638143744,191.0845685200963
2009-05-08,3293,1368000,318914000,229.0,238.0,228.0,235.0,5.0,1040,231.09318520216237,226.64398466504161,219.384326939194,194.43773355125873,191.41600573881254
2009-05-11,3293,2757000,677658500,239.0,251.0,235.5,251.0,16.0,1748,237.72879013477493,231.0723510895795,222.13351590100322,196.12615941540025,191.8656962615385
2009-05-12,3293,2006000,502168500,252.0,257.5,240.5,250.0,-1.0,1481,241.8191934231833,234.51374180056504,224.55668843135078,197.7343337612092,192.30444572371556
2009-05-13,3293,1810000,470446500,250.0,264.5,250.0,263.0,13.0,1438,248.8794622821222,239.69306147318957,227.8995850894942,199.6825626041582,192.83799707674413
2009-05-14,3293,2561000,690075000,260.0,278.0,260.0,264.0,1.0,1902,253.9196415214148,244.11250484170057,231.03875160345123,201.60248610851167,193.37506879691963
2009-05-15,3293,1803000,471915500,267.0,268.0,258.0,258.5,-5.5,1346,255.4464276809432,246.72841305230045,233.42668624662937,203.30091935900387,193.86657771165986
2009-05-18,3293,1236000,324382000,258.5,268.5,258.5,260.0,1.5,868,256.9642851206288,249.1414288609731,235.7374091817051,204.99342922888434,194.36569787987375
2009-05-19,3293,1925000,517054000,265.0,275.0,261.5,268.0,8.0,1515,260.6428567470859,252.5702599771598,238.5428518615568,206.87422238623108,194.92142846191243
2009-05-20,3293,2486000,683923000,272.0,282.0,264.0,277.5,9.5,1955,266.2619044980573,257.10293998131255,241.93042996055186,208.98245455380626,195.54466296408668
2009-05-21,3293,2329000,675572000,277.5,296.5,277.5,296.5,19.0,1765,276.3412696653715,264.26604180289206,246.67560996398214,211.5949185969762,196.30659003605584
2009-05-22,3293,2347000,732654000,297.0,317.0,297.0,317.0,20.5,1712,289.8941797769143,273.8540342023662,252.79077431494022,214.741338937365,197.21748369616108
2009-05-25,3293,4674000,1475893500,335.0,337.0,295.0,300.0,-17.0,3579,293.26278651794286,278.60784616557237,256.8959243745106,217.28637359595112,197.993200800341
2009-05-26,3293,2340000,663330500,295.0,295.0,279.0,279.0,-21.0,1701,288.50852434529526,278.67914686274105,258.8180179071619,219.12857139905705,198.60457286977237
2009-05-27,3293,3375000,952063000,271.0,292.0,266.0,281.0,2.0,2767,286.0056828968635,279.1011201604245,260.74688591523477,220.9754797155031,199.2264251500005
2009-06-01,3293,2012000,557064000,286.0,289.0,267.5,270.0,-11.0,1590,280.67045526457565,277.44637104034734,261.5515045313013,222.43889823145824,199.76056533754766
2009-06-02,3293,2304000,617614000,276.5,282.0,252.0,255.0,-15.0,1861,272.1136368430504,273.3652126693751,260.98180848510117,223.4108714185789,200.17746673122656
2009-06-03,3293,1750000,447359000,255.0,264.0,246.0,258.5,3.5,1466,267.57575789536696,270.66244672948875,260.76599905161413,224.45830809265115,200.61763679363239
2009-06-04,3293,1335000,347071500,261.0,265.0,253.0,265.0,6.5,1170,266.71717193024466,269.6329109604908,261.13417304712596,225.66850785107948,201.10354142160497
2009-06-05,3293,1280000,342407000,267.0,272.5,261.0,262.0,-3.0,1058,265.14478128682975,268.2451089676743,261.20946234737585,226.7530300047786,201.56313733540418
2009-06-06,3293,1545000,415181500,262.5,273.0,260.0,270.0,8.0,1290,266.7631875245532,268.5641800644608,261.9738569258649,228.04398433299417,202.07964195928793
2009-06-08,3293,1336000,350608000,272.0,273.0,255.0,255.0,-15.0,1108,262.8421250163688,266.0979655072861,261.36743458448535,228.8486415170839,202.47904088789707
2009-06-09,3293,1866000,453853500,255.0,257.0,237.5,237.5,-17.5,1468,254.39475001091253,260.89833541505226,259.2920054901823,229.10689102403663,202.74335001327142
2009-06-10,3293,1424000,334065000,240.0,244.0,224.0,234.0,-3.5,1197,247.596500007275,256.00772897595186,257.09270066494906,229.252953978543,202.97924925845427
2009-06-11,3293,1339000,324332500,238.0,248.0,233.0,248.0,14.0,1151,247.73100000485002,254.55177825305154,256.30203104191,229.81256729261634,203.31902850933386
2009-06-12,3293,1584000,399709000,249.0,257.5,246.0,250.0,2.0,1268,248.48733333656668,253.72418220704216,255.7540283426135,230.41517722418004,203.67133772813133
2009-06-15,3293,912000,220155500,247.0,248.0,235.5,236.0,-14.0,722,244.32488889104445,250.5016036239436,254.03628674760364,230.58188835181645,203.91532763206996
2009-06-16,3293,1108000,265231000,236.0,245.0,231.0,245.0,9.0,965,244.54992592736298,249.50131205595386,253.25052268259464,231.01227974429955,204.2254006310732
2009-06-17,3293,911000,223501500,247.0,251.0,240.0,240.5,-4.5,783,243.19995061824199,247.86470986396225,252.1417815797603,231.29549527432044,204.49917119234811
2009-06-18,3293,879000,214195000,244.0,248.0,239.0,243.5,3.0,728,243.299967078828,247.07112625233276,251.39032231195506,231.65980884822133,204.79351707014172
2009-06-19,3293,596000,145627000,244.0,247.0,240.0,246.5,3.0,500,244.36664471921867,246.967285115545,250.96507689352418,232.10279962887145,205.10828297904632
2009-06-22,3293,1848000,475158500,248.0,263.5,244.5,263.5,17.0,1407,250.74442981281246,249.973233276355,252.05507020713077,233.04002949069618,205.54897518297804
2009-06-23,3293,2280000,611028000,258.0,277.0,256.0,264.0,0.5,1910,255.16295320854164,252.5235544988359,253.0937597543368,233.9642077148545,205.99011499291782
2009-06-24,3293,1732000,465910500,270.0,275.0,262.0,272.0,8.0,1438,260.77530213902776,256.0647264081385,254.73778064526402,235.0996044994857,206.48830280429203
2009-06-25,3293,2770000,780085000,272.0,286.0,270.5,284.5,12.5,2163,268.68353475935186,261.2347761521133,257.3257997195889,236.57424317114285,207.07707033029737
2009-06-26,3293,3119000,913047000,288.0,297.5,288.0,290.0,5.5,2470,275.78902317290124,266.46481685172904,260.1670345265811,238.16904188245203,207.70290376176683
2009-06-29,3293,1648000,451635000,291.5,293.0,270.0,270.0,-20.0,1336,273.85934878193416,267.10757742414194,261.0220750025306,239.1192197367072,208.17307052582896
2009-06-30,3293,2178000,558520500,270.0,271.0,251.5,258.0,-12.0,1699,268.5728991879561,265.4516542561161,260.75928587187576,239.68282511770101,208.54912282374724
2009-07-01,3293,1417000,372308000,258.0,268.0,250.5,263.0,5.0,1270,266.7152661253041,265.0058989368223,260.95413057866915,240.37886018881443,208.9600728401718
2009-07-02,3293,1288000,343797500,266.5,272.0,263.0,263.0,0.0,1060,265.47684408353604,264.64119003921826,261.13203226748055,241.05411809362593,209.36792134703842
2009-07-03,3293,1015000,269956500,258.0,270.0,258.0,266.5,3.5,865,265.8178960556907,264.97915548663315,261.5988120703083,241.8136966579953,209.79910684630605
2009-07-06,3293,1060000,288837500,268.0,276.0,268.0,271.0,4.5,901,267.54526403712714,266.0738544890635,262.4163066728902,242.68492959357755,210.26100037954149
2009-07-07,3293,1114000,304394000,275.0,277.0,270.5,273.0,2.0,924,269.36350935808474,267.33315367287014,263.3366278317693,243.58985706839613,210.73450226346947
2009-07-08,3293,968000,261851000,273.0,276.0,266.0,267.0,-6.0,791,268.5756729053898,267.27258027780283,263.6551819333546,244.28866730516043,211.15914752940554
2009-07-09,3293,856000,234231000,274.0,275.5,271.0,273.0,6.0,718,270.0504486035932,268.3139293182023,264.46777480871503,245.14572201246907,211.62587094427795
2009-07-10,3293,1040000,287422000,277.0,279.0,273.0,273.0,0.0,837,271.0336324023955,269.16594216943827,265.20970743404416,245.97719299717147,212.0890719182834
2009-07-13,3293,1013000,272317000,273.0,277.0,263.0,263.0,-10.0,841,268.3557549349303,268.04486177499496,265.0175589615186,246.4853364897932,212.47330533776804
2009-07-14,3293,1501000,411646000,265.0,280.0,265.0,280.0,17.0,1204,272.2371699566202,270.2185232704504,266.3203799213866,247.4857742065158,212.9829407691811
2009-07-15,3293,2880000,827456500,284.0,294.5,280.0,287.0,7.0,2307,277.15811330441346,273.2697008576412,268.1186077543095,248.6653033346795,213.54156008413068
2009-07-16,3293,2712000,797538500,297.0,298.0,290.0,294.0,7.0,2017,282.7720755362756,277.0388461562519,270.3691636017608,250.0185778620025,214.1487935929297
2009-07-17,3293,2381000,737659500,296.5,314.5,296.5,314.5,20.5,1657,293.3480503575171,283.8499650369334,274.2066276363903,251.943396433286,214.90616118845477
2009-07-20,3293,1871000,617621000,324.0,336.5,322.0,336.5,22.0,1126,307.7320335716781,293.4226986665819,279.62344262453024,254.46747415169537,215.82385053797586
2009-07-21,3293,2758000,894523500,353.0,353.0,313.0,324.0,-12.5,2044,313.1546890477854,298.9822079999306,283.482273700658,256.54307193821194,216.64027430750056
2009-07-22,3293,3325000,1088864000,321.5,335.0,315.5,332.5,8.5,2252,319.6031260318569,305.0763519999432,287.7446846832095,258.810442925131,217.5146873315949
2009-07-23,3293,3411000,979027500,292.0,292.0,280.0,283.0,0.0,2539,307.40208402123795,301.06246981813536,287.3321034064087,259.5325192557241,218.00891610645078
2009-07-24,3293,3205000,878329000,284.0,286.0,267.0,267.5,-15.5,2477,294.101389347492,294.96020257847437,285.60757267541663,259.7703545018219,218.38243372074172
2009-07-27,3293,1546000,415579000,267.5,272.5,265.5,268.5,1.0,1213,285.567592898328,290.1492566551154,284.11995766016304,260.03094093460334,218.7606795039814
2009-07-28,3293,1699000,474894500,272.0,282.5,271.0,281.0,12.5,1411,284.04506193221863,288.4857554450944,283.8486569940619,260.65688299625697,219.23041022470608
2009-07-29,3293,1361000,381050000,285.0,285.0,276.5,276.5,-4.5,1098,281.53004128814575,286.30652718234995,283.2096433424044,261.12981186204036,219.6626335437649
2009-07-30,3293,1690000,472380000,278.0,286.0,270.5,281.0,4.5,1438,281.35336085876384,285.3417040582863,283.0175004430649,261.72295180645705,220.12555706418934
2009-07-31,3293,1469000,412845500,285.0,287.0,274.5,274.5,-6.5,1197,279.06890723917587,283.3704851385979,282.27684823062447,262.1043562301449,220.53593021842187
2009-08-03,3293,881000,238509500,273.0,275.5,266.0,268.0,-6.5,740,275.3792714927839,280.5758514770347,281.0353831670919,262.28034559640923,220.89414961299983
2009-08-04,3293,1220000,333406000,270.0,280.0,268.0,269.0,1.0,1025,273.2528476618559,278.4711512084829,279.9888281090839,262.4809322950239,221.25721263478852
2009-08-05,3293,922000,249922500,273.0,276.5,267.0,269.0,0.0,779,271.8352317745706,276.7491237160315,279.0332778387288,262.6755313309933,221.61753555829955
2009-08-06,3293,2462000,685968000,274.0,284.0,271.5,284.0,15.0,1968,275.8901545163804,278.0674648585712,279.4651667223176,263.31208263454573,222.08834661068974
2009-08-10,3293,1777000,504473500,284.0,286.5,279.0,282.5,-1.5,1380,278.0934363442536,278.873380338831,279.729065268203,263.88485628724584,222.5442836174015
2009-08-11,3293,2573000,745489500,286.0,293.0,283.5,289.0,6.5,1971,281.7289575628357,280.714583913589,280.53523350575057,264.63456206971614,223.04583619387395
2009-08-12,3293,1547000,446213500,291.0,292.0,284.0,286.0,-3.0,1242,283.15263837522383,281.67556865657286,281.01043059220706,265.2723363362918,223.52096195844848
2009-08-13,3293,2543000,749072500,291.0,298.0,291.0,292.5,6.5,1932,286.26842558348255,283.64364708265055,282.009523584189,266.08510241580547,224.04155847196964
2009-08-14,3293,1513000,439347000,297.0,297.0,286.0,286.5,-6.0,1185,286.34561705565505,284.1629839767141,282.39999979425954,266.69450234369185,224.51294293633214
2009-08-17,3293,1352000,388275000,286.5,291.0,283.0,286.5,0.0,1092,286.39707803710337,284.5878959809479,282.75652155128046,267.28571122895477,224.98076978209568
2009-08-18,3293,1784000,504839500,286.5,292.0,274.0,279.0,-7.5,1450,283.9313853580689,283.5719148935028,282.429867503343,267.635391490777,225.38846208562703
2009-08-19,3293,1272000,350378000,280.0,280.5,271.0,273.0,-6.0,1034,280.2875902387126,281.64974854922957,281.60987902479144,267.7955290582165,225.74779444724493
2009-08-20,3293,1418000,373300500,273.0,273.0,258.0,262.5,-10.5,1176,274.35839349247505,278.1679760857333,279.94815041394,267.6374535639414,226.02516958349213
2009-08-21,3293,1548000,412374000,265.0,275.0,258.0,258.0,-4.5,1242,268.90559566165,274.5010713428727,278.03961559533656,267.34976838292823,226.2664890583337
2009-08-24,3293,1054000,279018500,263.0,268.0,261.0,266.5,8.5,917,268.1037304411,273.046331098714,277.03617076095946,267.3244021625423,226.5701381975161
2009-08-25,3293,753000,198890500,266.5,269.0,260.0,261.0,-5.5,661,265.7358202940667,270.856089080766,275.6417211295717,267.1356140382873,226.82998621111975
2009-08-26,3293,995000,259328000,264.0,265.0,255.0,262.5,1.5,843,264.65721352937777,269.33680015699036,274.4989627704785,266.997237499831,227.09919386235657
2009-08-27,3293,828000,215387500,262.0,264.0,257.0,257.0,-5.5,679,262.10480901958516,267.09374558299214,272.97731383391516,266.69881249983604,227.32486032377275
2009-08-28,3293,976000,256117500,259.0,265.5,259.0,262.0,5.0,825,262.06987267972346,266.1676100224481,272.02276480487905,266.5585494401394,227.58655949114052
2009-08-31,3293,680000,180113500,268.0,268.0,262.5,266.5,4.5,567,263.5465817864823,266.2280445638212,271.54252438706345,266.55680169565767,227.8802458346036
2009-09-01,3293,2183000,601845500,267.0,283.0,263.0,279.5,13.0,1698,268.8643878576549,268.64112737039915,272.23447878818837,266.9431658241455,228.2698288849085
2009-09-02,3293,1247000,348373000,276.0,282.0,275.0,278.5,-1.0,983,272.0762585717699,270.4336496666902,272.77930671965026,267.2881459487979,228.64892451596577
2009-09-03,3293,1297000,364687500,279.5,285.0,276.5,280.0,1.5,1082,274.71750571451327,272.17298609092836,273.4071930918546,267.6676042786845,229.03647980263773
2009-09-04,3293,989000,276117000,282.0,283.0,275.0,276.0,-4.0,855,275.14500380967553,272.86880680166865,273.6326545621281,267.9163325091715,229.3909214645046
2009-09-07,3293,1554000,424238000,275.0,278.0,269.5,270.0,-6.0,1237,273.4300025397837,272.3472055650016,273.31677155672566,267.9785315387485,229.69740507609325
2009-09-08,3293,1644000,434944000,270.0,272.0,260.0,261.0,-9.0,1354,269.2866683598558,270.28407728045585,272.24574794309734,267.7702171644575,229.93365107551895
2009-09-09,3293,1135000,297764000,261.0,264.5,260.5,262.0,1.0,916,266.85777890657056,268.77788141128207,271.35481333934973,267.5979718759662,230.17566125608107
2009-09-10,3293,923000,241769000,265.0,267.5,257.0,259.5,-2.5,729,264.4051859377137,267.09099388195807,270.32396000549323,267.356241372206,230.3969770201861
2009-09-11,3293,654000,169780500,259.0,262.5,258.0,259.5,0.0,531,262.77012395847584,265.7108131761475,269.3827460919721,267.12172670437894,230.61662247663753
2009-09-14,3293,714000,182893000,260.5,260.5,253.0,253.0,-6.5,551,259.5134159723172,263.39975623502977,267.9581594752789,266.7001826236512,230.78555362775725
2009-09-15,3293,965000,248867000,253.5,260.0,253.5,259.5,6.5,754,259.5089439815448,262.69070964684255,267.2226673469938,266.4852517990646,231.00226643056664
2009-09-16,3293,786000,206669500,260.0,264.5,260.0,263.5,4.0,679,260.8392959876965,262.8378533474166,266.89895714290736,266.39613980506266,231.2475323442982
2009-09-17,3293,1191000,319848500,268.0,271.5,265.5,265.5,2.0,963,262.3928639917977,263.3218800115227,266.777308695698,266.3693893631205,231.50604153415256
2009-09-18,3293,2178000,597234000,266.0,279.5,265.0,275.0,9.5,1741,266.5952426611985,265.4451745548822,267.4923253308547,266.62701953138554,231.83429782446083
2009-09-21,3293,1522000,422928000,277.0,281.0,275.0,275.0,0.0,1211,269.39682844079897,267.1824155449036,268.14516660643255,266.8769592468666,232.16007670880452
2009-09-22,3293,1118000,303490000,276.0,278.0,267.5,267.5,-7.5,960,268.76455229386596,267.24015817310294,268.08906516239495,266.89555747830343,232.42679311100224
2009-09-23,3293,890000,235907500,267.5,270.0,261.0,262.5,-5.0,756,266.67636819591064,266.37831123253875,267.6030594960997,266.7643468073093,232.65376071016448
2009-09-24,3293,658000,173193000,262.5,265.0,262.0,264.0,1.5,468,265.7842454639404,265.9458910084408,267.28974997469976,266.6818289921658,232.89033610103115
2009-09-25,3293,566000,149909000,264.0,268.0,262.0,266.0,2.0,475,265.85616364262694,265.9557290069061,267.1775978029867,266.661475887922,233.14022035687242
2009-09-28,3293,446000,115979500,262.5,263.0,258.0,259.0,-7.0,375,263.5707757617513,264.6910510056504,266.46650234185745,266.4327751151482,233.33538850512244
2009-09-29,3293,341000,89681500,262.0,265.0,261.0,262.0,3.0,293,263.0471838411675,264.2017690046231,266.07811083386986,266.3004534699199,233.55172519564982
2009-09-30,3293,595000,156320000,262.0,264.0,261.0,264.0,2.0,486,263.364789227445,264.16508373105523,265.89740554396815,266.23178321708644,233.78152349606
2009-10-01,3293,982000,262611000,264.0,271.0,262.5,266.0,2.0,848,264.2431928182967,264.4987048708634,265.9063268010144,266.2248643150839,234.02468180929728
2009-10-02,3293,311000,81842000,262.5,265.0,262.5,262.5,-3.5,265,263.6621285455311,264.1353039852519,265.6101244704914,266.11367433552914,234.2395898711139
2009-10-05,3293,593000,158195000,263.0,269.0,262.5,268.5,6.0,427,265.2747523636874,264.9288850788424,265.8614179947965,266.18490793745366,234.4981590041621
2009-10-06,3293,1805000,496754500,277.0,278.0,270.5,270.5,2.0,1357,267.0165015757916,265.94181506450747,266.26477295177074,266.31371665573863,234.76987101167785
2009-10-07,3293,813000,220961500,275.5,275.5,268.0,269.0,-1.5,676,267.6776677171944,266.4978486891425,266.50261878205157,266.3939042182539,235.02821160781613
2009-10-08,3293,754000,200545000,269.0,273.0,263.0,263.0,-6.0,637,266.1184451447963,265.86187620020746,266.1980432357862,266.2925936445747,235.23931944473827
2009-10-09,3293,831000,216594000,264.5,266.0,257.0,262.0,-1.0,633,264.7456300965309,265.15971689107886,265.83299599789177,266.16445652085605,235.44128684515533
2009-10-12,3293,517000,135714000,265.0,265.0,261.0,262.5,0.5,389,263.9970867310206,264.6761320017918,265.54317025894466,266.05506975903944,235.64550354821077
2009-10-13,3293,416000,108154500,256.0,262.5,256.0,261.0,-1.5,356,262.9980578206804,264.0077443651024,265.14811197555815,265.904172154292,235.83685823841296
2009-10-14,3293,731000,193736500,262.0,268.0,262.0,263.0,2.0,536,262.99870521378693,263.82451811690197,264.9613196298574,265.8174804481937,236.04186308189662
2009-10-15,3293,495000,130840000,265.0,267.0,261.0,261.0,-2.0,441,262.33247014252464,263.31096936837434,264.6168570533481,265.67367506168046,236.23022637939175
2009-10-16,3293,703000,186783500,262.0,268.5,262.0,263.5,2.5,608,262.7216467616831,263.34533857412447,264.51973904870914,265.6087892389437,236.43603599162276
2009-10-19,3293,226000,59755000,265.0,265.5,263.5,265.0,1.5,189,263.48109784112205,263.6461861061018,264.5615008705605,265.5906164258409,236.65161307847845
2009-10-20,3293,400000,105701500,267.0,267.0,263.0,263.0,-2.0,329,263.32073189408135,263.5286977231742,264.4257181861639,265.5132845922337,236.85046882882955
2009-10-21,3293,299000,78384000,263.0,264.5,261.0,261.5,-1.5,250,262.7138212627209,263.159843591688,264.1713079091062,265.393485052167,237.03650302634782
2009-10-22,3293,459000,119879000,261.0,264.0,260.0,260.0,-1.5,397,261.80921417514725,262.58532657501746,263.8085854822274,265.232485498371,237.2098124374697
2009-10-23,3293,288000,74917500,261.0,262.0,258.5,259.5,-0.5,252,261.03947611676483,262.0243581068325,263.4339258750772,265.06136652827036,237.37804026813032
2009-10-26,3293,294000,76265500,260.5,262.0,257.0,258.0,-1.5,239,260.02631741117654,261.29265663286293,262.96141058159225,264.85057946772497,237.53367770006895
2009-10-27,3293,438000,114289500,260.0,263.5,258.5,260.0,2.0,372,260.0175449407844,261.05762815416057,262.70389661797554,264.70578605077793,237.7032348495024
2009-10-28,3293,347000,90222000,260.0,262.5,258.0,258.5,-1.5,283,259.51169662718956,260.5926048534041,262.33834039032547,264.5205387059786,237.86019156761935
2009-10-29,3293,803000,200552000,255.0,255.0,246.0,248.5,-10.0,652,255.84113108479303,258.39394942551246,261.13500644334067,264.04231366997925,237.94049200861846
2009-10-30,3293,378000,94185500,250.0,252.5,246.0,246.0,-2.5,328,252.56075405652868,256.1405040754193,259.81891892652845,263.5037371425172,238.00131848402512
2009-11-02,3293,316000,77233000,242.0,248.0,241.5,247.0,1.0,270,250.70716937101912,254.4785942435249,258.7042303242216,263.01108827259134,238.06923306150418
2009-11-03,3293,208000,51821000,247.0,251.5,247.0,248.0,1.0,192,249.80477958067942,253.30066801742947,257.7734276873328,262.5629960853498,238.14418224594564
2009-11-04,3293,698000,179835500,251.0,260.0,251.0,258.0,10.0,569,252.53651972045296,254.15509201426048,257.7931296275647,262.4267872469812,238.29403747427813
2009-11-05,3293,363000,92657000,258.0,259.0,252.5,252.5,-5.5,318,252.52434648030197,253.85416619348584,257.33285748603737,262.1304652396086,238.40125228579302
2009-11-06,3293,320000,80887500,256.0,257.5,250.5,251.0,-1.5,294,252.01623098686798,253.33522688557932,256.7821742263819,261.79821254588893,238.49633717420213
2009-11-09,3293,233000,58537000,254.5,255.0,250.0,250.0,-1.0,177,251.34415399124532,252.72882199729216,256.192419945827,261.4460270967579,238.5831572710006
2009-11-10,3293,279000,70752500,253.0,255.5,252.0,254.0,4.0,241,252.22943599416354,252.95994527051175,256.00177473314636,261.22375763118305,238.69951080103078
2009-11-11,3293,206000,52340000,256.0,256.0,252.5,253.0,-1.0,190,252.4862906627757,252.96722794860054,255.74075084330755,260.97827232875966,238.80743902140037
2009-11-12,3293,361000,92157500,255.0,257.5,253.0,254.0,1.0,316,252.99086044185046,253.15500468521861,255.58938120475906,260.7699656920803,238.92209985897472
2009-11-13,3293,234000,59096500,254.0,255.0,251.5,252.0,-2.0,197,252.6605736279003,252.9450038333607,255.27726109999742,260.50817567142116,239.02080099211454
2009-11-16,3293,329000,82757000,253.0,253.0,250.0,251.0,-1.0,293,252.10704908526688,252.59136677274967,254.90532535217156,260.22434953197575,239.11121004123066
2009-11-17,3293,396000,98970500,252.0,253.0,247.5,247.5,-3.5,347,250.5713660568446,251.66566372315881,254.26138401720013,259.84451820266304,239.174521663561
2009-11-18,3293,370000,92668000,248.0,253.0,247.5,249.0,1.5,322,250.04757737122972,251.1809975916754,253.80387236353056,259.5208012413895,239.24867621704357
2009-11-19,3293,1551000,395385000,251.0,257.5,249.5,254.0,5.0,1165,251.36505158081982,251.69354348409806,253.82092694061487,259.3560012043331,239.3600069625753
2009-11-20,3293,576000,145228000,254.0,254.5,251.0,251.0,-3.0,494,251.24336772054656,251.5674446688075,253.5756289457788,259.10656833256195,239.44785596663135
2009-11-23,3293,550000,137611000,252.0,254.0,249.0,249.0,-2.0,463,250.49557848036437,251.10063654720614,253.17774816788497,258.8048797256198,239.51994761971338
2009-11-24,3293,606000,152981000,250.0,255.0,250.0,250.5,1.5,466,250.49705232024291,250.99142990225957,252.94490050111236,258.5569728681386,239.6028159395646
2009-11-25,3293,250000,62951500,252.0,254.0,251.0,251.0,0.5,213,250.6647015468286,250.99298810184874,252.77577871840694,258.33139158849264,239.6888324230396
2009-11-26,3293,336000,84908000,253.5,254.5,250.5,251.0,0.0,309,250.77646769788575,250.99426299242168,252.6213631776759,258.1125440783884,239.77419972550723
2009-11-27,3293,498000,123160000,250.0,250.0,245.0,245.5,-5.5,441,249.01764513192384,249.99530608470866,252.0021142057041,257.73605022530217,239.81741331248455
2009-11-30,3293,266000,65624000,249.0,249.0,245.5,246.5,1.0,217,248.17843008794924,249.3597958874889,251.5236694921646,257.40064574096476,239.8678479289941
2009-12-01,3293,495000,120413500,245.5,246.0,241.0,243.0,-3.5,415,246.4522867252995,248.20346936249092,250.78248084067204,256.9707757188464,239.89148681254886
2009-12-02,3293,526000,127878500,243.5,245.0,242.5,242.5,-0.5,416,245.13485781686634,247.16647493294712,250.0622651153962,256.5388122645525,239.91117370452963
2009-12-03,3293,335000,81362500,242.5,244.0,241.5,241.5,-1.0,284,243.92323854457757,246.1362067633204,249.31772032275305,256.0898924954614,239.92316484638224
2009-12-04,3293,432000,104969000,242.0,245.5,241.5,241.5,0.0,367,243.11549236305171,245.2932600790803,248.63791855555712,255.6543733164924,239.93506548905106
2009-12-07,3293,411000,100021500,242.0,245.5,241.5,245.5,4.0,357,243.91032824203447,245.33084915561116,248.3650560724652,255.35125769510458,239.97706499479406
2009-12-08,3293,340000,82912000,245.5,245.5,242.5,243.5,-2.0,280,243.77355216135632,244.99796749095458,247.94200771833778,254.99748880868356,240.0036531835126
2009-12-09,3293,314000,76665500,244.5,245.5,242.0,244.5,1.0,259,244.01570144090422,244.90742794714467,247.64270269935187,254.6841309337975,240.03758787646723
2009-12-10,3293,452000,109953000,244.5,246.5,241.5,242.0,-2.5,375,243.3438009606028,244.37880468402744,247.15203289940823,254.3055001596543,240.05239853400332
2009-12-11,3293,1175000,290983000,244.0,253.0,240.5,249.0,7.0,971,245.22920064040187,245.21902201420428,247.31272569076404,254.14712702056013,240.1199276016712
2009-12-14,3293,560000,139574500,250.0,252.5,246.5,247.5,-1.5,461,245.9861337602679,245.63374528434895,247.3290104133063,253.94870531845388,240.17562626128122
2009-12-15,3293,336000,82696000,249.0,249.0,244.0,244.0,-3.5,287,245.32408917351194,245.3367006871946,247.03953124693183,253.65172904029106,240.2044894593093
2009-12-16,3293,274000,67551500,245.0,248.0,244.5,245.5,1.5,253,245.38272611567461,245.36639147134102,246.90565896458992,253.4083938450585,240.24445557659752
2009-12-17,3293,314000,77129500,246.5,248.5,244.0,244.0,-1.5,281,244.92181741044973,245.11795665836993,246.65299296766906,253.12754626759406,240.2727993080949
2009-12-18,3293,232000,56646000,244.0,246.0,243.0,243.5,-0.5,203,244.44787827363317,244.8237827204845,246.3788196661326,252.84015682677034,240.29715553973193
2009-12-21,3293,159000,38597500,244.0,244.0,242.0,242.5,-1.0,146,243.79858551575543,244.4012767713055,246.0415309995124,252.5314954289563,240.3137807809415
2009-12-22,3293,214000,52264000,245.0,245.0,243.0,244.0,1.5,175,243.86572367717028,244.32831735834085,245.86400656477218,252.27682392361433,240.34160130334948
2009-12-23,3293,3209000,827004500,252.0,261.0,251.0,261.0,17.0,2257,249.5771491181135,247.35953238409707,247.18017990696592,252.53721723932733,240.49751374634306
2009-12-24,3293,2695000,708116000,261.0,267.0,258.0,261.0,0.0,2046,253.38476607874233,249.83961740517032,248.38190339331672,252.78983762024293,240.6522494916537
2009-12-25,3293,761000,199301500,263.0,264.5,259.0,260.0,-1.0,634,255.5898440524949,251.68695969513934,249.3921726634631,253.0050663479969,240.79827025020725
2009-12-28,3293,561000,145670000,261.5,262.0,257.5,257.5,-2.5,473,256.2265627016633,252.7438761142049,250.09720112750978,253.13924347193728,240.92432104077173
2009-12-29,3293,696000,181437000,257.5,263.5,257.5,259.0,1.5,557,257.1510418011089,253.88135318434948,250.87135755120457,253.31419142799885,241.06074125933193
2009-12-30,3293,472000,122517500,261.5,261.5,258.5,259.5,0.5,396,257.9340278674059,254.90292533264957,251.62167428588242,253.49884243014813,241.19990547624263
2009-12-31,3293,3002000,807627000,262.0,275.0,261.5,274.5,15.0,2219,263.45601857827063,258.46602981762237,253.61109391319698,254.12574265611386,241.45122694434647
2010-01-04,3293,2650000,727527000,277.0,281.0,266.0,267.0,-7.5,1856,264.6373457188471,260.01766075987285,254.77534661639726,254.5100488454836,241.6440478730684
2010-01-05,3293,1524000,400412500,270.0,270.5,258.0,260.0,-7.0,1192,263.09156381256474,260.0144497126232,255.22966430192793,254.67392798442438,241.78258336081882
2010-01-06,3293,588000,153760500,263.0,264.0,260.0,260.0,0.0,489,262.0610425417098,260.0118224921463,255.6444761017603,254.83291520876992,241.9200732977183
2010-01-07,3293,590000,152741000,262.0,263.0,255.0,256.0,-4.0,523,260.0406950278065,259.28240022084697,255.67539122334634,254.86775356074693,242.02633689547136
2010-01-08,3293,486000,124701000,256.0,261.0,253.0,261.0,5.0,406,260.36046335187103,259.5946910897839,256.13840068218576,255.05080569326196,242.16953435286402
2010-01-11,3293,498000,128766000,261.0,262.0,256.5,256.5,-4.5,435,259.0736422345807,259.0320199825505,256.1698441011261,255.09406522480637,242.27768881057824
2010-01-12,3293,499000,129697000,257.0,262.0,257.0,259.0,2.5,416,259.0490948230538,259.0261981675413,256.41594461407163,255.2106602927226,242.40389493276257
2010-01-13,3293,644000,168638000,259.0,264.5,257.0,260.0,1.0,518,259.3660632153692,259.2032530461701,256.72760160415237,255.35362565711893,242.53669572572286
2010-01-14,3293,1558000,416209500,264.0,272.0,262.0,266.5,6.5,1221,261.74404214357946,260.5299343105028,257.57737537770436,255.68635324944373,242.71755085232118
2010-01-15,3293,1485000,395856500,268.0,271.0,262.0,262.0,-4.5,1187,261.829361429053,260.7972189813205,257.961951431817,255.87482031662452,242.86307877041688
2010-01-18,3293,576000,152428500,262.0,266.5,262.0,263.5,1.5,501,262.386240952702,261.2886337119895,258.44352087252855,256.1024376206059,243.01882911931938
2010-01-19,3293,728000,192240000,265.0,269.0,261.0,261.0,-2.5,618,261.9241606351347,261.23615485526415,258.66582340535217,256.2486335125281,243.15453606936225
2010-01-20,3293,574000,148586000,262.0,263.0,257.0,257.0,-4.0,456,260.28277375675646,260.46594488157973,258.5209691961911,256.2710623629004,243.2590301367633
2010-01-21,3293,374000,96065000,255.0,260.0,255.0,255.5,-1.5,333,258.68851583783766,259.5630458122016,258.25827622260925,256.24804557594814,243.3514148149764
2010-01-22,3293,560000,140918000,252.0,254.5,250.0,250.0,-5.5,483,255.79234389189176,257.82431020998314,257.54016524673017,256.0615367527855,243.4015928163728
2010-01-25,3293,1096000,267493500,246.0,253.0,237.0,239.5,-10.5,872,250.36156259459452,254.49261744453165,255.97145522527538,255.56716252135908,243.37214683285302
2010-01-26,3293,1023000,239286000,240.5,244.0,227.0,228.0,-11.5,853,242.90770839639634,249.67577790916226,253.5391547709036,254.74426214758716,243.25613063034092
2010-01-27,3293,716000,162374000,229.5,231.0,220.0,224.5,-3.5,562,236.77180559759756,245.09836374386003,251.01401087778154,253.8414483521368,243.11457492747041
2010-01-28,3293,618000,144491000,235.0,239.0,228.5,235.5,11.0,548,236.34787039839838,243.35320669952185,249.66496645362662,253.2939424311775,243.05710643745178
2010-01-29,3293,518000,118564500,229.0,232.5,225.0,228.0,-7.5,416,233.56524693226558,240.56171457233606,247.7810563272243,252.5388993735304,242.9434678983012
2010-02-01,3293,461000,106265000,233.0,233.0,228.0,230.0,2.0,410,232.37683128817704,238.6414028319113,246.2348775161613,251.86609640715636,242.84578134812534
2010-02-02,3293,555000,126911500,235.0,235.0,223.0,224.0,-6.0,469,229.58455419211802,235.97932958974562,244.30140990606031,251.0342726338084,242.70354903606403
2010-02-03,3293,439000,100213000,227.0,233.0,224.0,230.5,6.5,370,229.88970279474535,234.9830878461555,243.10128730553333,250.42130927160517,242.61144677918807
2010-02-04,3293,343000,79124500,230.5,234.0,228.5,228.5,-2.0,316,229.42646852983023,233.80434460139998,241.83161014853044,249.76694183066172,242.5049452940621
2010-02-05,3293,719000,157850500,223.0,223.0,215.0,217.0,-11.5,592,225.28431235322014,230.74900921932726,239.67233970083214,248.7888241640748,242.31245514089937
2010-02-06,3293,352000,75289500,217.0,222.0,209.0,212.0,-5.0,301,220.8562082354801,227.34009845217685,237.26604929206414,247.69065030843078,242.08368189455297
2010-02-08,3293,312000,67382000,210.5,218.5,210.5,216.0,4.0,282,219.23747215698674,225.27826236996287,235.41682761449334,246.7446607469851,241.8868239179903
2010-02-09,3293,317000,68950500,216.0,220.0,215.0,218.0,2.0,270,218.82498143799117,223.95494193906055,233.90232086540698,245.88661117244823,241.7065460016281
2010-02-10,3293,391000,86191000,221.0,224.0,218.0,218.0,0.0,339,218.54998762532745,222.8722252228677,232.51951035537158,245.05417501804678,241.52762867331393
2010-02-22,3293,301000,66321000,225.0,225.0,216.0,216.0,-2.0,267,217.6999917502183,221.62272972780085,231.08303119403493,244.1868862115379,241.3349673248361
2010-02-23,3293,140000,30515000,216.0,219.0,216.0,219.0,3.0,128,218.13332783347886,221.1458697772916,230.03233282933624,243.43503886193977,241.16640153370525
2010-02-24,3293,167000,36631500,219.0,221.0,218.0,218.0,-1.0,141,218.08888522231925,220.57389345414768,228.98604301808962,242.6757839705386,240.99156076741315
2010-02-25,3293,259000,56403500,219.5,221.0,215.5,215.5,-2.5,228,217.22592348154618,219.65136737157536,227.81334362521227,241.8645665385822,240.79917162954587
2010-02-26,3293,391000,82668000,215.0,216.5,210.0,210.0,-5.5,331,214.81728232103077,217.89657330401621,226.26435722301989,240.91338544787826,240.56672505120966
2010-03-01,3293,436000,90053000,210.0,210.0,203.0,207.0,-3.0,378,212.21152154735384,215.91537815783144,224.58919572536598,239.90104558376248,240.31339127723825
2010-03-02,3293,644000,135455000,208.0,212.5,208.0,211.0,4.0,518,211.80768103156922,215.0216730382257,223.4075265318559,239.0383278051427,240.09215813552325
2010-03-03,3293,400000,84950500,213.0,215.0,211.0,213.5,2.5,316,212.37178735437948,214.74500521309378,222.54600248560754,238.2759896617056,239.89146260242495
2010-03-04,3293,244000,51973000,213.0,215.0,211.0,212.0,-1.5,216,212.247858236253,214.24591335616765,221.62895879120688,237.4916317613562,239.68096099787834
2010-03-05,3293,209000,44748000,214.5,215.5,212.5,213.5,1.5,184,212.66523882416865,214.11029274595535,220.9220928093628,236.7754636490769,239.4833688394038
2010-03-08,3293,1143000,256286000,220.0,228.0,218.0,228.0,14.5,963,217.7768258827791,216.63569406487255,221.53756299985298,236.5135095102985,239.3967019047668
2010-03-09,3293,569000,129834000,227.0,232.0,226.0,227.0,-1.0,505,220.85121725518607,218.52011332580483,222.0125575216049,236.22952415178213,239.30314189039117
2010-03-10,3293,322000,72371000,227.0,228.0,222.5,223.0,-4.0,290,221.56747817012405,219.33463817565848,222.0984220849436,235.83461298307222,239.18009931008635
2010-03-11,3293,267000,59924500,227.0,227.5,223.5,223.5,0.5,232,222.21165211341602,220.0919766891751,222.22029842538328,235.46641558059244,239.06175893793474
2010-03-12,3293,139000,31006000,225.0,225.0,222.0,223.0,-0.5,123,222.47443474227734,220.6207082002342,222.28809856230646,235.09428377221656,238.94053811576165
2010-03-15,3293,145000,32168500,223.0,224.0,220.0,220.0,-3.0,126,221.64962316151824,220.50785216382798,222.089133469932,234.64370813722502,238.7975906582842
2010-03-16,3293,96000,21279000,220.0,222.5,220.0,222.5,2.5,80,221.9330821076788,220.8700608613138,222.12486099428574,234.2812093868601,238.67458997407073
2010-03-17,3293,522000,119253000,225.0,231.0,224.0,229.0,6.5,415,224.28872140511922,222.3482316138022,222.72269916869567,234.1235613454613,238.6015742006815
2010-03-18,3293,896000,209740500,230.0,236.5,228.5,234.0,5.0,663,227.52581427007948,224.46673495674725,223.7033340235917,234.1198729470893,238.56684533878956
2010-03-19,3293,619000,146626500,235.0,239.0,235.0,236.0,2.0,517,230.35054284671966,226.56369223733864,224.77260932588808,234.17599614269858,238.5474729211383
2010-03-22,3293,611000,146401000,239.0,241.0,237.0,238.0,2.0,524,232.9003618978131,228.64302092145888,225.92281721059348,234.29014551157326,238.54334105003537
2010-03-23,3293,467000,111484500,240.5,241.0,235.5,235.5,-2.5,372,233.7669079318754,229.88974439028453,226.75561571402014,234.3262605709293,238.52037243833698
2010-03-24,3293,1560000,385819500,240.0,251.0,240.0,250.0,14.5,1204,239.17793862125026,233.5461545011419,228.77686652149666,234.79413338970753,238.60701113691556
2010-03-25,3293,718000,178565000,249.5,252.0,246.0,246.0,-4.0,592,241.45195908083352,235.81049004638882,230.2745303022361,235.12863687061179,238.66280727927847
2010-03-26,3293,512000,127490500,246.0,251.0,246.0,246.0,0.0,397,242.96797272055568,237.66312821977266,231.64196244986772,235.45315517298158,238.71818231868014
2010-03-29,3293,353000,86630000,246.0,248.0,243.5,244.0,-2.0,287,243.3119818137038,238.81528672526855,232.7165744107488,235.7082848693105,238.75804509363348
2010-03-30,3293,370000,89545500,245.5,247.0,240.0,240.0,-4.0,291,242.20798787580253,239.03068913885608,233.34991576633584,235.83639576873406,238.76741833820984
2010-03-31,3293,417000,102025500,240.5,247.0,240.0,245.0,5.0,333,243.13865858386836,240.11601838633678,234.36296656926316,236.10993619354798,238.8144566903743
2010-04-01,3293,272000,66254500,244.5,246.5,242.0,243.5,-1.5,235,243.2591057225789,240.73128777063917,235.15749121541418,236.33053511314355,238.84981928139035
2010-04-02,3293,217000,53242000,247.0,247.0,244.0,245.0,1.5,179,243.8394038150526,241.5074172668866,236.0133615445086,236.58932510976612,238.896235739644
2010-04-06,3293,530000,132177000,250.0,251.0,248.0,248.0,3.0,432,245.22626921003507,242.6878868547254,237.05567793194263,236.92994227066862,238.96494339443913
2010-04-07,3293,244000,60659000,249.0,250.5,246.5,249.0,1.0,214,246.4841794733567,243.83554379022988,238.09431463351282,237.29024250139494,239.0406796707075
2010-04-08,3293,450000,110580000,249.0,251.0,241.5,243.0,-6.0,369,245.32278631557114,243.6836267374608,238.5208959697291,237.46068302374135,239.07056133357008
2010-04-09,3293,252000,61226000,242.0,244.5,242.0,243.0,0.0,211,244.54852421038075,243.55933096701338,238.91038327670918,237.62603576930132,239.1002174744488
2010-04-12,3293,611000,152138500,243.0,252.0,243.0,247.5,4.5,531,245.53234947358717,244.2758162457382,239.65730647003883,237.9207809702177,239.16361205954732
2010-04-13,3293,259000,63395500,245.0,247.5,243.0,243.5,-4.0,229,244.85489964905813,244.13475874651309,239.9914537335137,238.08732482185297,239.19633951570168
2010-04-14,3293,247000,60865500,245.0,248.5,244.5,245.5,2.0,223,245.0699330993721,244.38298442896524,240.47045775668644,238.3085987077678,239.2439143118096
2010-04-15,3293,304000,74637500,248.5,248.5,244.0,244.0,-1.5,252,244.71328873291472,244.3133508964261,240.7773744734963,238.47849128365533,239.27980929813555
2010-04-16,3293,252000,61863000,244.0,248.0,243.5,243.5,-0.5,228,244.30885915527648,244.16546891525772,241.01412451927925,238.6283870662328,239.31165979399867
2010-04-19,3293,514000,123854500,243.5,246.0,237.0,237.0,-6.5,424,241.87257277018432,242.86265638521087,240.66507021325498,238.57977849709152,239.29421330498735
2010-04-20,3293,298000,71649500,240.0,242.5,238.0,239.0,2.0,250,240.9150485134562,242.16035522426344,240.52028149905888,238.5923224225515,239.29199282721387
2010-04-21,3293,288000,69991500,242.5,244.0,241.5,243.0,4.0,233,241.61003234230415,242.313017910761,240.7359091947929,238.72389488754996,239.3199777870085
2010-04-22,3293,617000,152122500,242.0,248.0,241.5,248.0,5.0,541,243.7400215615361,243.347014654259,241.3675692648109,239.0007935476231,239.38548738861599
2010-04-23,3293,1497000,384283500,251.5,261.0,250.0,256.0,8.0,1205,247.82668104102407,245.64755744439373,242.6399545461317,239.5082325462015,239.51087993662642
2010-04-26,3293,876000,225446000,260.0,262.0,253.5,255.0,-1.0,664,250.2177873606827,247.34800154541304,243.71474110733763,239.97067336571786,239.62777895597264
2010-04-27,3293,328000,83052500,255.0,256.0,251.5,252.5,-2.5,284,250.9785249071218,248.28472853715613,244.4786766632213,240.34468311599494,239.72492779404078
2010-04-28,3293,429000,107156500,249.0,251.5,247.5,251.0,-1.5,362,250.98568327141453,248.7784142576732,245.0457482577238,240.6627522767115,239.81002267861405
2010-04-29,3293,1121000,288564500,253.0,262.0,252.0,260.0,9.0,891,253.99045551427636,250.8187025744599,246.34611797444347,241.23998355203355,239.96239986594526
2010-04-30,3293,780000,200713500,262.0,264.0,252.0,252.5,-7.5,660,253.49363700951758,251.1243930154672,246.8812381505788,241.5761034460027,240.0570232631834
2010-05-03,3293,361000,91694000,256.0,256.0,250.5,255.0,2.5,322,253.99575800634506,251.8290488308368,247.58721744183282,241.97681677597276,240.16980044610276
2010-05-04,3293,539000,136802000,258.0,258.0,251.5,252.0,-3.0,436,253.33050533756338,251.86013086159375,247.97093766428213,242.27601627519746,240.25908497103782
2010-05-05,3293,840000,204198500,247.0,249.5,239.0,240.0,-12.0,674,248.8870035583756,249.70374343221306,247.27781264999672,242.20807549086322,240.25712961276585
2010-05-06,3293,643000,152241500,240.0,242.0,232.0,232.0,-8.0,526,243.2580023722504,246.4848809899925,245.94930720217093,241.90335681949418,240.1948116534242
2010-05-07,3293,602000,135170000,226.0,229.0,219.0,228.0,-4.0,506,238.17200158150027,243.12399353726659,244.38849788024302,241.48833124279287,240.10277533905875
2010-05-10,3293,275000,63268500,230.0,233.0,225.0,232.0,4.0,238,236.1146677210002,241.10144925776356,243.3112371950045,241.20509747435128,240.0416223176319
2010-05-11,3293,698000,166187500,238.0,241.0,235.0,238.5,6.5,571,236.9097784806668,240.62845848362474,242.89286874326498,241.12434829601244,240.0299874322158
2010-05-12,3293,216000,51137000,238.5,241.0,234.0,234.5,-4.0,199,236.1065189871112,239.51419330478387,242.1630540699376,240.92660655583296,239.98825167801039
2010-05-13,3293,202000,47701500,238.5,238.5,234.5,235.5,1.0,179,235.90434599140747,238.78433997664135,241.58365806385606,240.76461830043496,239.9543780804405
2010-05-14,3293,280000,65476000,235.0,235.5,232.5,233.0,-2.5,224,234.93623066093832,237.7326417990702,240.8372530148251,240.5328386496757,239.9018922081353
2010-05-17,3293,319000,72598500,230.5,232.0,225.5,226.0,-7.0,260,231.95748710729222,235.59943419923925,239.54705710049248,240.0990225705809,239.79697226694182
2010-05-18,3293,206000,46961000,228.0,229.5,226.0,229.0,3.0,180,230.97165807152814,234.39953707210483,238.62992170044964,239.7677084639964,239.7154856837951
2010-05-19,3293,183000,41870500,226.0,232.0,225.0,230.0,1.0,159,230.64777204768544,233.59962124081304,237.8794937264975,239.47613507701143,239.64216126354003
2010-05-20,3293,757000,176774500,230.0,237.0,228.0,228.0,-2.0,605,229.76518136512362,232.58150828793794,237.0204073154977,239.13356388068274,239.55429589551332
2010-05-21,3293,414000,92039000,220.0,226.0,220.0,223.0,-5.0,339,227.5101209100824,230.83941587194923,235.80124146197616,238.65196495887133,239.42935781328302
2010-05-24,3293,173000,38881500,225.0,228.0,223.0,224.0,1.0,166,226.3400806067216,229.595885713413,234.7750465522391,238.21459287054682,239.31290982978655
2010-05-25,3293,362000,79538000,227.0,227.0,214.0,217.5,-6.5,328,223.39338707114774,227.39663376551974,233.27286859117484,237.59624681470962,239.14828409522212
2010-05-26,3293,259000,56828500,217.5,221.0,217.5,221.0,3.5,216,222.59559138076517,226.23360944451616,232.20566262672486,237.1008364620317,239.0113159133714
2010-05-27,3293,166000,37138500,221.0,226.0,220.0,226.0,5.0,157,223.73039425384346,226.19113500005867,231.66603978961834,236.76946820943374,238.91311730270445
2010-05-28,3293,355000,81376500,229.5,232.0,226.5,226.5,0.5,293,224.65359616922896,226.24729227277527,231.2168189383472,236.4629169195999,238.8194333985331
2010-05-31,3293,199000,45619000,226.5,231.0,226.0,230.5,4.0,179,226.60239744615265,227.0205118595434,231.1544868567518,236.28491939961185,238.7566452219404
2010-06-01,3293,944000,223434000,230.5,241.5,230.5,237.5,7.0,771,230.23493163076844,228.92587333962643,231.7062706083386,236.32119046231,238.74716110705782
2010-06-02,3293,330000,77074500,237.0,237.0,231.0,231.5,-6.0,269,230.65662108717896,229.39389636878528,231.68833403370047,236.17727432910672,238.69246555153285
2010-06-03,3293,289000,67402500,235.5,235.5,231.5,232.0,0.5,208,231.10441405811932,229.8677333926425,231.71543542207434,236.052579573014,238.641956377559
2010-06-04,3293,291000,66674000,232.0,233.5,226.0,227.5,-4.5,243,229.90294270541287,229.43723641216204,231.34887582015483,235.79727869023745,238.55786614074725
2010-06-07,3293,305000,67119500,220.0,223.5,218.0,220.0,-7.5,248,226.6019618036086,227.72137524631438,230.36201705318484,235.3257181323199,238.41780677364727
2010-06-08,3293,205000,45232000,220.0,224.0,219.0,224.0,4.0,174,225.73464120240573,227.0447615651663,229.80879817899486,234.9876369940417,238.30899313761975
2010-06-09,3293,196000,43243000,221.0,224.0,218.5,220.0,-4.0,169,223.82309413493715,225.76389582604517,228.95585920690834,234.54024484496583,238.17081205733584
2010-06-10,3293,235000,51277000,221.0,223.0,215.0,220.0,0.0,195,222.54872942329143,224.71591476676423,228.17708884109024,234.1062076854146,238.03367385312953
2010-06-11,3293,176000,39106500,223.0,223.5,221.5,221.5,1.5,145,222.19915294886096,224.13120299098892,227.59647242012588,233.72990297838732,237.90889140895496
2010-06-14,3293,86000,19172500,224.5,224.5,221.5,223.0,1.5,77,222.4661019659073,223.92552971990003,227.19677916620188,233.40960736709218,237.79637147379304
2010-06-15,3293,135000,30059000,224.0,224.0,222.0,222.0,-1.0,101,222.31073464393822,223.57543340719093,226.74488532566258,233.06902207255212,237.67715357587764
2010-06-17,3293,134000,29986500,224.0,224.5,222.5,223.5,1.5,125,222.70715642929216,223.5617182422471,226.4627213843006,232.78337962262518,237.57015619039933
2010-06-18,3293,72000,16073500,223.5,225.0,222.0,223.0,-0.5,65,222.80477095286145,223.45958765274764,226.16161517697012,232.49133843986024,237.4601927474529
2010-06-21,3293,284000,64358500,224.5,228.5,223.5,228.0,5.0,219,224.5365139685743,224.28511717042988,226.3214747267988,232.3572686356853,237.38879506634007
2010-06-22,3293,159000,36241500,228.0,229.0,227.0,227.5,-0.5,140,225.5243426457162,224.86964132126081,226.42395518533806,232.21227554208275,237.31416265074503
2010-06-23,3293,236000,53074000,226.5,227.0,224.0,224.0,-3.5,194,225.01622843047747,224.7115247173952,226.21317647356952,231.96713298858774,237.21367840432433
2010-06-24,3293,87000,19544000,224.0,225.5,223.5,225.5,1.5,78,225.17748562031832,224.854883859687,226.15116112804174,231.77408424265974,237.1252732842917
2010-06-25,3293,87000,19509500,224.0,226.0,223.0,225.0,-0.5,81,225.11832374687887,224.8812686124712,226.05106016038593,231.5718727727296,237.03376178780647
2010-06-28,3293,117000,26618000,226.0,229.0,225.5,226.0,1.0,102,225.41221583125258,225.0846743192946,226.04662014643932,231.4055482123496,236.95048811393625
2010-06-29,3293,108000,24356500,227.0,228.0,223.5,223.5,-2.5,94,224.7748105541684,224.7965517157865,225.82517491631415,231.1695616985481,236.84897499609522
2010-06-30,3293,250000,54645000,218.0,220.0,217.0,220.0,-3.5,200,223.18320703611226,223.92445140382532,225.31863796706944,230.83614194635265,236.721812920653
2010-07-01,3293,130000,28591000,219.5,222.0,218.5,220.0,0.0,97,222.12213802407484,223.210914784948,224.8561477090634,230.51267502258094,236.59561055898772
2010-07-02,3293,121000,26618000,221.0,221.0,219.0,220.0,0.0,104,221.41475868271655,222.62711209677562,224.4338739952318,230.19886382787703,236.47036066797648
2010-07-05,3293,114000,25134000,220.5,223.0,219.0,222.5,2.5,82,221.7765057884777,222.60400080645277,224.26571103912468,229.96904699719414,236.36492398368986
2010-07-06,3293,275000,62423000,223.0,229.5,221.0,229.5,7.0,240,224.35100385898514,223.85781884164317,224.72086660093993,229.9550455942928,236.31311323664315
2010-07-07,3293,394000,88367000,229.5,230.0,221.5,222.5,-7.0,319,223.73400257265675,223.61094268861714,224.52774776607558,229.7325069198363,236.2088633254232
2010-07-08,3293,251000,56066000,224.0,225.0,222.0,224.0,1.5,200,223.82266838177117,223.68168038159584,224.48185665598206,229.56138731028895,236.11672096070302
2010-07-09,3293,731000,168858500,224.5,234.0,224.5,230.5,6.5,621,226.04844558784745,224.92137485766932,225.00517346850535,229.58940559953405,236.0743306138298
2010-07-12,3293,243000,56052000,232.0,234.0,229.0,229.0,-1.5,212,227.03229705856498,225.6629430653658,225.35254968863532,229.57181140253303,236.0209394393858
2010-07-13,3293,208000,47470000,231.0,232.0,225.5,226.0,-3.0,181,226.68819803904333,225.7242261443902,225.40884971571052,229.46519016663652,235.94530970776782
2010-07-14,3293,263000,59846000,230.0,230.0,226.5,227.0,1.0,201,226.7921320260289,225.95618502722834,225.54721060999657,229.39160240046826,235.87779793638845
2010-07-15,3293,255000,57737500,226.0,228.5,225.0,225.0,-2.0,205,226.19475468401927,225.78233320409592,225.49962707869253,229.26050979149906,235.79570134818928
2010-07-16,3293,430000,95673000,225.0,226.5,220.0,221.0,-4.0,340,224.46316978934618,224.91281807607848,225.10835515880623,229.01392740966327,235.6840356776369
2010-07-19,3293,757000,165057000,218.0,219.5,216.0,216.0,-5.0,510,221.64211319289745,223.29230569860965,224.31632427543178,228.62545196459868,235.53547691780568
2010-07-20,3293,501000,100303000,199.0,202.0,198.0,202.0,0.0,427,215.0947421285983,219.42097738977154,222.3757743384377,227.83066235371513,235.28237897880337
2010-07-21,3293,336000,67849000,202.0,204.0,200.0,201.0,-1.0,254,210.39649475239887,216.07170877344944,220.5170113524866,227.0297470595744,235.02364404311427
2010-07-22,3293,171000,34067500,201.0,202.0,198.0,198.0,-3.0,138,206.26432983493257,212.78594354191318,218.55901036531387,226.16318744585575,234.744220314487
2010-07-23,3293,115000,22969500,199.5,201.0,199.0,199.0,1.0,106,203.84288655662172,210.27940835247443,216.85822685528657,225.35234602956155,234.4744526140003
2010-07-26,3293,169000,33781500,202.0,202.0,198.5,200.0,1.0,135,202.56192437108115,208.4104250156609,215.39229408526165,224.59555958091792,234.21426806597012
2010-07-27,3293,194000,38515500,200.0,200.5,197.5,198.0,-2.0,120,201.0412829140541,206.5176204673589,213.87992068654324,223.80166227999499,233.94095283528355
2010-07-28,3293,146000,28922500,198.0,199.0,197.5,197.5,-0.5,126,199.86085527603606,204.8780531096573,212.45557975727863,223.01653803283097,233.66592677614935
2010-07-29,3293,178000,35001000,197.5,198.0,196.0,196.0,-1.5,148,198.57390351735737,203.26386163517415,211.02465977838483,222.2100742109554,233.38165563066897
2010-07-30,3293,163000,32367000,194.5,201.0,194.5,197.5,1.5,132,198.21593567823825,202.2158867924152,209.84860240635138,221.4724600554045,233.110850682513
2010-08-02,3293,111000,22049500,199.5,200.0,198.0,198.0,0.5,94,198.1439571188255,201.44936192106698,208.81828915362516,220.77178960598943,232.84586313019213
2010-08-03,3293,186000,36844000,199.5,199.5,197.0,197.0,-1.0,145,197.762638079217,200.64038702632752,207.7906118359186,220.06218394610914,232.5753283141152
2010-08-04,3293,181000,35547000,198.0,198.0,195.0,195.0,-2.0,126,196.841758719478,199.6148621124498,206.67838471975176,219.31405905219543,232.29174093061246
2010-08-05,3293,188000,36896000,195.0,198.5,195.0,195.0,0.0,161,196.22783914631867,198.77579627382255,205.66287300499073,218.5882662446672,232.01029382924935
2010-08-06,3293,284000,54781500,197.5,197.5,191.0,191.0,-4.0,244,194.4852260975458,197.36201513312753,204.38784056977414,217.7647359090055,231.70078217770785
2010-08-09,3293,1056000,192157500,190.0,190.0,179.0,180.0,-11.0,819,189.65681739836387,194.2052851089225,202.26715878109812,216.63743035948295,231.31058759523458
2010-08-10,3293,387000,69023500,180.0,181.5,176.0,176.0,-4.0,345,185.1045449322426,190.8952332709366,199.98305801752437,215.42437273681182,230.89314919828942
2010-08-11,3293,827000,140894000,176.0,176.0,167.5,169.5,-6.5,625,179.90302995482838,187.00519085803901,197.33235732034834,214.05349593869803,230.42980467603817
2010-08-12,3293,379000,63398000,169.0,169.0,166.0,168.0,-1.5,304,175.93535330321893,183.54970161112283,194.78171755336152,212.67876471664735,229.95863633886052
2010-08-13,3293,379000,65571000,168.5,174.5,168.5,173.5,5.5,328,175.1235688688126,181.72248313637323,192.9311334182866,211.5092493519713,229.53253342309554
2010-08-16,3293,252000,43349000,173.5,174.0,170.5,172.5,-1.0,191,174.24904591254173,180.045668020669,191.1545131210443,210.34479414743484,229.10209920858162
2010-08-17,3293,363000,64195500,173.0,179.0,173.0,177.0,4.5,319,175.16603060836115,179.4919101987292,189.92368589312738,209.34942715795918,228.70887581832818
2010-08-18,3293,254000,44475500,179.0,179.0,173.5,175.0,-2.0,224,175.11068707224078,178.6751992535057,188.6259740763337,208.32407112339322,228.30352581215212
2010-08-19,3293,125000,21947000,175.0,178.0,175.0,175.5,0.5,113,175.24045804816052,178.09789029832285,187.48458502621773,207.34424810478447,227.90500863621133
2010-08-20,3293,103000,17869500,175.0,175.0,173.0,174.0,-1.5,85,174.82697203210702,177.35281933499144,186.31201241524226,206.3488974150894,227.49817838235313
2010-08-23,3293,119000,20663000,174.0,175.0,173.0,174.0,0.0,106,174.55131468807136,176.74321581953845,185.2414026400038,205.38325868628075,227.0944185455052
2010-08-24,3293,106000,18477000,173.5,175.0,173.5,173.5,-0.5,88,174.20087645871425,176.153540215986,184.22041110609044,204.43151962101865,226.68993236780327
2010-08-25,3293,263000,44631500,173.0,173.0,167.0,167.0,-6.5,200,171.8005843058095,174.48926017671582,182.7229840533869,203.3141608263614,226.2394423121972
2010-08-26,3293,305000,51656000,169.5,171.0,167.0,170.0,3.0,232,171.20038953720635,173.67303105367657,181.61663761396196,202.31970826438044,225.81499369097307
2010-08-27,3293,163000,27480000,170.0,170.0,168.0,168.0,-2.0,122,170.13359302480424,172.641570862099,180.4325821692696,201.2952393609661,225.37865411594686
2010-08-30,3293,149000,25522500,172.0,173.0,169.0,170.5,2.5,130,170.25572868320282,172.25219434171737,179.56887937194182,200.37597848451935,224.96447559431707
2010-08-31,3293,334000,54981000,170.5,170.5,161.5,161.5,-9.0,254,167.33715245546855,170.29724991595057,177.99767247003385,199.2155015148322,224.48549842002032
2010-09-01,3293,413000,65930500,161.5,161.5,156.5,157.0,-4.5,267,163.89143497031236,167.87956811305048,176.1717879074222,197.95533729050885,223.9761739036428
2010-09-02,3293,165000,26218000,160.5,161.0,157.5,159.0,2.0,147,162.26095664687492,166.26510118340494,174.6785889589507,196.79249140123994,223.4857876855021
2010-09-03,3293,453000,75684500,160.0,170.0,160.0,169.0,10.0,383,164.50730443124993,166.76235551369496,174.18479861469413,195.9628647922477,223.07457419353602
2010-09-06,3293,189000,31339500,168.0,169.0,164.0,165.0,-4.0,178,164.67153628749995,166.4419272384777,173.38612047428595,195.0386001715836,222.63627552037727
2010-09-07,3293,378000,64224000,169.0,172.0,168.0,168.5,3.5,335,165.9476908583333,166.8161222860272,172.96124043304368,194.24640315153633,222.22769985607255
2010-09-08,3293,192000,32235500,168.5,169.0,165.5,168.0,-0.5,161,166.63179390555553,167.03137277947678,172.52982822147467,193.46292843059496,221.81843419678142
2010-09-09,3293,130000,21911000,170.0,170.0,167.0,167.5,-0.5,112,166.92119593703703,167.11657772866283,172.0924518543899,192.68791564162197,221.40848375001326
2010-09-10,3293,98000,16418500,169.0,169.0,166.0,167.5,0.0,85,167.11413062469134,167.18629086890596,171.69310821487775,191.93603756276758,221.0016272688811
2010-09-13,3293,109000,18347500,169.0,170.0,167.5,167.5,0.0,99,167.24275374979422,167.24332889274123,171.3284901092362,191.20660360567004,220.59784140270085
2010-09-14,3293,91000,15316500,168.0,169.0,167.5,168.0,0.5,77,167.49516916652948,167.38090545769737,171.03905618669393,190.51386916967988,220.20087656192575
2010-09-15,3293,200000,33047500,168.0,168.0,164.0,165.5,-2.5,182,166.8301127776863,167.03892264720693,170.5573991269814,189.7671865078984,219.7880397576848
2010-09-16,3293,100000,16489500,165.0,166.5,163.5,163.5,-2.0,94,165.72007518512422,166.39548216589657,169.94371224637433,188.98309138825965,219.36322436328717
2010-09-17,3293,170000,27627500,164.0,164.5,161.0,163.0,-0.5,156,164.81338345674948,165.7781217720972,169.33991118147222,188.2074767199534,218.93784153790386
2010-09-20,3293,60000,9721500,162.0,162.5,161.5,162.0,-1.0,59,163.8755889711663,165.0911905408068,168.70165803525725,187.42516398204435,218.50812197912722
2010-09-21,3293,88000,14332500,162.0,164.0,162.0,162.5,0.5,81,163.41705931411087,164.62006498793284,168.16238342349575,186.68112923631168,218.08541917173758
2010-09-23,3293,88000,14292500,162.5,163.5,161.0,163.5,1.0,83,163.44470620940726,164.4164168083087,167.75695877797438,185.9891552292576,217.67345374402635
2010-09-24,3293,92000,15103500,163.5,165.0,163.5,164.5,1.0,89,163.79647080627151,164.43161375225256,167.473744971194,185.34768790898124,217.27214465916578
2010-09-27,3293,168000,27748500,166.0,166.0,164.5,165.5,1.0,130,164.36431387084767,164.62586579729754,167.30211497369888,184.75521961319075,216.8814114919268
2010-09-28,3293,96000,15938500,168.0,168.0,165.0,166.0,0.5,83,164.9095425805651,164.87570837960706,167.1888875846816,184.19536231130445,216.49740083915754
2010-09-29,3293,88000,14633000,166.0,167.0,165.5,166.5,0.5,80,165.43969505371007,165.1710341287694,167.12898431644842,183.66714254081776,216.12006196489975
2010-09-30,3293,111000,18379000,166.5,166.5,164.0,165.0,-1.5,101,165.2931300358067,165.1399370144477,166.9438552454529,183.10991440527096,215.7342501764854
2010-10-01,3293,86000,14139500,164.0,165.5,164.0,164.0,-1.0,58,164.8620866905378,164.93267573909358,166.68786783280484,182.53946919914347,215.34380300534212
2010-10-04,3293,104000,16932000,164.0,165.5,162.0,162.0,-2.0,82,163.90805779369188,164.3994619683493,166.28022715169138,181.92635071558695,214.94120826567917
2010-10-05,3293,131000,20961500,161.0,162.5,158.5,160.0,-2.0,102,162.60537186246125,163.5995597922858,165.73412044284865,181.2718327837784,214.52655763725895
2010-10-06,3293,82000,13226500,161.5,163.0,160.0,160.0,0.0,76,161.73691457497418,162.94509437550656,165.2355012739053,180.63685270068052,214.1150364475438
2010-10-07,3293,66000,10594500,161.0,161.5,160.0,160.0,0.0,55,161.15794304998278,162.409622670869,164.7802402935657,180.02082724692886,213.70662107812836
2010-10-08,3293,63000,10053500,160.0,160.0,159.0,159.0,-1.0,53,160.43862869998853,161.78969127616554,164.27761070282085,179.39333986642353,213.29374091904816
2010-10-11,3293,126000,19834500,160.0,161.0,155.5,156.0,-3.0,79,158.95908579999235,160.73702013504453,163.55781846779294,178.69503121369448,212.8613353272063
2010-10-12,3293,130000,20380500,157.5,158.0,156.0,157.0,1.0,112,158.3060571999949,160.0575619286728,162.98757338363703,178.0474183416439,212.43974034360474
2010-10-13,3293,109000,17348500,160.5,160.5,158.0,159.0,2.0,104,158.53737146666327,159.86527794164138,162.64082787201642,177.4788386896545,212.03642154855868
2010-10-14,3293,88000,14137000,161.0,161.5,160.0,161.0,2.0,75,159.35824764444217,160.07159104316113,162.49814718749326,176.98693305712752,211.65124100856954
2010-10-15,3293,93000,14783000,161.0,161.0,157.5,158.0,-3.0,85,158.90549842962812,159.69493812622275,162.1070039537982,176.42015893601922,211.2463259820898
2010-10-18,3293,124000,19138000,158.5,158.5,153.0,153.5,-4.5,111,157.1036656197521,158.5685857396368,161.35856882738096,175.73597508718282,210.81050465392306
2010-10-19,3293,151000,23079000,153.5,154.0,151.5,153.0,-0.5,111,155.73577707983472,157.55611560515737,160.6317367554348,175.05728926368482,210.37419895842174
2010-10-20,3293,149000,23231000,151.5,158.5,151.0,156.0,3.0,135,155.82385138655647,157.27318549512876,160.2289770375709,174.48841495730616,209.963827645528
2010-10-21,3293,77000,11923500,157.0,157.0,153.5,153.5,-2.5,65,155.0492342577043,156.5871517687417,159.64384859952125,173.86189510783433,209.53768555009006
2010-10-22,3293,138000,21336500,153.5,157.0,152.0,155.5,2.0,134,155.1994895051362,156.38948781078867,159.28351393869332,173.3137788359587,209.12985396103278
2010-10-25,3293,91000,14179500,157.0,157.0,155.0,157.0,1.5,78,155.7996596700908,156.5004900270089,159.08494750924172,172.8268003632435,208.7364211009495
2010-10-26,3293,68000,10559000,157.0,157.0,154.0,155.0,-2.0,66,155.5331064467272,156.22767365846184,158.72973468235114,172.29465706881834,208.330863205848
2010-10-27,3293,82000,12634000,155.0,155.0,153.0,153.0,-2.0,62,154.68873763115147,155.64082390237786,158.23149688388582,171.7186971563163,207.9132717854265
2010-10-28,3293,78000,12038500,153.0,155.5,153.0,155.5,2.5,69,154.95915842076764,155.61521955649098,157.99397541572185,171.23455694269492,207.517699922895
2010-10-29,3293,211000,33397500,157.5,159.0,156.5,158.0,2.5,193,155.97277228051175,156.04881600076536,157.99449929261561,170.83949554142043,207.1439814329109
2010-11-01,3293,213000,34180500,159.0,163.0,159.0,163.0,5.0,172,158.31518152034116,157.31266763698983,158.4297602236925,170.60548074913922,206.8108193088889
2010-11-02,3293,1091000,187251500,163.0,174.0,163.0,169.0,6.0,759,161.87678768022744,159.43763715753713,159.34891150858883,170.55755595065745,206.52545463485956
2010-11-03,3293,428000,72095000,171.0,172.5,166.0,168.0,-1.0,385,163.91785845348497,160.9944304016213,160.10118007305937,170.48121099690647,206.23469648667194
2010-11-04,3293,334000,56858000,169.0,171.5,167.0,171.0,3.0,287,166.2785723023233,162.81362487405377,161.04890354496726,170.4966972358048,205.96877424903667
2010-11-05,3293,331000,56664000,173.0,173.5,169.0,169.5,-1.5,293,167.3523815348822,164.02932944240763,161.78378149757881,170.4669450795121,205.69353821696848
2010-11-08,3293,168000,28302500,170.0,170.0,166.5,166.5,-3.0,143,167.06825435658814,164.47854227106077,162.1938874543111,170.3485288084819,205.39773792853853
2010-11-09,3293,112000,18583000,166.5,168.0,165.0,165.5,-1.0,95,166.5455029043921,164.66426185814063,162.4813755017623,170.2037966052436,205.09662292530427
2010-11-10,3293,220000,36994000,167.0,170.0,164.0,169.0,3.5,188,167.36366860292807,165.45257788393326,163.04821241465254,170.1678623782214,204.8241955824718
2010-11-11,3293,215000,36758500,170.0,172.0,170.0,170.5,1.5,181,168.40911240195206,166.3702909959454,163.6961939438132,170.1777769340954,204.5651450497739
2010-11-12,3293,252000,43217500,170.5,173.0,169.0,171.5,1.0,215,169.43940826796805,167.30296536031895,164.37478577478598,170.21724627934628,204.3155967852473
2010-11-15,3293,93000,15872500,171.5,172.0,169.0,169.0,-2.5,89,169.29293884531202,167.61151711298822,164.77697831610894,170.18091056951505,204.0490639793209
2010-11-16,3293,118000,20208000,169.0,172.0,169.0,169.5,0.5,105,169.36195923020802,167.95487763789944,165.18767585383858,170.16058488087282,203.78831632664676
2010-11-17,3293,99000,16774500,169.0,170.5,168.5,169.5,0.0,86,169.40797282013867,168.23580897646318,165.56266056220045,170.14086592920498,203.52953658078528
2010-11-18,3293,78000,13121000,170.0,170.0,167.0,167.5,-2.0,73,168.77198188009245,168.10202552619714,165.73112486113953,170.06203411042273,203.2576155499869
2010-11-19,3293,87000,14620000,168.0,169.5,167.0,167.5,0.0,75,168.34798792006163,167.99256633961585,165.88494009060565,169.98555548026087,202.98774675338322
2010-11-22,3293,55000,9222500,169.0,169.0,166.5,167.0,-0.5,52,167.8986586133744,167.81209973241297,165.98190182185735,169.8964344211486,202.71614111750864
2010-11-23,3293,70000,11695000,167.5,168.5,165.0,167.0,0.0,64,167.5991057422496,167.66444523561063,166.07043209821757,169.80997369215908,202.44658533548971
2010-11-24,3293,119000,19697500,166.0,167.0,165.0,165.5,-1.5,100,166.8994038281664,167.2709097382269,166.02082930706823,169.68131776104985,202.16774318201433
2010-11-25,3293,114000,19200500,166.5,169.5,166.5,168.0,2.5,99,167.2662692187776,167.4034716040038,166.19293110645359,169.63112917116777,201.90987342215007
2010-11-26,3293,148000,24719000,168.5,168.5,166.0,166.0,-2.0,123,166.84417947918507,167.14829494873038,166.1761544885011,169.52273725561054,201.63885550953006
2010-11-29,3293,104000,17482000,168.0,169.5,167.5,167.5,1.5,82,167.0627863194567,167.21224132168848,166.291271489501,169.46235703902514,201.38120376983548
2010-11-30,3293,468000,80088500,168.0,172.5,167.5,172.0,4.5,403,168.70852421297113,168.0827428995633,166.787682664327,169.53810757517363,201.1594588357235
2010-12-01,3293,230000,39301500,172.0,173.0,169.5,171.0,-1.0,178,169.47234947531408,168.61315328146088,167.15397112829856,169.5817461550192,200.93184027847278
2010-12-02,3293,141000,24034500,172.0,172.0,169.5,169.5,-1.5,117,169.48156631687604,168.7743981393771,167.3579736388813,169.57930597128728,200.69461884240883
2010-12-03,3293,173000,29554500,171.5,172.0,170.0,170.5,1.0,140,169.8210442112507,169.08814393221763,167.63119332245685,169.60678937512947,200.46673492661705
2010-12-06,3293,186000,31512000,170.5,171.0,168.5,169.0,-1.5,158,169.54736280750046,169.0721177627235,167.7502199900693,169.58867625945396,200.22925013471806
2010-12-07,3293,111000,18698000,169.0,169.5,168.0,168.0,-1.0,95,169.0315752050003,168.87718726041015,167.77193999093285,169.54125308752995,199.98601051105982
2010-12-08,3293,141000,23563000,168.0,168.0,166.5,166.5,-1.5,124,168.18771680333353,168.44497139488104,167.66133651346044,169.45046941327533,199.73328590342916
2010-12-09,3293,94000,15710000,168.0,168.0,166.0,167.0,0.5,87,167.79181120222236,168.18224932308448,167.60382899055082,169.37732107258054,199.48624223623347
2010-12-10,3293,93000,15640000,167.0,170.0,167.0,167.5,0.5,88,167.69454080148157,168.05820399161456,167.59480038267685,169.32128163757812,199.24483663445056
2010-12-13,3293,237000,40387500,168.0,171.5,168.0,171.5,4.0,208,168.9630272009877,168.6839850840483,167.93438295809625,169.38631800660565,199.035441640983
2010-12-14,3293,161000,27311000,172.0,172.0,168.5,168.5,-3.0,145,168.80868480065848,168.65053325058497,167.98356704869659,169.35986075267712,198.80498547765484
2010-12-15,3293,148000,24927000,168.0,170.0,167.5,169.0,0.5,114,168.87245653377232,168.71407265956952,168.07195252272297,169.3491186406569,198.58004219103103
2010-12-16,3293,221000,37618000,171.0,171.0,169.0,169.5,0.5,189,169.08163768918155,168.8569685396478,168.1961305642253,169.35362256183134,198.36057017449494
2010-12-17,3293,134000,22728500,170.5,171.0,168.0,168.0,-1.5,118,168.7210917927877,168.70115607789364,168.17907573255354,169.3132159181946,198.1314337958195
2010-12-20,3293,99000,16566000,168.0,169.0,166.5,166.5,-1.5,94,167.98072786185847,168.30094588191298,168.0330691471141,169.22923932362164,197.8927059935869
2010-12-21,3293,134000,22415000,166.5,168.0,166.5,167.5,1.0,103,167.82048524123897,168.1553193579288,167.9867153082346,169.17762023933443,197.66332708042776
2010-12-22,3293,95000,16015500,168.0,169.5,168.0,168.5,1.0,87,168.04699016082597,168.2179885655781,168.03134875969246,169.15739276950356,197.4432264986887
2010-12-23,3293,117000,19703000,170.0,170.0,167.5,167.5,-1.0,104,167.8646601072173,168.08744519001846,167.9851445197192,169.1079183584736,197.21723988360424
2010-12-24,3293,83000,13873500,167.5,168.5,166.5,167.0,-0.5,73,167.5764400714782,167.88972788274236,167.89947977887405,169.04499542239975,196.98918524297326
2010-12-27,3293,173000,28651500,166.5,167.0,165.0,165.5,-1.5,130,166.88429338098547,167.45523190406195,167.69082936331978,168.93917466352215,196.7515310147244
2010-12-28,3293,133000,21916500,165.5,166.0,164.0,164.0,-1.5,97,165.9228622539903,166.82700792150524,167.36988767955285,168.79173661386477,196.50434964857556
2010-12-29,3293,311000,50417000,164.0,165.5,160.0,160.0,-4.0,243,163.94857483599353,165.58573375395883,166.72902788133086,168.52929671494343,196.22884512292592
2010-12-30,3293,183000,29265500,161.5,162.0,159.0,159.0,-1.0,129,162.29904989066236,164.38832761687542,166.05693850034558,168.2448400965869,195.94787270690384
2010-12-31,3293,209000,33284500,160.0,161.5,158.5,159.0,0.0,155,161.1993665937749,163.40863168653442,165.44329167422856,167.96887472056937,195.66902083741778
2011-01-03,3293,115000,18359000,161.0,161.5,159.0,159.5,0.5,89,160.6329110625166,162.6979713798918,164.9264837025565,167.7160724901046,195.39604709524858
2011-01-04,3293,195000,31006000,159.5,160.5,158.0,158.0,-1.5,171,159.75527404167772,161.84379476536603,164.32418077189942,167.42604047547462,195.1138127775486
2011-01-05,3293,122000,19188000,158.0,159.0,156.0,157.0,-1.0,108,158.83684936111848,160.96310480802674,163.68729548738642,167.11481538665447,194.82616136035955
2011-01-06,3293,57000,8984500,158.0,158.5,157.0,157.5,0.5,51,158.39123290741233,160.3334493883855,163.1492697928311,166.82780597212746,194.54445448216816
2011-01-07,3293,137000,21767500,158.5,160.0,157.5,158.5,1.0,123,158.42748860494154,160.0000949541336,162.7449854630197,166.5792147490789,194.27242086343483
2011-01-10,3293,277000,45111000,160.0,164.0,159.0,162.0,3.5,242,159.6183257366277,160.36371405338204,162.6802041184093,166.44252177149446,194.02885542295607
2011-01-11,3293,124000,19901500,162.5,162.5,160.0,160.0,-2.0,109,159.74555049108514,160.2975842254944,162.44714289072155,166.25020768876328,193.77203387259414
2011-01-12,3293,89000,14229000,160.0,161.5,159.0,159.5,-0.5,75,159.6637003273901,160.15256891176816,162.1908695958762,166.04870895178527,193.51337701317834
2011-01-13,3293,181000,28750000,159.5,161.0,158.0,158.0,-1.5,140,159.1091335515934,159.76119274599213,161.82644615275652,165.80844898307527,193.24535152628644
2011-01-14,3293,115000,18202500,158.0,161.0,157.0,157.0,-1.0,105,158.4060890343956,159.2591577012663,161.4067551829516,165.5455102074611,192.97180170344654
2011-01-17,3293,318000,49099000,157.0,158.5,153.0,153.0,-4.0,263,156.60405935626372,158.1211290283088,160.6757329931297,165.17101736544734,192.6701277283262
2011-01-18,3293,130000,19961500,153.0,154.5,152.5,153.5,0.5,115,155.56937290417582,157.28092375043445,160.05175621111843,164.8226287873743,192.3745041228294
2011-01-19,3293,121000,18688000,154.5,155.5,153.0,155.5,2.0,104,155.5462486027839,156.95711943217364,159.6559513231951,164.5443413608855,192.09620597850616
2011-01-20,3293,118000,18534000,155.5,161.0,154.0,161.0,5.5,98,157.36416573518926,157.69218862632388,159.77282512117813,164.43854012623223,191.86151763149857
2011-01-21,3293,160000,25434500,160.0,160.0,158.0,158.0,-3.0,152,157.57611049012618,157.74815433062864,159.61866641498872,164.24634489858352,191.6059590078646
2011-01-24,3293,88000,13767000,158.0,158.0,156.0,156.0,-2.0,80,157.0507403267508,157.43030808869617,159.3039997702071,164.00018534937206,191.33723478893734
2011-01-25,3293,82000,12835500,157.0,157.5,155.5,156.0,0.0,67,156.7004935511672,157.17025207256958,159.01669544236302,163.76137384640572,191.0705386773227
2011-01-26,3293,134000,20757000,156.0,156.0,154.5,154.5,-1.5,100,155.96699570077814,156.68475169573875,158.62393931694015,163.4849149256175,190.79453461183348
2011-01-27,3293,147000,22689500,154.0,155.5,153.5,154.5,0.0,104,155.47799713385209,156.28752411469534,158.2653358980758,163.2167085099274,190.52061359589513
2011-01-28,3293,106000,16355000,154.5,155.5,154.0,154.0,-0.5,97,154.98533142256807,155.8716106392962,157.89443712433007,162.9415828827654,190.24498632347328
2011-02-08,3293,193000,29414500,157.0,157.0,150.0,150.0,-4.0,165,153.32355428171203,154.80404506851508,157.20796433091007,162.55526697581718,189.94125057763574
2011-02-09,3293,356000,52304500,150.0,151.0,145.0,146.5,-3.5,279,151.049036187808,153.29421869242142,156.27683699778746,162.07600527504653,189.6133920827102
2011-02-10,3293,151000,22014500,146.0,147.5,145.0,145.0,-1.5,129,149.032690791872,151.78617893016298,155.2962424762407,161.56627377429888,189.27668723680296
2011-02-11,3293,272000,39425000,145.0,146.5,143.0,143.0,-2.0,209,147.021793861248,150.18869185195152,154.22700400004587,161.01205664670786,188.92742921992144
2011-02-14,3293,149000,21272000,143.5,144.0,142.0,142.0,-1.0,140,145.34786257416533,148.69983878796035,153.16378626091145,160.44453256770166,188.57325994278995
2011-02-15,3293,244000,34120500,141.0,141.0,138.0,140.5,-1.5,215,143.73190838277688,147.2089590083312,152.0625874556148,159.84917338657624,188.21044288661795
2011-02-16,3293,193000,26992500,141.0,141.0,139.0,139.0,-1.5,150,142.1546055885179,145.71642100681643,150.92671028556134,159.22681000190232,187.83904331766234
2011-02-17,3293,132000,18411000,140.0,141.0,138.5,139.0,0.0,108,141.10307039234527,144.49525355103162,149.8896050433386,158.62302462871122,187.4704467643215
2011-02-18,3293,144000,20125500,140.0,140.5,139.0,139.0,0.0,122,140.4020469282302,143.49611654175314,148.942682865657,158.03726269949595,187.1046320717606
2011-02-21,3293,180000,24855500,140.5,140.5,136.0,136.0,-3.0,155,138.93469795215347,142.1331862614344,147.81723218168682,157.37943396219757,186.71893673536994
2011-02-22,3293,608000,78757500,136.0,136.0,127.0,128.0,-8.0,454,135.28979863476897,139.56351603208267,146.09399460067058,156.50243593347525,186.2757749486879
2011-02-23,3293,521000,65256000,127.0,130.0,122.0,123.5,-4.5,373,131.35986575651265,136.6428767535222,144.12929941800357,155.5172885921775,185.8019955151129
2011-02-24,3293,293000,36651000,123.5,126.5,123.0,125.5,2.0,243,129.40657717100842,134.6168991619727,142.50936033817717,154.62125012673937,185.34688611499885
2011-02-25,3293,337000,44099500,128.0,134.0,125.0,134.0,8.5,271,130.9377181140056,134.50473567797766,141.76941596094437,154.00569042146356,184.9593624462064
2011-03-01,3293,434000,58636000,133.5,138.0,130.5,135.0,1.0,334,132.29181207600374,134.59478373652718,141.1807710947753,153.4383563790318,184.58231065415956
2011-03-02,3293,227000,31079000,133.0,138.5,132.0,137.0,2.0,191,133.86120805066915,135.03209578443133,140.81722578218614,152.94765917368758,184.2231988756376
2011-03-03,3293,128000,17450500,137.0,138.0,135.5,136.0,-1.0,93,134.5741387004461,135.20807836908017,140.3983365837352,152.44175889984615,183.85925020487807
2011-03-04,3293,214000,28888000,136.0,136.5,134.0,135.0,-1.0,152,134.71609246696406,135.17024593833833,139.92891601123648,151.92110938044775,183.49050114672804
2011-03-07,3293,89000,11908500,134.5,134.5,133.0,133.5,-1.5,69,134.31072831130936,134.86656485864046,139.36987983634634,151.37122551834483,183.11321434562066
2011-03-08,3293,166000,22437500,134.0,137.0,134.0,134.5,1.0,109,134.37381887420625,134.799916702524,138.94641202449014,150.86760684615544,182.74632216188013
2011-03-09,3293,742000,105849500,136.0,143.5,136.0,143.5,9.0,562,137.41587924947083,136.3817500293378,139.34237619627362,150.64767828358364,182.45012350405463
2011-03-10,3293,385000,55665500,146.0,146.0,142.0,143.0,-0.5,305,139.27725283298057,137.58506820582184,139.6604304400759,150.41938937959608,182.15238672289195
2011-03-11,3293,129000,18016500,141.0,141.0,138.5,140.5,-2.5,115,139.68483522198704,138.11505580476333,139.73343648876497,150.12328820408575,181.8380290872475
2011-03-14,3293,234000,31361500,137.5,138.0,131.5,132.5,-8.0,182,137.28989014799137,137.09413656753364,139.10444201148107,149.5972198994862,181.46566660357016
2011-03-15,3293,419000,53474000,132.0,134.5,123.5,125.0,-7.5,327,133.19326009866091,134.89520264616388,137.8779687930914,148.86297452935227,181.0395106292036
2011-03-16,3293,197000,25214000,125.0,130.0,125.0,130.0,5.0,171,132.12884006577394,134.0051658014068,137.19292802847477,148.29990066280445,180.65430677539828
2011-03-17,3293,216000,27926500,125.0,132.5,125.0,132.0,2.0,173,132.08589337718263,133.640590201151,136.74136906947697,147.81333646391477,180.28710446011226
2011-03-18,3293,304000,41330500,135.0,137.5,132.5,136.0,4.0,261,133.39059558478843,134.06957380094173,136.6769021938703,147.46069955454416,179.95286216230008
2011-03-21,3293,175000,23953000,137.5,138.0,135.0,138.0,2.0,143,134.92706372319228,134.78419674622504,136.791954177012,147.17829061261747,179.63623678749028
2011-03-22,3293,159000,22068500,140.0,140.0,137.0,137.0,-1.0,130,135.61804248212817,135.18707006509322,136.8100451181414,146.87446104209158,179.3144538683394
2011-03-23,3293,89000,12281500,136.5,139.5,136.5,139.5,2.5,79,136.91202832141877,135.97123914416719,137.04395423830303,146.65432787665603,179.01396742405004
2011-03-24,3293,118000,16322000,139.5,141.0,137.5,137.5,-2.0,104,137.10801888094585,136.24919566340952,137.08361039149406,146.38106435794987,178.7006544623591
2011-03-25,3293,140000,19429500,139.5,140.0,137.5,139.0,1.5,114,137.7386792539639,136.74934190642597,137.25025296614675,146.16073407860807,178.40102688151111
2011-03-28,3293,91000,12545500,140.0,140.0,136.0,136.0,-3.0,85,137.1591195026426,136.61309792343943,137.1415353169166,145.85742858372424,178.08101913146197
2011-03-29,3293,69000,9402000,136.0,138.0,135.0,135.0,-1.0,61,136.43941300176172,136.319807391905,136.95531485457602,145.53332623794142,177.75587936443208
2011-03-30,3293,57000,7736500,136.0,136.5,135.0,135.5,0.5,44,136.12627533450782,136.1707515024677,136.8287657367868,145.233823962182,177.436967067342
2011-03-31,3293,96000,13068500,135.0,137.0,135.0,136.5,1.0,84,136.25085022300522,136.2306148656554,136.80017741184884,144.97311279913177,177.12800882532434
2011-04-01,3293,126000,17428500,138.0,139.5,137.0,138.5,2.0,114,137.0005668153368,136.64323034462714,136.94798807168806,144.7798855513965,176.83647668324642
2011-04-06,3293,217000,30492500,139.0,141.5,139.0,140.0,1.5,188,138.0003778768912,137.25355210014948,137.2133804132804,144.63720240060854,176.5584655384672
2011-04-07,3293,162000,22999500,142.0,143.0,141.0,141.0,1.0,132,139.00025191792747,137.93472444557685,137.54265168169078,144.52862919462024,176.2900997608184
2011-04-08,3293,137000,19198000,142.0,142.5,138.5,138.5,-2.5,124,138.83350127861831,138.03750181910834,137.62589936154376,144.34867011418382,176.00489146073676
2011-04-11,3293,78000,10883000,138.5,140.5,138.5,140.0,1.5,60,139.22233418574555,138.39431967017956,137.83234289532257,144.21885906599923,175.73315643084442
2011-04-12,3293,76000,10536000,140.0,140.0,138.0,138.5,-1.5,63,138.98155612383036,138.41353427560145,137.89040003485974,144.04814685507387,175.45215147664936
2011-04-13,3293,60000,8317500,138.0,139.0,138.0,139.0,0.5,58,138.98770408255356,138.5201644073103,137.9868869883502,143.89745590417613,175.1770408994671
2011-04-14,3293,52000,7236000,138.5,140.0,138.5,139.5,0.5,50,139.15846938836904,138.69831633325387,138.11846203284148,143.76618856375296,174.9077802134334
2011-04-15,3293,59000,8195500,139.0,140.0,138.0,138.0,-1.5,58,138.77231292557937,138.57134972720772,138.10816098650744,143.59406353199915,174.6292309288037
2011-04-18,3293,115000,15738500,138.0,138.0,135.0,135.5,-2.5,99,137.68154195038625,138.01292250407903,137.88136437898507,143.35244969522307,174.33391597839764
2011-04-19,3293,76000,10170500,132.0,135.5,132.0,135.5,0.0,59,136.9543613002575,137.5560275033374,137.67428921559505,143.1180482117836,174.04082982007012
2011-04-20,3293,140000,19226000,135.0,139.0,134.5,136.5,1.0,123,136.802907533505,137.3640225027306,137.57217710989113,142.9204945338199,173.75750280256014
2011-04-21,3293,66000,9093500,137.5,139.0,137.0,138.0,1.5,62,137.20193835567,137.4796547749614,137.6093791003354,142.7736140999745,173.48763485688045
2011-04-22,3293,93000,12919500,138.5,140.0,138.0,138.0,0.0,85,137.46795890378,137.57426299769568,137.64334613508882,142.63111815669168,173.21980365041344
2011-04-25,3293,80000,11029000,138.5,139.0,137.5,138.0,0.0,61,137.64530593585332,137.65166972538736,137.6743595146463,142.4928758236561,172.9539938115424
2011-04-26,3293,273000,38507500,138.0,143.0,138.0,140.5,2.5,206,138.59687062390222,138.1695479571351,137.92006738293793,142.43338699309922,172.70905800919115
2011-04-27,3293,139000,19522500,143.0,143.0,139.0,139.5,-1.0,113,138.89791374926816,138.4114483285651,138.05745282789985,142.34582320226045,172.45842360912178
2011-04-28,3293,115000,16175500,140.5,142.0,139.5,140.0,0.5,95,139.26527583284545,138.7002759051896,138.22636997329985,142.27579862905864,172.21345437433595
2011-04-29,3293,135000,18924000,140.5,142.0,138.5,138.5,-1.5,123,139.01018388856363,138.66386210424605,138.25016388866507,142.16308822222106,171.95901320924662
2011-05-03,3293,143000,19688000,140.0,140.0,136.0,137.0,-1.5,119,138.34012259237576,138.36134172165586,138.1414539853029,142.00896618573685,171.69517160012023
2011-05-04,3293,74000,10273000,137.0,139.5,137.0,139.0,2.0,70,138.5600817282505,138.47746140862753,138.21611016049394,141.91914629959547,171.44841558804384
2011-05-05,3293,150000,20973000,139.0,141.0,137.5,140.5,1.5,117,139.206721152167,138.845195697968,138.41470927697273,141.87678372348813,171.21484264020955
2011-05-06,3293,340000,48521500,141.0,143.5,141.0,143.5,3.0,291,140.63781410144466,139.69152375288292,138.85690847027945,141.92523794069743,171.00567401650986
2011-05-09,3293,588000,89162500,145.5,153.5,144.0,153.5,10.0,361,144.9252094009631,142.2021557978133,140.13022077721166,142.27075322604975,170.87355572204564
2011-05-10,3293,1370000,215012000,155.0,161.0,154.0,155.0,1.5,1011,148.2834729339754,144.52903656184725,141.42324505745412,142.65073074169007,170.75375530150188
2011-05-11,3293,775000,122397500,155.5,160.0,155.5,158.0,3.0,560,151.52231528931694,146.9783026415114,142.86470200897986,143.10891788372916,170.65750054450942
2011-05-12,3293,625000,99600500,160.0,160.0,158.5,159.0,1.0,501,154.01487685954461,149.16406579760022,144.26777139950335,143.58327854391635,170.56951940832445
2011-05-13,3293,723000,115721500,159.0,162.5,157.0,160.0,1.0,527,156.00991790636309,151.134235652582,145.6357912778074,144.07332993066512,170.48974945052578
2011-05-16,3293,976000,160639500,161.0,168.0,159.0,162.0,2.0,753,158.0066119375754,153.10982917029435,147.05876594930243,144.60845441034675,170.4256758697671
2011-05-17,3293,456000,73163000,164.0,164.0,158.0,158.0,-4.0,370,158.0044079583836,153.99895113933175,148.01017760588482,145.00820203988863,170.33189718395755
2011-05-18,3293,626000,101303000,156.5,164.0,156.5,162.0,4.0,504,159.33627197225573,155.45368729581688,149.22668390102527,145.5154198894442,170.26901494105977
2011-05-19,3293,711000,115263000,164.0,166.0,158.0,158.0,-4.0,581,158.8908479815038,155.916653242032,149.98958095311002,145.88809392259512,170.17641860188195
2011-05-20,3293,535000,85114000,159.0,161.5,157.0,158.0,0.0,396,158.59389865433587,156.29544356166255,150.68613913110045,146.24964335774152,170.08452110299982
2011-05-23,3293,391000,62190000,156.0,161.5,156.0,157.5,-0.5,318,158.22926576955726,156.51445382317846,151.27864877187432,146.58547489930146,169.98954358524134
2011-05-24,3293,569000,87331500,157.0,159.0,151.0,152.0,-5.5,442,156.1528438463715,155.69364403714602,151.34137496562437,146.74710251424767,169.85377344497536
2011-05-25,3293,280000,43290000,153.0,156.5,152.5,154.0,2.0,254,155.43522923091433,155.38570875766493,151.57255975122226,146.96360691680744,169.73412232463593
2011-05-26,3293,344000,52860000,155.0,156.5,152.0,152.0,-2.0,256,154.29015282060956,154.7701253471804,151.60972846850729,147.11394700884304,169.60027989199716
2011-05-27,3293,300000,45990000,153.5,154.5,152.0,152.0,0.0,223,153.52676854707303,154.2664661931476,151.6436651234197,147.25979933693728,169.46744759092547
2011-05-30,3293,460000,72437000,154.5,159.5,153.0,158.5,6.5,369,155.18451236471535,155.0361996125753,152.2398681561658,147.59532771493915,169.38467440156
2011-05-31,3293,1784000,300587000,165.0,169.5,163.0,169.5,11.0,952,159.9563415764769,157.66598150119796,153.74074918606445,148.24919852941858,169.38554478343502
2011-06-01,3293,2649000,450931500,170.0,173.0,167.0,170.0,0.5,1689,163.30422771765126,159.90853031916197,155.1545970829284,148.89847618525684,169.3901821812959
2011-06-02,3293,485000,81376500,167.0,169.5,166.0,168.0,-2.0,400,164.86948514510084,161.3797066247689,156.27158864093462,149.46867092599544,169.379690240305
2011-06-03,3293,858000,147513000,169.0,174.0,169.0,170.5,2.5,693,166.74632343006724,163.03794178390183,157.50884180259249,150.09647179387616,169.3881454083027
2011-06-07,3293,344000,58200500,170.5,171.0,167.0,170.5,0.0,290,167.99754895337816,164.3946796413742,158.63850773280183,150.70553233734253,169.39653676371174
2011-06-08,3293,741000,128137000,172.0,175.0,170.5,170.5,0.0,592,168.8316993022521,165.50473788839707,159.66994184299298,151.29641196906366,169.40486478813656
2011-06-09,3293,645000,108853000,170.5,172.0,167.0,167.0,-3.5,522,168.22113286816807,165.77660372687032,160.30733820447185,151.76517579088264,169.38671486520724
2011-06-10,3293,566000,93750000,169.0,169.0,163.5,163.5,-3.5,455,166.64742191211204,165.36267577653027,160.58496096930037,152.1154690508563,169.34228682848868
2011-06-13,3293,568000,90840000,162.5,163.0,153.0,157.5,-6.0,460,163.59828127474137,163.93309836261568,160.31670349370904,152.27620131799492,169.2529110788397
2011-06-14,3293,430000,69365500,158.0,165.0,158.0,165.0,7.5,338,164.06552084982758,164.12708047850373,160.72394666816913,152.65601620402492,169.22081363673524
2011-06-15,3293,289000,47049500,166.0,166.0,161.0,163.0,-2.0,242,163.71034723321839,163.9221567551394,160.9218643491979,152.96479183972568,169.17386409985423
2011-06-16,3293,361000,57783000,160.5,162.0,158.5,159.0,-4.0,280,162.14023148881225,163.02721916329588,160.75474571013723,153.14494730719656,169.09708021985531
2011-06-17,3293,913000,146612000,160.0,162.0,158.0,161.0,2.0,594,161.76015432587482,162.65863386087844,160.7760721701253,153.37942649205635,169.03597018046017
2011-06-20,3293,866000,129833000,152.5,154.0,145.0,146.0,0.0,690,156.50676955058321,159.62979134071873,159.49119632924484,153.15914510423377,168.86211380173972
2011-06-21,3293,468000,67445000,146.0,148.0,142.0,143.0,-3.0,321,152.00451303372213,156.6061929151335,158.0571792571366,152.85588704142083,168.6669280371983
2011-06-22,3293,296000,42562000,143.5,145.0,143.0,143.0,0.0,255,149.0030086891481,154.1323396578365,156.74785932173342,152.56168145809482,168.47321537276662
2011-06-23,3293,308000,44582000,141.0,146.5,141.0,146.0,3.0,270,148.0020057927654,152.65373244732078,155.81326285897399,152.36581036979348,168.30360620014196
2011-06-24,3293,211000,30318000,145.0,145.0,143.0,143.0,-3.0,175,146.33467052851026,150.89850836598973,154.69906608862843,152.0862339408444,168.1126355873107
2011-06-27,3293,185000,26607000,141.0,145.5,141.0,144.0,1.0,152,145.55644701900684,149.64423411762795,153.7687125157042,151.84485382320727,167.9306534319348
2011-06-28,3293,188000,27115000,144.5,145.5,142.5,142.5,-1.5,164,144.53763134600456,148.3452824598774,152.78882447086036,151.56590296281303,167.7387239720711
2011-06-29,3293,142000,20316500,143.5,144.0,142.5,143.0,0.5,101,144.02508756400303,147.3734129217179,151.93762234295946,151.31020436690815,167.5520166213385
2011-06-30,3293,231000,33515500,143.5,146.0,143.5,144.5,1.5,180,144.18339170933535,146.85097420867828,151.29087257400647,151.1069146843139,167.37803913740387
2011-07-01,3293,381000,56529500,145.0,149.5,145.0,149.0,4.5,319,145.78892780622357,147.24170617073676,151.0916662632233,151.04402170866274,167.2393369552348
2011-07-04,3293,205000,30481500,151.0,151.5,147.0,147.5,-1.5,177,146.35928520414905,147.28866868514825,150.7793474577256,150.93823001586685,167.09036082727076
2011-07-05,3293,162000,23775500,147.5,149.0,145.5,145.5,-2.0,133,146.07285680276604,146.9634561969395,150.32027376574948,150.77589479151263,166.92741470781965
2011-07-06,3293,217000,31516000,146.0,147.0,144.0,146.0,0.5,180,146.04857120184403,146.78828234295048,149.9445977861191,150.63333076788538,166.7694719553078
2011-07-07,3293,268000,39149500,146.0,148.0,144.5,146.0,0.0,225,146.03238080122935,146.64495828059586,149.6015892829783,150.49502238675447,166.61272122356962
2011-07-08,3293,223000,32170000,146.5,147.0,142.5,143.0,-3.0,181,145.02158720081957,145.9822385932148,149.02753804098018,150.27129037520956,166.43451200678797
2011-07-11,3293,282000,39188500,143.0,143.0,137.0,137.5,-5.5,219,142.51439146721304,144.44001339444847,148.02514342872104,149.89005782669585,166.21613833126503
2011-07-12,3293,301000,40576500,136.0,137.0,134.0,134.0,-3.5,224,139.67626097814204,142.5418291409124,146.80556573926702,149.41572774231688,165.97299766461398
2011-07-13,3293,323000,42195000,134.0,136.0,126.0,128.0,-6.0,260,135.78417398542803,139.89786020620105,145.1702991532438,148.77645228732234,165.68640900299425
2011-07-14,3293,307000,39959500,130.0,133.0,128.0,132.0,4.0,252,134.52278265695202,138.4618856232554,144.0250557486139,148.27566266680526,165.43217195391506
2011-07-15,3293,329000,44888000,134.0,140.0,132.0,138.0,6.0,255,135.68185510463468,138.37790641902714,143.50113785743008,147.96892646779614,165.2251366938855
2011-07-18,3293,138000,18907000,140.0,140.0,135.5,136.0,-2.0,108,135.78790340308979,137.94555979738584,142.84886500026224,147.61164508069774,165.0045696244977
2011-07-19,3293,172000,23666000,136.0,139.5,135.0,138.5,2.5,133,136.69193560205986,138.04636710695206,142.4707028263264,147.3396556753038,164.80453513676562
2011-07-20,3293,114000,15862500,139.0,140.0,138.5,139.0,0.5,103,137.46129040137325,138.21975490568806,142.1689025805589,147.09071072977233,164.60978392818626
2011-07-21,3293,108000,14887500,140.0,140.0,137.0,137.5,-1.5,88,137.4741936009155,138.08889037738115,141.76291105181465,146.8044208572418,164.40518178533202
2011-07-22,3293,112000,15359500,139.0,139.0,136.0,136.5,-1.0,96,137.14946240061033,137.8000012178573,141.30526661252642,146.49682620478683,164.19457663978235
2011-07-25,3293,101000,13691000,136.5,137.0,135.0,135.0,-1.5,82,136.4329749337402,137.29091008733778,140.75698255926326,146.1536373628529,163.9742402123123
2011-07-26,3293,178000,24332000,135.0,139.0,135.0,138.0,3.0,128,136.95531662249348,137.41983552600362,140.5172449454143,145.91024520276773,163.77820821070995
2011-07-27,3293,168000,23400500,139.0,140.0,138.0,139.0,1.0,133,137.636877748329,137.70713815763932,140.38531060233478,145.7039692265657,163.59120286572346
2011-07-28,3293,164000,22545000,138.0,139.5,136.0,139.5,0.5,118,138.257918498886,138.03311303806854,140.30832707169697,145.51877611532493,163.40938246673687
2011-07-29,3293,183000,25132000,139.5,139.5,135.5,139.0,-0.5,133,138.50527899925734,138.20891066751062,140.19455950024505,145.32418578352417,163.22516071227093
2011-08-01,3293,116000,15846500,139.0,139.0,136.0,136.0,-3.0,86,137.6701859995049,137.80729054614505,139.8298151958759,145.0458518795384,163.01968780123494
2011-08-02,3293,127000,17134500,137.5,137.5,134.0,134.0,-2.0,110,136.4467906663366,137.1150559013914,139.3228747440606,144.7161249577611,162.80067128952751
2011-08-03,3293,366000,47757500,132.0,136.0,127.0,136.0,2.0,279,136.2978604442244,136.91231846477478,139.0339291141423,144.45594212320108,162.59840207224806
2011-08-04,3293,78000,10551000,136.0,137.0,133.0,133.5,-2.5,64,135.3652402961496,136.2918969257248,138.55271788682558,144.12889907474732,162.37879149057073
2011-08-05,3293,445000,56069000,126.0,128.5,124.5,125.5,-8.0,315,132.07682686409973,134.3297338483203,137.4176989401451,143.57281253520262,162.10046098875512
2011-08-08,3293,472000,57254000,125.5,126.5,117.0,117.5,-8.0,359,127.21788457606648,131.2697822395348,135.6857251192629,142.79451962370402,161.7638537360098
2011-08-09,3293,443000,49677000,110.0,119.0,109.5,118.0,0.5,331,124.14525638404432,128.85709455961938,134.14783597845744,142.0543847095636,161.4335605002663
2011-08-10,3293,208000,25594500,123.0,124.0,121.0,123.5,5.5,165,123.9301709226962,127.88307736696132,133.221937197722,141.5005224794274,161.14726947762279
2011-08-11,3293,164000,19790500,120.0,123.0,118.0,121.0,-2.5,137,122.95344728179747,126.63160875478653,132.15916005009402,140.8885665845191,160.8442712174143
2011-08-12,3293,191000,23519500,123.0,125.0,121.0,121.0,0.0,151,122.30229818786498,125.60767989027988,131.18879830660757,140.29487802975734,160.54355973652815
2011-08-15,3293,179000,21673500,124.0,124.5,119.0,121.0,0.0,135,121.86819879190999,124.76991991022899,130.30281584516342,139.71891152140637,160.24511777625247
2011-08-16,3293,103000,12454500,121.0,122.5,120.0,121.0,0.0,79,121.57879919460666,124.084479926551,129.49387533688835,139.16013804315543,159.94892820812981
2011-08-17,3293,110000,13373500,121.0,122.5,121.0,121.0,0.0,74,121.38586612973778,123.52366539445082,128.75527748150677,138.61804437022542,159.6549740329741
2011-08-18,3293,110000,13228000,122.0,122.0,119.5,119.5,-1.5,88,120.75724408649185,122.79208986818703,127.95047074398444,138.0473564785769,159.3519176251781
2011-08-19,3293,258000,29422500,115.0,117.0,112.0,112.0,-7.5,182,117.8381627243279,120.82989171033485,126.56347328798579,137.26982344936565,158.9945446619692
2011-08-22,3293,212000,24358500,117.0,117.0,112.0,115.0,3.0,162,116.89210848288526,119.76991139936487,125.5579538716392,136.60505260013085,158.66251036263358
2011-08-23,3293,228000,27346500,118.0,121.5,118.0,121.0,6.0,170,118.26140565525684,119.99356387220762,125.16161005671405,136.1392301344553,158.37826500140616
2011-08-24,3293,147000,17815500,122.0,122.0,120.5,121.0,0.0,96,119.17427043683789,120.17655225907896,124.79973092134762,135.68731281700886,158.096164888188
2011-08-25,3293,115000,13999000,121.5,124.0,120.5,121.0,0.0,92,119.78284695789192,120.32627003015551,124.46931953688261,135.24888556873995,157.8161938324281
2011-08-26,3293,135000,15958500,119.5,122.0,115.0,119.0,-2.0,97,119.52189797192794,120.0851300246727,123.99372653367543,134.76384420847904,157.52324142614563
2011-08-29,3293,114000,13864000,120.0,123.0,119.5,121.0,2.0,84,120.01459864795196,120.25147002018674,123.73340248726888,134.3529831873304,157.24759432104264
2011-08-30,3293,294000,36970000,122.0,128.0,121.5,127.0,6.0,215,122.3430657653013,121.47847547106188,124.01745444489767,134.1334911518877,157.0193105903178
2011-08-31,3293,174000,22091000,127.0,128.0,125.5,127.0,0.0,139,123.89537717686754,122.4823890217779,124.27680623229787,133.920551117503,156.79274975567387
2011-09-01,3293,444000,58073000,130.5,132.5,128.5,131.0,4.0,312,126.26358478457836,124.03104556327283,124.86143177731545,133.8333704871298,156.5980874933669
2011-09-02,3293,936000,127493000,131.0,139.5,129.0,138.0,7.0,641,130.1757231897189,126.57085546085959,126.00391597059236,133.95774748751398,156.45772456888866
2011-09-05,3293,898000,126987500,137.5,143.5,135.0,142.0,4.0,603,134.11714879314593,129.37615446797602,127.3948797992365,134.19781472669268,156.34860966648196
2011-09-06,3293,673000,95936500,146.0,146.0,140.0,142.0,0.0,440,136.7447658620973,131.6713991101622,128.6648902514768,134.43071577962723,156.24031827277267
2011-09-07,3293,533000,76655500,142.0,145.5,142.0,144.5,2.5,402,139.32984390806487,134.00387199922363,130.04185631656577,134.73129142799658,156.1517120971291
2011-09-08,3293,316000,45425000,145.5,146.0,142.0,143.5,-1.0,211,140.71989593870993,135.7304407266375,131.21212968034266,134.99304392268326,156.05622747752813
2011-09-09,3293,315000,44169500,142.5,143.0,138.5,139.0,-4.5,228,140.14659729247327,136.32490604906707,131.88933579509546,135.11265455185688,155.9275012324147
2011-09-13,3293,270000,36678500,135.0,138.0,134.0,138.0,-1.0,178,139.43106486164885,136.62946858560034,132.42069789986977,135.19884396821936,155.792199336321
2011-09-14,3293,328000,44909500,136.0,140.0,133.0,136.5,-1.5,235,138.45404324109924,136.60592884276392,132.77541982162023,135.23768444677998,155.64659783189595
2011-09-15,3293,219000,30572000,139.0,140.5,138.5,140.0,3.5,150,138.96936216073283,137.2230326895341,133.4036441849576,135.37984312001043,155.52851030108917
2011-09-16,3293,724000,105452000,141.5,147.5,141.5,145.5,5.5,492,141.14624144048855,138.72793583689153,134.4555012123526,135.681937355234,155.45282343089227
2011-09-19,3293,187000,26830500,146.0,146.0,141.5,144.0,-1.5,159,142.09749429365903,139.68649295745672,135.28545762866977,135.9302377326897,155.36638702764026
2011-09-20,3293,498000,71042500,144.0,146.5,138.5,144.5,0.5,374,142.898329529106,140.56167605610096,136.08672218269848,136.1860515317139,155.28437655950714
2011-09-21,3293,878000,129384500,144.0,150.5,144.0,150.0,5.5,575,145.265553019404,142.2777349549917,137.2965724276812,136.59840820240902,155.2444944722656
2011-09-22,3293,482000,71733500,147.0,150.5,146.5,150.0,0.0,316,146.843702012936,143.6817831449932,138.40121830353502,136.99845571875503,155.20491338190885
2011-09-23,3293,541000,78807500,148.0,148.0,143.0,147.0,-3.0,327,146.89580134195734,144.28509530044897,139.1489384510537,137.29700927938921,155.1429895073284
2011-09-26,3293,360000,50957000,148.0,148.0,137.5,138.0,-9.0,266,143.93053422797155,143.14235070036733,139.04903075965774,137.3179940770194,155.0136084544429
2011-09-27,3293,205000,28577500,140.0,142.0,136.0,138.0,0.0,173,141.95368948531436,142.20737784575508,138.95781069360055,137.33835246278,154.8852038623339
2011-09-28,3293,232000,32715000,140.5,143.0,140.0,141.5,3.5,173,141.80245965687624,142.07876369198144,139.17887063328746,137.46258074747314,154.7841834558257
2011-09-29,3293,241000,33734500,142.0,142.0,138.0,141.0,-0.5,164,141.53497310458417,141.8826248388939,139.33722970865378,137.56817535202617,154.6801518825742
2011-09-30,3293,67000,9460500,143.5,143.5,140.5,141.0,0.0,55,141.35664873638945,141.72214759545864,139.4818184296404,137.67061787883137,154.57690545327173
2011-10-03,3293,71000,9880000,141.0,141.0,138.0,138.5,-2.5,61,140.4044324909263,141.13630257810252,139.3964429140195,137.69537555409013,154.45557031777534
2011-10-04,3293,78000,10799500,137.5,141.0,137.0,139.0,0.5,56,139.9362883272842,140.74788392753842,139.36196961714825,137.7343195674009,154.33892450405628
2011-10-05,3293,230000,32840500,142.0,144.5,138.5,143.5,4.5,184,141.12419221818945,141.248268667986,139.72179834609187,137.90642943106056,154.2571213002521
2011-10-06,3293,565000,82714500,145.0,148.5,143.5,145.5,2.0,322,142.5827948121263,142.02131072835218,140.22425066382303,138.13310317938712,154.19102981874076
2011-10-07,3293,618000,91014500,147.0,149.0,146.0,148.0,2.5,387,144.38852987475087,143.10834514137906,140.90040278001234,138.42763741283824,154.14430506539176
2011-10-11,3293,368000,54701000,149.0,150.0,147.5,149.0,1.0,240,145.92568658316725,144.17955511567376,141.6047155817504,138.74323032588785,154.105480121502
2011-10-12,3293,165000,24249000,149.0,149.0,145.5,145.5,-3.5,125,145.78379105544482,144.41963600373307,141.94343596594604,138.94492494302554,154.0405331017171
2011-10-13,3293,158000,23141000,148.0,148.0,145.5,147.0,1.5,126,146.18919403696322,144.88879309396341,142.38313718629857,139.18537494472628,153.98739700283622
2011-10-14,3293,193000,27796500,147.0,147.0,142.0,144.0,-3.0,139,145.4594626913088,144.72719434960644,142.5237339527074,139.32909509562998,153.91202042168274
2011-10-17,3293,270000,39596000,146.0,148.0,145.5,146.0,2.0,198,145.63964179420586,144.9586135587689,142.8260179568198,139.52822658531267,153.85230706000965
2011-10-18,3293,73000,10562500,145.5,145.5,144.0,145.0,-1.0,65,145.4264278628039,144.96613836626545,143.0150598736181,139.69156310515407,153.7854971954058
2011-10-19,3293,951000,142877000,147.5,152.5,145.5,150.0,5.0,615,146.95095190853593,145.88138593603537,143.62244597156436,139.99927763932857,153.75692740525182
2011-10-20,3293,1856000,291795000,150.0,160.5,150.0,159.0,9.0,1208,150.96730127235728,148.26658849311985,144.9596245827327,140.56646338143815,153.79649776445746
2011-10-21,3293,1705000,283066500,162.0,169.0,162.0,167.0,8.0,1112,156.31153418157152,151.6726633125526,146.8761789668429,141.3555241760221,153.89614683793326
2011-10-24,3293,756000,126947500,171.0,171.5,165.0,167.0,0.0,545,159.87435612104767,154.4594518011794,148.626076447987,142.12103091703636,153.99504384293
2011-10-25,3293,392000,65303000,167.0,169.0,165.0,167.0,0.0,336,162.2495707473651,156.73955147369225,150.22380893077073,142.86368671055766,154.0931944554362
2011-10-26,3293,1781000,310600000,167.0,178.0,165.0,176.5,9.5,1265,166.99971383157674,160.3323602966573,152.5086951107037,143.86775576397386,154.26230242181026
2011-10-27,3293,522000,91580500,178.0,178.0,173.5,175.0,-1.5,400,169.66647588771784,162.99920387908324,154.46446075325122,144.79707648743732,154.4188133469287
2011-10-28,3293,1109000,196802500,176.0,180.0,173.5,177.5,2.5,776,172.2776505918119,165.63571226470447,156.4675511225337,145.7732831594541,154.5930109820462
2011-10-31,3293,546000,97517500,178.0,182.5,175.0,175.0,-2.5,439,173.18510039454125,167.3383100347582,158.07906841622642,146.64572246812713,154.74702599350246
2011-11-01,3293,507000,87519500,173.0,175.0,170.0,173.5,-1.5,376,173.29006692969418,168.4586173011658,159.42001898872846,147.44734269295915,154.88855787279678
2011-11-02,3293,344000,59264000,169.0,176.0,169.0,176.0,2.5,275,174.19337795312944,169.8297777918629,160.86175646796946,148.29966082152754,155.04788951149266
2011-11-03,3293,504000,88223500,175.5,177.0,172.5,174.0,-2.0,349,174.12891863541964,170.5880000115242,162.00421242727646,149.06683512536253,155.19092430763234
2011-11-04,3293,1741000,320687000,179.0,186.0,176.0,184.0,10.0,1065,177.41927909027976,173.02654546397434,163.9168896075133,150.10961616639648,155.40835129398982
2011-11-07,3293,1513000,287084000,188.0,195.0,184.0,192.0,8.0,1051,182.27951939351985,176.47626447052446,166.35889920685997,151.36007538531,155.6845146804503
2011-11-08,3293,741000,142223500,195.0,195.0,187.0,187.0,-5.0,543,183.85301292901323,178.3896709304291,168.15377753669824,152.42395373201717,155.92085796588086
2011-11-09,3293,896000,162981000,187.0,190.0,177.5,178.0,-9.0,649,181.90200861934215,178.3188216703511,169.00997079437667,153.18741779971816,156.08749300010064
2011-11-10,3293,925000,164064500,174.0,183.0,172.0,183.0,5.0,711,182.2680057462281,179.16994500301453,170.22649507312653,154.07734562659223,156.29060626047723
2011-11-11,3293,753000,138162500,185.0,187.5,177.5,184.0,1.0,586,182.84533716415208,180.04813682064827,171.42419115372422,154.97055918997754,156.49973376039816
2011-11-14,3293,820000,154816000,189.0,192.0,184.5,188.5,4.5,617,184.73022477610138,181.58483921689404,172.90904409687863,155.97143802012747,156.74124520371592
2011-11-15,3293,427000,80491500,187.5,190.5,186.5,186.5,-2.0,351,185.32014985073425,182.47850481382238,174.09086634932396,156.8827383777356,156.96583957953692
2011-11-16,3293,1047000,188737000,185.0,186.0,176.5,177.0,-9.5,723,182.54676656715617,181.48241302949103,174.34383449286102,157.483253650042,157.1170407902574
2011-11-17,3293,484000,85564500,175.5,179.0,174.5,177.0,0.0,333,180.69784437810412,180.66742884231084,174.5748054065253,158.06584309332433,157.2671008597649
2011-11-18,3293,798000,144353000,179.0,183.0,177.0,179.0,2.0,562,180.13189625206942,180.3642599618907,174.95960493639265,158.69074329949376,157.43112274006856
2011-11-21,3293,638000,109388500,179.0,179.0,169.0,170.5,-8.5,481,176.9212641680463,178.57075815063783,174.5718132027933,159.043258424882,157.52975577599258
2011-11-22,3293,673000,113643000,171.0,174.5,164.0,171.5,1.0,542,175.11417611203086,177.28516575961277,174.30469901124604,159.41510145697507,157.63519158145678
2011-11-23,3293,461000,78889000,169.0,174.0,169.0,174.0,2.5,290,174.74278407468725,176.68786289422863,174.27820344505074,159.850471562737,157.75869956952127
2011-11-24,3293,287000,49145000,173.5,173.5,169.0,169.0,-5.0,250,172.82852271645817,175.29006964073253,173.81922923243764,160.12359181459558,157.84353957277017
2011-11-25,3293,940000,153646000,165.0,169.0,159.0,164.0,-5.0,604,169.8856818109721,173.23732970605388,172.96538321222567,160.23930549177183,157.89000342505116
2011-11-28,3293,687000,111524500,164.0,166.0,159.5,165.0,1.0,421,168.25712120731473,171.73963339586226,172.27274119377128,160.38141577559955,157.94366377656021
2011-11-29,3293,1166000,202664000,169.0,176.5,168.0,176.5,11.5,752,171.00474747154314,172.60515459661457,172.64032891605203,160.8625675434921,158.08371159711447
2011-11-30,3293,1288000,234346500,176.5,186.5,176.5,183.0,6.5,1018,175.00316498102876,174.4951264881392,173.5411698798736,161.52338642279085,158.2717590567589
2011-12-01,3293,1177000,223660000,192.0,192.0,187.0,191.0,8.0,817,180.33544332068584,177.49601258120478,175.05932902075415,162.40328533554336,158.51876464878336
2011-12-02,3293,688000,131650000,190.0,193.0,187.0,192.5,1.5,554,184.39029554712388,180.224010293713,176.57590910590596,163.30169472851222,158.77522680237746
2011-12-05,3293,548000,104559500,192.5,194.5,188.5,192.0,-0.5,396,186.9268636980826,182.36509933121974,177.91713440104456,164.15836055751186,159.02597980764253
2011-12-06,3293,683000,126546000,191.0,191.0,181.5,185.0,-7.0,474,186.28457579872173,182.8441721800889,178.53303575747546,164.7804990483324,159.22201014871692
2011-12-07,3293,485000,88586500,183.0,186.5,180.0,180.5,-4.5,329,184.35638386581448,182.41795905643636,178.70407612639065,165.24973788271052,159.3825987513681
2011-12-08,3293,610000,112005000,178.0,186.0,178.0,185.0,4.5,438,184.57092257720964,182.8874210461752,179.25154776757407,165.8392979459132,159.57593762871628
2011-12-09,3293,556000,103279500,180.5,189.5,180.5,184.5,-0.5,399,184.54728171813977,183.1806172195979,179.7079349182198,166.39633382812474,159.7640437598203
2011-12-12,3293,314000,57979000,187.0,188.0,182.0,182.0,-2.5,227,183.69818781209318,182.96595954330738,179.90724492533113,166.86211490788222,159.93186229748204
2011-12-13,3293,297000,53730000,180.0,182.5,179.0,180.0,-2.0,206,182.46545854139546,182.42669417179695,179.91531058399798,167.2542905822738,160.0833199405199
2011-12-14,3293,257000,46446000,180.0,183.0,178.5,182.0,2.0,209,182.31030569426363,182.34911341328842,180.0965879245199,167.69446101265368,160.2487288466292
2011-12-15,3293,249000,44821000,181.5,182.0,178.5,181.0,-1.0,179,181.8735371295091,182.1038200654178,180.1751454963008,168.09164128093266,160.40534221382447
2011-12-16,3293,578000,106608000,181.0,188.5,180.0,187.5,6.5,422,183.74902475300607,183.0849436898873,180.81208936618768,168.6709952725466,160.60983019711637
2011-12-19,3293,881000,166245500,187.5,191.0,185.5,189.0,1.5,628,185.49934983533737,184.16040847354415,181.52408159521482,169.27783123456015,160.82409562959097
2011-12-20,3293,578000,109967000,189.0,192.0,188.5,190.5,1.5,383,187.16623322355824,185.3130614783543,182.30459623910917,169.9113288096479,161.04806471917897
2011-12-21,3293,1403000,277842000,193.0,201.0,193.0,198.0,7.5,1008,190.77748881570548,187.61977757319897,183.66941395744752,170.74979660637482,161.32694724960027
2011-12-22,3293,655000,129009000,196.5,199.0,194.0,198.0,0.0,396,193.18499254380365,189.50709074170825,184.9155518741912,171.56323551364721,161.60372500620704
2011-12-23,3293,940000,184099000,197.0,199.0,193.0,196.0,-2.0,690,194.12332836253577,190.6876196977613,185.87941692860937,172.29269116995624,161.86331953446208
2011-12-26,3293,1109000,222698500,198.0,203.0,197.5,201.0,5.0,774,196.4155522416905,192.56259793453196,187.1942502391651,173.14962576189785,162.1586907077869
2011-12-27,3293,434000,86747000,201.0,202.5,197.5,199.0,-2.0,346,197.27703482779367,193.73303467370798,188.22083717488985,173.92127872422927,162.43673832508662
2011-12-28,3293,416000,82943000,197.5,201.5,197.0,198.5,-0.5,247,197.68468988519578,194.5997556421247,189.1146774205516,174.65497189664035,162.7089138848973
2011-12-29,3293,612000,123727000,198.0,204.5,197.0,202.5,4.0,424,199.2897932567972,196.03616370719294,190.27861851441668,175.48616676539734,163.00922396878488
2011-12-30,3293,772000,158052500,204.0,206.5,202.5,203.0,0.5,535,200.5265288378648,197.3023157604306,191.38482560011957,176.3074752201616,163.31104114637895
2012-01-02,3293,791000,153198500,204.5,204.5,189.0,191.5,-11.5,592,197.51768589190985,196.24734925853411,191.39484076532656,176.76098342254483,163.52378800565157
2012-01-03,3293,943000,179149500,191.5,192.5,185.5,191.5,0.0,622,195.51179059460657,195.38419484789154,191.40398504660251,177.20095406664797,163.73492922825042
2012-01-04,3293,319000,61928500,191.5,196.0,191.5,194.0,2.5,251,195.00786039640437,195.1325230573658,191.62972547733273,177.70241812435998,163.96334485671645
2012-01-05,3293,352000,68842500,198.0,198.0,193.0,195.5,1.5,228,195.17190693093625,195.19933704693565,191.96627108799944,178.23368922512535,164.20135734836387
2012-01-06,3293,417000,82079500,193.0,200.0,193.0,194.5,-1.0,269,194.9479379539575,195.0721848565837,192.18659534121687,178.71925074079326,164.4300263495083
2012-01-09,3293,454000,85405000,193.0,194.0,186.0,188.0,-6.5,323,192.63195863597167,193.7863330644776,191.8225435724154,178.99628803211286,164.60791294309692
2012-01-10,3293,280000,52646000,185.0,190.0,185.0,189.5,1.5,198,191.5879724239811,193.00699978002712,191.6205832617706,179.3098316729453,164.79577775107356
2012-01-11,3293,269000,51460500,190.0,193.0,189.0,190.0,0.5,192,191.05864828265408,192.46027254729492,191.47966297813838,179.62894117524544,164.98599829634847
2012-01-12,3293,244000,46015500,190.0,190.5,187.0,187.5,-2.5,176,189.87243218843605,191.55840481142312,191.13360532786547,179.86389815508886,165.1559152903383
2012-01-13,3293,351000,66220500,188.0,190.5,186.5,188.0,0.5,252,189.24828812562404,190.9114221184371,190.86111790805109,180.10676686687725,165.3283234768263
2012-01-16,3293,287000,54585500,189.5,193.0,188.0,190.0,2.0,212,189.49885875041602,190.74570900599397,190.78623808995968,180.40208725891077,165.51452480907668
2012-01-17,3293,1234000,245716500,191.0,203.0,190.0,201.0,11.0,750,193.33257250027734,192.6101255503587,191.6743912995284,181.01695032580895,165.78233971617797
2012-01-18,3293,1635000,341321500,203.5,212.5,203.5,211.0,10.0,887,199.2217150001849,195.95373908665712,193.35487901261288,181.91196673399375,166.1236050768106
2012-01-30,3293,1015000,217178000,216.0,218.0,206.5,211.5,0.5,614,203.31447666678994,198.78033197999218,194.93271562021175,182.7951916076059,166.46606843472148
2012-01-31,3293,938000,201088500,215.0,217.5,210.5,213.0,1.5,520,206.54298444452664,201.36572616544814,196.50378382714987,183.69682767902063,166.81726791823303
2012-02-01,3293,852000,185747500,213.0,221.0,213.0,218.5,5.5,487,210.5286562963511,204.4810486808212,198.41649827696293,184.73572834531853,167.2073262735671
2012-02-02,3293,722000,158041000,220.0,222.0,215.0,220.0,1.5,491,213.68577086423406,207.30267619339918,200.29332451374876,185.78839317083143,167.60576154697415
2012-02-03,3293,590000,126043500,220.0,220.0,208.0,213.0,-7.0,372,213.45718057615605,208.33855324914478,201.39825281690105,186.60067994185138,167.94835957303474
2012-02-04,3293,581000,125193500,210.0,218.5,210.0,216.0,3.0,373,214.3047870507707,209.7315435674821,202.6679699632575,187.4782715853782,168.31101346304956
2012-02-06,3293,256000,54535500,210.0,215.0,210.0,212.0,-4.0,178,213.5365247005138,210.14399019157628,203.47945083601772,188.21026347835198,168.64074166332844
2012-02-07,3293,337000,71441500,209.5,215.0,208.5,211.0,-1.0,237,212.6910164670092,210.2996283385624,204.13341163288575,188.89055412078923,168.9604341790769
2012-02-08,3293,758000,164698500,214.0,220.5,211.0,219.5,8.5,564,214.9606776446728,211.9724231860965,205.469636708287,189.80426892315373,169.34186486451785
2012-02-09,3293,920000,207504500,220.0,230.0,216.5,225.5,6.0,726,218.47378509644855,214.43198260680623,207.21140742930552,190.86981313440288,169.76569984667242
2012-02-10,3293,264000,59887500,224.5,229.5,224.5,228.0,2.5,235,221.64919006429903,216.89889486011418,209.01911113110503,191.97817692143562,170.20520399877302
2012-02-13,3293,199000,44303500,228.0,228.0,220.0,222.5,-5.5,141,221.93279337619936,217.9172776128207,210.1913623370959,192.88927611781068,170.59988170444265
2012-02-14,3293,400000,86404500,217.5,220.0,213.0,215.0,-7.5,320,219.62186225079958,217.38686350139875,210.60950474256583,193.54929772623424,170.93497693686194
2012-02-15,3293,842000,176816000,210.5,215.0,206.0,212.5,-2.5,558,217.2479081671997,216.4983428647808,210.77389563451663,194.11499033142127,171.24867522413092
2012-02-16,3293,647000,133438000,210.0,211.0,202.0,202.0,-10.5,500,212.16527211146646,213.86228052572974,210.01094818803693,194.3503637543639,171.48076069413747
2012-02-17,3293,874000,173147500,204.0,206.0,193.5,198.0,-4.0,637,207.44351474097763,210.97822952105162,208.96651791081632,194.45930811990527,171.68090589644586
2012-02-20,3293,356000,71872500,200.5,204.0,197.0,202.5,4.5,278,205.7956764939851,209.43673324449676,208.40421200552794,194.69932877304242,171.91350283307645
2012-02-21,3293,280000,56244000,202.5,203.0,199.5,200.0,-2.5,212,203.8637843293234,207.72096356367916,207.67341096156898,194.8575577648919,172.1254763966004
2012-02-22,3293,1069000,224759000,200.0,214.0,200.0,213.0,13.0,782,206.90918955288228,208.68078837028295,208.13659261708472,195.39912320474588,172.4339633671921
2012-02-23,3293,1183000,260665000,216.0,224.0,214.0,220.0,7.0,842,211.27279303525486,210.73882684841334,209.16819325907736,196.13347773594748,172.7929523229114
2012-02-24,3293,457000,100866500,225.5,226.0,218.0,220.0,0.0,381,214.18186202350324,212.4226765123382,210.11008949741844,196.84591123636696,173.1492319280215
2012-02-29,3293,484000,106170500,218.0,222.5,214.0,222.0,2.0,376,216.78790801566882,214.16400805554943,211.1439947585125,197.59677955766944,173.51791697007417
2012-03-01,3293,338000,73712000,225.0,225.0,215.0,219.0,-3.0,280,217.5252720104459,215.04327931817681,211.82712564907663,198.23568166042557,173.8611779740736
2012-03-02,3293,424000,93144000,217.0,222.0,216.5,219.0,0.0,245,218.01684800696393,215.7626830785083,212.45085385350475,198.85551205862183,174.20184832898624
2012-03-03,3293,212000,45581500,218.5,220.0,214.0,214.5,-4.5,159,216.84456533797595,215.53310433696134,212.62904047493913,199.32251169866296,174.50598532272974
2012-03-05,3293,211000,44642000,214.5,216.5,208.0,209.0,-5.5,176,214.2297102253173,214.34526718478656,212.3134717379879,199.61139194646407,174.7663175089733
2012-03-06,3293,1160000,227397500,205.5,205.5,194.5,195.0,-14.0,740,207.81980681687818,210.82794587846175,210.80795245642372,199.47373845552485,174.91902454664142
2012-03-07,3293,873000,167415500,190.0,196.0,185.0,196.0,1.0,661,203.87987121125212,208.13195571874144,209.5203044167347,199.37004477028532,175.0781262481762
2012-03-08,3293,271000,53777500,201.0,201.0,195.5,198.5,2.5,236,202.0865808075014,206.38069104260663,208.56201707614906,199.34407328460517,175.25489510668052
2012-03-09,3293,228000,44975500,198.5,199.5,196.0,196.5,-2.0,195,200.22438720500094,204.5842017621327,207.51314602604916,199.25917557461696,175.41523552096973
2012-03-12,3293,292000,56928500,196.5,200.0,192.0,192.0,-4.5,253,197.48292480333396,202.29616507810857,206.1641768063927,199.04248376641945,175.54040355477375
2012-03-13,3293,289000,55504000,194.5,195.5,190.0,194.5,2.5,251,196.48861653555596,200.87868051845246,205.14990056235857,198.90688723607857,175.68349484869998
2012-03-14,3293,229000,45079500,198.0,198.0,195.5,197.5,3.0,178,196.8257443570373,200.26437496964292,204.48469181780564,198.8648906021658,175.84814771776638
2012-03-15,3293,461000,92665000,202.0,203.0,199.0,201.0,3.5,381,198.21716290469155,200.39812497516237,204.18167513799645,198.92862521105636,176.03797301800967
2012-03-16,3293,557000,114428500,203.0,208.0,203.0,204.0,3.0,447,200.14477526979437,201.05301134331467,204.1658772999098,199.08000953311438,176.2490071839115
2012-03-19,3293,275000,54925500,204.0,204.0,198.0,199.0,-5.0,239,199.76318351319625,200.6797365536211,203.7166705781785,199.0776211888423,176.42071279007064
2012-03-20,3293,362000,70616500,196.5,199.0,193.0,193.0,-6.0,279,197.5087890087975,199.2834208165991,202.78478618007603,198.89619966081716,176.54583948599463
2012-03-21,3293,370000,70982500,193.0,195.5,190.0,193.0,0.0,307,196.00585933919834,198.14098066812653,201.9339352078955,198.72019370079278,176.67002182949656
2012-03-22,3293,255000,49084500,193.0,195.0,191.5,192.0,-1.0,240,194.6705728927989,197.02443872846717,201.07011475503504,198.5195909037542,176.7857197779532
2012-03-23,3293,261000,49710500,192.0,192.0,189.0,190.5,-1.5,201,193.2803819285326,195.83817714147315,200.15097434155373,198.2802001305078,176.88922377962902
2012-03-26,3293,391000,74325000,190.5,191.5,188.5,189.0,-1.5,258,191.85358795235507,194.59487220665986,199.18132439880992,198.00317923108966,176.98062586431107
2012-03-27,3293,467000,88168000,190.0,191.0,187.5,189.5,0.5,296,191.06905863490337,193.66853180544896,198.33947010326122,197.74935298538549,177.07511170684458
2012-03-28,3293,521000,97326500,189.5,191.0,183.0,185.0,-4.5,416,189.0460390899356,192.09243511354916,197.1795161812385,197.3687752843292,177.13492218452876
2012-03-29,3293,801000,141892000,185.0,185.0,173.0,178.5,-6.5,631,185.53069272662373,189.62108327472203,195.5552104263482,196.8055282609164,177.1452246586078
2012-03-30,3293,548000,97230000,176.5,180.0,174.0,179.5,1.0,424,183.52046181774915,187.78088631568167,194.15910517188314,196.2889453277547,177.16299654797677
2012-04-02,3293,357000,63947000,180.0,181.0,176.0,178.5,-1.0,296,181.8469745451661,186.0934524401032,192.79744385258894,195.7579320343889,177.1730871400675
2012-04-03,3293,919000,158297000,178.5,179.0,169.5,176.0,-2.5,713,179.89798303011074,184.25827926917535,191.33679656105946,195.16814301843698,177.16423365221794
2012-04-05,3293,641000,108882000,171.5,171.5,167.5,171.0,-5.0,448,176.93198868674048,181.8476830384162,189.5683794687934,194.446705913409,177.117711134088
2012-04-06,3293,480000,82774500,172.0,175.0,170.0,173.0,2.0,398,175.62132579116033,180.2390133950678,188.12765081933313,193.80650573688933,177.0866340689251
2012-04-09,3293,360000,60542000,171.0,171.0,167.0,168.0,-5.0,312,173.08088386077355,178.0137382323282,186.37742031330416,193.0361622820568,177.01805569859357
2012-04-10,3293,386000,65731000,169.0,172.5,168.0,171.0,3.0,334,172.38725590718238,176.73851309917762,185.0402533295386,192.37836639304018,176.9726364103023
2012-04-11,3293,178000,30285000,169.0,172.0,168.0,172.0,1.0,150,172.25817060478826,175.87696526296352,183.9063182574048,191.77005694847182,176.9351070789038
2012-04-12,3293,320000,55168000,172.5,174.5,170.0,173.0,1.0,290,172.50544706985883,175.35388066969742,182.9579427567609,191.20975674105475,176.90540815755358
2012-04-13,3293,703000,125291500,174.5,182.0,174.0,180.5,7.5,589,175.17029804657255,176.28953872975242,182.74420860399908,190.8900625099785,176.93253715259092
2012-04-16,3293,286000,50919500,180.0,181.0,176.0,177.0,-3.5,249,175.78019869771504,176.41871350616108,182.24471220365135,190.47543377833733,176.93304630615629
2012-04-17,3293,582000,99598500,179.0,179.0,167.5,169.5,-7.5,463,173.68679913181003,175.16076559594998,181.13647635985558,189.84930142674517,176.87694784346832
2012-04-18,3293,500000,83857500,171.5,171.5,166.0,167.0,-2.5,407,171.45786608787336,173.67699003304998,179.9072175459551,189.16723272743934,176.8024048408761
2012-04-19,3293,420000,68498500,161.0,166.0,161.0,163.0,-4.0,341,168.63857739191556,171.73571911794997,178.43702471587204,188.38612130273967,176.6982357477374
2012-04-20,3293,388000,63175000,162.0,165.0,160.5,161.0,-2.0,350,166.0923849279437,169.7837701874136,176.92076169710057,187.56862514444893,176.57975849681108
2012-04-23,3293,603000,96098500,163.0,164.0,157.0,158.0,-3.0,397,163.3949232852958,167.64126651697478,175.27547807126575,186.68597961774896,176.43953390438233
2012-04-24,3293,867000,133184500,156.0,158.0,152.0,153.0,-5.0,674,159.92994885686386,164.979218059343,173.33847997811222,185.6804279873684,176.26263176170775
2012-04-25,3293,1858000,293979000,153.0,163.5,152.0,163.5,10.5,1270,161.1199659045759,164.71026932128063,172.4829599800155,185.01832565938724,176.16631001256278
2012-04-26,3293,1878000,302457000,165.0,167.5,157.5,157.5,-6.0,1370,159.9133106030506,163.39931126286598,171.18009389479676,184.19688310239061,176.0254322011472
2012-04-27,3293,2171000,323433500,155.0,157.0,146.5,148.0,-9.5,1633,155.9422070687004,160.59943648779944,169.16443355611878,183.11637912918493,175.81391950528948
2012-04-30,3293,2011000,278072000,138.0,140.0,138.0,138.0,-10.0,1403,149.9614713791336,156.49044803547227,166.45448281210844,181.7696215432391,175.52853143355145
2012-05-02,3293,2664000,373175000,138.0,143.5,136.0,142.0,4.0,2024,147.30764758608908,153.85582111993185,164.32800604583815,180.58246866135138,175.27548591329824
2012-05-03,3293,2362000,342727000,142.0,148.0,142.0,144.0,2.0,1677,146.20509839072605,152.06385364358061,162.56035334620006,179.4904546714603,175.039444510179
2012-05-04,3293,1678000,237448000,141.0,144.5,138.0,143.0,-1.0,1255,145.13673226048402,150.41588025383868,160.85945305522614,178.4011873678346,174.7976373818003
2012-05-07,3293,714000,100683500,139.0,142.5,139.0,141.0,-2.0,593,143.75782150698936,148.70390202586802,159.13254409390214,177.2847340135709,174.54256087325842
2012-05-08,3293,766000,109819500,141.5,144.5,141.5,144.0,3.0,606,143.83854767132624,147.84864711207382,157.8166706944324,176.29115986391207,174.31205097987535
2012-05-09,3293,836000,117864500,142.0,143.5,139.0,140.5,-3.5,650,142.72569844755083,146.51252945533312,156.31087324274262,175.2227670321535,174.0568656894612
2012-05-10,3293,808000,112911500,141.0,142.5,139.0,139.0,-1.5,602,141.48379896503388,145.14661500890892,154.80557991728674,174.14149040432804,173.79228557105017
2012-05-11,3293,719000,99845000,139.5,141.0,137.0,139.0,0.0,487,140.65586597668926,144.02904864365274,153.43118166360964,173.092490690766,173.5297022837215
2012-05-14,3293,362000,50496000,140.0,141.0,138.5,139.0,0.0,289,140.10391065112617,143.11467616298862,152.17629630155662,172.0748044014894,173.2691007570519
2012-05-15,3293,386000,53969500,139.0,141.5,137.0,141.5,2.5,328,140.56927376741746,142.82109867880888,151.2479227101169,171.1621236730867,173.02933395888545
2012-05-16,3293,503000,70232000,141.5,141.5,138.5,138.5,-3.0,391,139.87951584494496,142.0354443735709,150.13940769184586,170.1871349067259,172.76873521202594
2012-05-17,3293,535000,73916500,138.5,140.0,136.5,138.5,0.0,440,139.4196772299633,141.39263630564892,149.12728528385927,169.24125028264453,172.51010324816158
2012-05-18,3293,922000,122745500,136.0,136.0,130.0,130.0,-8.5,703,136.27978481997553,139.32124788644003,147.4640430852628,168.06986967719246,172.18927228025092
2012-05-21,3293,736000,93837500,129.0,132.0,125.0,126.5,-3.5,612,133.01985654665035,136.9901119070873,145.6410828169791,166.82897804503745,171.84444758379618
2012-05-22,3293,927000,119124500,128.0,131.5,126.5,131.0,4.5,702,132.34657103110024,135.90100065125324,144.36794518072003,165.75945631234976,171.53618760203167
2012-05-23,3293,402000,51640000,129.0,130.0,126.5,129.5,-1.5,311,131.3977140207335,134.73718235102538,143.07508038239655,164.67708448213037,171.2189333559786
2012-05-24,3293,870000,114797500,128.0,135.0,128.0,130.0,0.5,711,130.93180934715568,133.87587646902077,141.93811687088382,163.64194763191753,170.90784706649953
2012-05-25,3293,383000,49715000,131.0,132.5,128.0,129.0,-1.0,286,130.28787289810379,132.98935347465334,140.8130632299374,162.60785964290505,170.5915614282618
2012-05-28,3293,273000,35610000,131.0,131.5,129.0,130.5,1.5,239,130.3585819320692,132.5367437519891,139.91627512298632,161.64941607147506,170.2889836061617
2012-05-29,3293,1024000,139119500,132.5,138.5,131.0,137.5,7.0,745,132.73905462137947,133.43915397890018,139.70616424272663,160.92853797978924,170.04151957894538
2012-05-30,3293,428000,58320500,137.0,137.5,135.0,137.0,-0.5,362,134.1593697475863,134.08658052819106,139.4708456129243,160.21425326397463,169.792149619859
2012-05-31,3293,452000,61782500,135.0,140.0,134.0,140.0,3.0,361,136.10624649839087,135.1617477048836,139.5168590378874,159.61084271878136,169.56730320763364
2012-06-01,3293,500000,68026000,138.0,138.0,133.0,134.5,-5.5,416,135.57083099892725,135.0414299403593,139.0806104258972,158.86126532419087,169.30264431550057
2012-06-04,3293,752000,96053500,127.0,130.0,126.0,129.5,-5.0,534,133.5472206659515,134.03389722393035,138.24751386712353,157.98480964287174,169.00224699991188
2012-06-05,3293,469000,61888000,131.0,134.0,130.5,130.5,1.0,363,132.53148044396767,133.39137045594302,137.5738170091128,157.16436756398005,168.71166400368614
2012-06-06,3293,422000,55435000,132.5,134.0,130.0,130.5,0.0,349,131.85432029597845,132.86566673668065,136.95870248658125,156.36841629341347,168.4232740866772
2012-06-07,3293,380000,49764500,133.5,133.5,130.0,130.0,-0.5,293,131.2362135306523,132.34463642092052,136.3535979225307,155.58129938913248,168.13328711243813
2012-06-08,3293,277000,35644000,130.0,131.0,127.5,129.0,-1.0,239,130.49080902043485,131.7365207080259,135.71415462491933,154.78782776557628,167.8379415493254
2012-06-11,3293,290000,37871000,130.0,132.0,129.5,130.0,1.0,230,130.32720601362323,131.420789670203,135.21727161405678,154.0478926083949,167.5523721791418
2012-06-12,3293,350000,46101000,130.0,133.5,128.5,133.0,3.0,297,131.21813734241547,131.70791882107517,135.0244653867475,153.41959730665178,167.29159955892186
2012-06-13,3293,320000,42656000,134.0,134.0,132.5,132.5,-0.5,275,131.64542489494366,131.8519335808797,134.8049466574651,152.79513171540844,167.0290214490432
2012-06-14,3293,490000,65865000,132.5,136.5,131.0,135.5,3.0,422,132.93028326329576,132.5152183843561,134.8653860785551,152.2788591268888,166.7910665701825
2012-06-15,3293,1168000,162382000,136.0,141.0,135.5,140.5,5.0,932,135.4535221755305,133.96699685992772,135.35535250650685,151.92725139175778,166.5926434262566
2012-06-18,3293,790000,112428000,143.5,144.0,141.0,142.0,1.5,636,137.63568145035367,135.4275428853954,135.93314794072364,151.63091552931724,166.40703857020938
2012-06-19,3293,351000,49063000,141.5,141.5,139.0,139.0,-3.0,306,138.0904543002358,136.07708054259624,136.1998307284868,151.25387327471074,166.2001929960946
2012-06-20,3293,535000,75825000,141.0,142.5,140.0,142.0,3.0,446,139.3936362001572,137.15397498939691,136.70419327383578,150.97763825158503,166.0175500300863
2012-06-21,3293,277000,38981000,142.0,142.0,139.5,140.0,-2.0,248,139.59575746677146,137.67143408223384,136.99078516306744,150.64994755750786,165.8211911619347
2012-06-22,3293,1078000,154782500,138.0,145.5,137.5,145.5,5.5,902,141.56383831118097,139.09480970364586,137.7307168880181,150.4962177796718,165.66782368146727
2012-06-25,3293,820000,120120000,144.5,148.5,144.5,145.0,-0.5,679,142.70922554078732,140.16848066661933,138.36282846297306,150.33215157729356,165.5118401065128
2012-06-26,3293,682000,97097500,144.0,145.0,141.0,141.5,-3.5,509,142.30615036052487,140.41057509087037,138.63562598793192,150.06850526155344,165.33061867174666
2012-06-27,3293,337000,48257500,141.5,144.0,141.5,143.0,1.5,305,142.53743357368324,140.88137961980303,139.01513677159002,149.85750510449213,165.16208570063915
2012-06-28,3293,390000,55928500,145.0,145.0,142.0,142.0,-1.0,296,142.35828904912216,141.0847651434752,139.2746900957996,149.62295271331325,164.98727750667206
2012-06-29,3293,334000,48164000,143.5,145.0,142.5,145.0,3.0,285,143.23885936608144,141.79662602647971,139.77254313094747,149.48495412485613,164.83643012926322
2012-07-02,3293,1048000,156498500,147.5,152.5,146.0,152.0,7.0,835,146.15923957738764,143.65178493075612,140.83580024999551,149.56003012112907,164.7395514113065
2012-07-03,3293,806000,122354000,154.0,154.0,150.5,151.5,-0.5,584,147.93949305159177,145.0787331251641,141.7631219673872,149.61793966975208,164.63963026857968
2012-07-04,3293,1028000,158599500,152.5,155.0,152.5,155.0,3.5,782,150.29299536772785,146.88259982967972,142.91415483978832,149.7785981870729,164.56687834202435
2012-07-05,3293,1784000,268439500,154.5,154.5,148.0,150.0,-5.0,1415,150.1953302451519,147.44939986064705,143.53031528850238,149.785207196414,164.45693963755625
2012-07-06,3293,1119000,151160500,139.0,139.0,132.5,133.0,0.0,905,144.46355349676793,144.82223624962032,142.61463569819782,149.28415623532703,164.21952877236714
2012-07-09,3293,634000,85995500,135.0,138.0,133.5,135.0,2.0,508,141.30903566451195,143.0363751133257,141.95249346357193,148.85776351188443,163.99900402691532
2012-07-10,3293,431000,57623000,133.5,135.5,133.0,133.0,-2.0,379,138.53935710967463,141.21157963817558,141.1740157710874,148.38439743690282,163.76504927954238
2012-07-11,3293,233000,30804500,133.0,133.5,131.0,132.0,-1.0,210,136.35957140644976,139.5367469766891,140.3762752692537,147.895310946249,163.5253130585647
2012-07-12,3293,278000,36350000,132.0,133.0,130.0,130.0,-2.0,251,134.23971427096652,137.80279298092745,139.47399046323164,147.3611225597938,163.27229182793403
2012-07-13,3293,252000,32734500,130.0,132.0,128.5,129.0,-1.0,238,132.49314284731102,136.20228516621336,138.5632086838202,146.8130293490537,163.01363302168548
2012-07-16,3293,181000,23458500,130.0,131.0,129.0,129.0,0.0,164,131.32876189820735,134.8927787723564,137.73162532000975,146.28129712967896,162.75692635737087
2012-07-17,3293,244000,31751000,129.0,132.0,128.5,132.0,3.0,215,131.55250793213824,134.36681899556433,137.23322311826976,145.85498975267362,162.5247986112775
2012-07-18,3293,164000,21569000,133.0,133.0,130.0,130.0,-2.0,143,131.03500528809215,133.57285190546173,136.60424719494196,145.3817064764744,162.27932843307917
2012-07-19,3293,134000,17564000,132.0,132.0,130.5,131.0,1.0,124,131.0233368587281,133.10506064992325,136.11692135190353,144.95240180553486,162.04325802981066
2012-07-20,3293,109000,14284000,131.5,131.5,130.0,131.0,0.0,104,131.01555790581872,132.7223223499372,135.6719716691293,144.5359121993995,161.80896928996304
2012-07-23,3293,227000,29006500,129.0,129.0,127.0,127.5,-3.5,205,129.84370527054583,131.77280919540317,134.9613654370311,144.0273775068801,161.5500336726803
2012-07-24,3293,179000,22665500,126.5,127.5,126.0,127.0,-0.5,153,128.89580351369722,130.90502570532988,134.26907279033276,143.5190975813016,161.28927870156573
2012-07-25,3293,128000,16321500,126.5,129.0,126.0,127.0,0.0,111,128.26386900913147,130.19502103163353,133.63697950421687,143.02599019081498,161.03049169249732
2012-07-26,3293,122000,15663500,128.5,129.0,127.5,128.0,1.0,104,128.17591267275432,129.79592629860926,133.1468073734154,142.57745317019365,160.78120496274263
2012-07-27,3293,196000,25427500,129.0,130.5,129.0,129.5,1.5,162,128.61727511516955,129.74212151704393,132.8296936887706,142.18708143376995,160.54512039698608
2012-07-30,3293,120000,15530500,130.0,131.0,128.0,128.0,-1.5,104,128.41151674344636,129.42537215030868,132.40972032452967,141.7635864655977,160.29949684682015
2012-07-31,3293,207000,26932500,128.5,131.5,128.5,131.5,3.5,167,129.44101116229757,129.80257721388892,132.33061420935317,141.45721075020674,160.0821421536366
2012-08-01,3293,245000,32451500,132.0,133.5,130.5,132.0,0.5,192,130.2940074415317,130.20210862954548,132.3018651476703,141.17490595169312,159.87020145813744
2012-08-03,3293,275000,35665000,132.0,133.0,128.5,129.0,-3.0,195,129.8626716276878,129.98354342417358,132.01474643917723,140.81147592328438,159.6372188056232
2012-08-06,3293,259000,33376500,132.0,132.0,127.0,128.0,-1.0,205,129.2417810851252,129.62289916523292,131.6656380531618,140.42904380617142,159.39844734293925
2012-08-07,3293,874000,106407000,126.0,126.0,120.0,120.5,-7.5,575,126.32785405675014,127.96419022609966,130.69471300506078,139.83414697613645,159.10487415544537
2012-08-08,3293,330000,39351500,120.0,120.5,118.0,120.5,0.0,285,124.38523603783342,126.60706473044517,129.80821622201202,139.2570082604309,158.81351661464956
2012-08-09,3293,368000,44813000,120.5,124.0,120.5,124.0,3.5,308,124.25682402522229,126.13305296127332,129.30315394183705,138.80157517802996,158.55077309302956
2012-08-10,3293,188000,23100500,124.0,124.0,122.0,123.0,-1.0,167,123.83788268348152,125.56340696831454,128.75505359906862,138.32988636674548,158.28246537157273
2012-08-13,3293,137000,16652000,123.0,123.0,121.0,121.0,-2.0,119,122.89192178898769,124.73369661043917,128.08070111219308,137.8125763259471,158.00108827442878
2012-08-14,3293,205000,24897500,121.0,123.0,121.0,122.0,1.0,181,122.59461452599179,124.2366608630866,127.55194449374152,137.3405591221875,157.72938194782932
2012-08-15,3293,327000,40431000,122.0,125.0,121.0,123.0,1.0,278,122.72974301732786,124.01181343343448,127.15612323341617,136.9124827304804,157.46727340482684
2012-08-16,3293,170000,20928000,124.0,124.0,122.5,123.0,0.0,130,122.81982867821857,123.82784735462822,126.7947212131191,136.49718473852576,157.2071430395074
2012-08-17,3293,191000,23362500,122.0,123.5,121.5,122.0,-1.0,156,122.54655245214572,123.49551147196854,126.37778893371744,136.06443295528618,156.94142875241678
2012-08-20,3293,425000,50836000,121.0,121.5,118.0,119.0,-3.0,274,121.36436830143047,122.67814574979245,125.73624206991592,135.55504689691944,156.65507834673818
2012-08-21,3293,205000,24328500,118.0,119.5,118.0,119.0,0.0,174,120.57624553428698,122.00939197710291,125.15048188992323,135.06086639253377,156.37088907619676
2012-08-22,3293,90000,10738500,119.0,120.0,119.0,119.0,0.0,77,120.05083035619133,121.46222979944784,124.615657377756,134.58143754499545,156.08884463033868
2012-08-23,3293,150000,17813000,119.0,119.5,118.5,118.5,-0.5,121,119.53388690412756,120.9236425631846,124.08386108403808,134.10139463320454,155.80515523690215
2012-08-24,3293,125000,14910000,118.5,120.0,118.5,119.5,1.0,107,119.52259126941837,120.6647984607874,123.68526446803476,133.66553210684023,155.5311540653029
2012-08-27,3293,212000,25615500,120.5,121.5,120.0,121.0,1.5,178,120.01506084627891,120.72574419518969,123.45176320994479,133.2874565215614,155.27054158179118
2012-08-28,3293,128000,15299500,121.0,121.0,119.0,119.0,-2.0,114,119.67670723085261,120.41197252333701,123.06465336560176,132.8609652821118,154.99680164532484
2012-08-29,3293,132000,15715000,119.0,120.0,118.5,118.5,-0.5,121,119.28447148723508,120.06434115545756,122.66772698598422,132.4322797513025,154.7213540857375
2012-08-30,3293,204000,24121500,118.0,119.5,117.5,118.0,-0.5,129,118.85631432482339,119.68900639991982,122.26183768285516,132.00146543036809,154.44421179075078
2012-08-31,3293,96000,11351000,118.0,119.5,118.0,118.0,0.0,73,118.57087621654892,119.38191432720713,121.89124310173732,131.5835112384168,154.16916113572626
2012-09-03,3293,100000,11883000,118.5,119.5,118.0,119.5,1.5,75,118.88058414436595,119.4033844495331,121.68330891897754,131.22280941040435,153.90750708941889
2012-09-04,3293,147000,17441000,119.5,119.5,118.0,118.0,-1.5,128,118.58705609624397,119.14822364052709,121.36302118689254,130.82809868173555,153.63650703591384
2012-09-05,3293,193000,22771500,118.0,119.0,117.0,117.0,-1.0,141,118.05803739749598,118.75763752406762,120.98362804020623,130.4153196166091,153.36000509602016
2012-09-06,3293,532000,61391500,116.0,117.0,114.0,114.0,-3.0,338,116.70535826499732,117.89261251969168,120.37635603671004,129.92531007581482,153.06294845378605
2012-09-07,3293,244000,27839500,115.0,115.5,113.5,114.0,0.0,214,115.80357217666487,117.18486478883865,119.82189029438743,129.44992768549199,152.76813374847447
2012-09-10,3293,273000,30776000,114.0,114.0,111.5,111.5,-2.5,204,114.36904811777659,116.15125300904981,119.09824766009287,128.91410894861164,152.45667613527843
2012-09-11,3293,609000,66030000,111.0,111.5,105.0,107.0,-4.5,439,111.91269874518439,114.48738882558621,118.04622612443262,128.25995644268295,152.11360688142727
2012-09-12,3293,282000,30497000,107.0,109.0,107.0,108.0,1.0,244,110.60846583012292,113.30786358457054,117.17264124404717,127.65518162349838,151.7806739993033
2012-09-13,3293,260000,28227000,109.0,110.0,107.5,108.0,0.0,236,109.73897722008195,112.342797478285,116.37502026630393,127.06845978399096,151.4502538181765
2012-09-14,3293,271000,29509500,110.0,110.0,108.5,108.5,0.5,216,109.32598481338796,111.64410702768772,115.69023589532098,126.51417740237929,151.1261009591714
2012-09-17,3293,480000,53630500,109.5,115.0,108.0,115.0,6.5,411,111.21732320892531,112.25426938628996,115.63021538268437,126.17047061424856,150.8534511406116
2012-09-18,3293,508000,58938000,116.0,117.5,114.5,115.0,0.0,441,112.47821547261687,112.75349313423725,115.57541404505965,125.83702373024114,150.58285905653153
2012-09-19,3293,202000,23434000,115.0,116.5,115.0,116.5,1.5,153,113.81881031507791,113.43467620073956,115.65581282375011,125.55830660396529,150.32562993157657
2012-09-20,3293,212000,24861500,116.5,118.5,116.0,117.5,1.0,171,115.04587354338527,114.17382598242328,115.81617692603271,125.31776013817529,150.0778893283194
2012-09-21,3293,141000,16492500,117.5,118.0,116.5,117.0,-0.5,94,115.69724902892351,114.68767580380087,115.91911806289943,125.06946879076708,149.8282448805585
2012-09-24,3293,78000,9069000,117.0,117.5,115.5,115.5,-1.5,72,115.63149935261568,114.83537111220072,115.88267301395165,124.78381300596806,149.56916378712032
2012-09-25,3293,177000,20184500,114.5,115.5,112.5,113.0,-2.5,150,114.75433290174378,114.50166727361876,115.63200579534715,124.4320573938496,149.2931700981609
2012-09-26,3293,146000,16166500,112.0,112.0,110.0,111.0,-2.0,134,113.50288860116252,113.86500049659718,115.22922268270827,124.03110045671977,149.0041650408163
2012-09-27,3293,97000,10829500,111.0,113.0,110.0,111.5,0.5,86,112.83525906744168,113.43500040630678,114.90494244942929,123.65703775651917,148.72111473862145
2012-09-28,3293,100000,11083500,112.5,112.5,110.0,110.5,-1.0,85,112.05683937829446,112.90136396879646,114.52190397556586,123.26429036080218,148.43265349531111
2012-10-01,3293,263000,30242000,112.0,116.5,112.0,115.0,4.5,210,113.03789291886297,113.28293415628801,114.56347754290796,123.01759512615136,148.18033158213896
2012-10-02,3293,207000,24140500,117.0,118.0,116.0,116.0,1.0,165,114.02526194590864,113.77694612787201,114.68839253917683,122.80811467462446,147.93746115510396
2012-10-03,3293,123000,14190500,116.5,117.5,114.0,114.0,-2.0,112,114.01684129727242,113.81750137734983,114.62853231837884,122.54518587836702,147.6813293728013
2012-10-04,3293,228000,25455500,111.0,112.5,110.5,112.0,-2.0,186,113.34456086484828,113.48704658146804,114.39996429069373,122.23040421035607,147.4120363209311
2012-10-05,3293,142000,16151500,112.0,115.0,112.0,113.0,1.0,122,113.22970724323218,113.39849265756476,114.27822826541602,121.95486975631559,147.1523228392637
2012-10-08,3293,89000,10012000,113.0,113.5,111.0,111.0,-2.0,78,112.48647149548812,112.96240308346208,113.99316493798854,121.62785871881363,146.8794751197221
2012-10-09,3293,119000,13182500,111.0,111.5,110.0,110.0,-1.0,101,111.65764766365875,112.42378434101443,113.64593320425041,121.28075845855054,146.60113945844117
2012-10-11,3293,176000,18966000,109.5,109.5,107.0,107.5,-2.5,145,110.27176510910583,111.52855082446635,113.11150422996776,120.8693925344147,146.30603651913216
2012-10-12,3293,97000,10464000,107.5,109.5,107.0,108.0,0.5,90,109.51451007273722,110.88699612910884,112.66702560127491,120.48523156323814,146.01693435672362
2012-10-15,3293,79000,8464000,108.0,108.0,106.5,107.0,-1.0,75,108.67634004849148,110.18026956017995,112.17424076638144,120.08268733746984,145.72246692761627
2012-10-16,3293,129000,14063000,107.0,110.0,107.0,109.5,2.5,118,108.95089336566099,110.05658418560178,111.94169809104393,119.7667862229185,145.4490898187286
2012-10-17,3293,68000,7449000,111.0,111.0,108.5,108.5,-1.0,63,108.80059557710733,109.77356887912873,111.64241999617055,119.43046424611497,145.1702287634929
2012-10-18,3293,76000,8248500,109.0,109.0,108.0,109.0,0.5,68,108.86706371807155,109.63291999201442,111.41264434432964,119.11910710443989,144.8972459049005
2012-10-19,3293,83000,9012000,109.0,109.0,108.0,108.0,-1.0,71,108.57804247871437,109.3360254480118,111.11589266221401,118.78719345953124,144.61877612448615
2012-10-22,3293,180000,19735000,108.0,111.5,106.0,110.5,2.5,166,109.21869498580958,109.54765718473692,111.06233677854323,118.5398145502915,144.3612759273202
2012-10-23,3293,273000,30902000,111.5,115.0,110.0,114.0,3.5,246,110.81246332387305,110.3571740602393,111.31778575432207,118.40429769804399,144.13213422220835
2012-10-24,3293,286000,32738500,112.0,116.5,112.0,114.5,0.5,230,112.04164221591536,111.1104151401958,111.59450003655493,118.28775149810238,143.90849547336148
2012-10-25,3293,158000,17868000,114.5,116.0,112.0,112.0,-2.5,126,112.02776147727691,111.27215784197838,111.62976090294146,118.10005742353216,143.66767663960027
2012-10-26,3293,339000,36693500,112.0,112.0,105.0,107.0,-5.0,277,110.35184098485128,110.49540187070959,111.22717299833785,117.76871242581478,143.39093945741462
2012-10-29,3293,364000,37496300,107.0,107.0,99.9,101.0,-6.0,290,107.23456065656752,108.76896516694421,110.33785360717803,117.26815384593972,143.0710078388681
2012-10-30,3293,199000,20329500,100.5,103.5,100.5,103.0,2.0,177,105.82304043771168,107.72006240931799,109.6997793804669,116.84223880576242,142.7685851381974
2012-10-31,3293,182000,18825000,102.5,105.0,102.0,104.5,1.5,152,105.38202695847446,107.13459651671472,109.24762465173065,116.47381376678443,142.47976562772044
2012-11-01,3293,244000,25134500,104.5,105.5,101.0,104.5,0.0,161,105.08801797231631,106.65557896822114,108.8347877254932,116.116386490164,142.19312588713387
2012-11-02,3293,107000,11166000,106.0,106.0,103.0,103.0,-1.5,97,104.3920119815442,105.99092824672638,108.32741487979814,115.72485256508448,141.8973287106272
2012-11-05,3293,135000,13648000,103.0,103.0,100.0,100.5,-2.5,108,103.0946746543628,104.9925776564125,107.64677010764179,115.27037935418643,141.584896041113
2012-11-06,3293,110000,11004600,100.0,101.5,99.2,100.5,0.0,97,102.22978310290854,104.17574535524659,107.02531183741206,114.8294725077928,141.27482135401027
2012-11-07,3293,122000,12285000,101.5,101.5,100.0,100.5,0.0,104,101.65318873527237,103.50742801792903,106.45789341676753,114.40172705979899,140.96708685322528
2012-11-08,3293,324000,33666300,100.0,106.5,99.1,105.0,4.5,235,102.76879249018158,103.77880474194194,106.33112007617905,114.12107849084977,140.69563714112547
2012-11-09,3293,283000,30353500,105.0,109.0,104.0,108.0,3.0,232,104.51252832678772,104.54629478886159,106.47624006955478,113.93835972992888,140.44887761553207
2012-11-12,3293,155000,16502000,108.0,108.5,105.5,106.0,-2.0,123,105.00835221785847,104.81060482725039,106.43482788959349,113.70139376784145,140.18888608635825
2012-11-13,3293,123000,12745000,106.0,106.0,102.0,103.0,-3.0,103,104.33890147857231,104.4814039495685,106.13614720354188,113.38194917775664,139.90821524797065
2012-11-14,3293,43000,4439500,102.0,104.0,102.0,104.0,1.0,37,104.2259343190482,104.39387595873787,105.95039527279911,113.10189099334599,139.63720984987276
2012-11-15,3293,60000,6234500,103.0,104.5,103.0,104.0,0.0,40,104.15062287936547,104.32226214805826,105.78079568386006,112.83019275473865,139.3682497755341
2012-11-16,3293,100000,10400500,103.0,105.0,103.0,103.0,-1.0,87,103.76708191957698,104.0818508484113,105.5389873635244,112.53675416504495,139.09377241873761
2012-11-19,3293,103000,10491500,103.5,103.5,101.0,101.0,-2.0,81,102.84472127971799,103.52151433051834,105.14429281017445,112.19237344370033,138.8062722495396
2012-11-20,3293,95000,9587000,102.0,102.5,100.0,100.0,-1.0,86,101.89648085314532,102.88123899769683,104.69696300059407,111.82842199761973,138.513394723128
2012-11-21,3293,103000,10429500,100.0,102.0,100.0,101.5,1.5,87,101.76432056876355,102.63010463447922,104.41896621793371,111.52011089321317,138.2340483478591
2012-11-22,3293,69000,7101500,102.0,103.5,102.0,102.5,1.0,52,102.00954704584237,102.60644924639209,104.2520995902873,111.25085385162473,137.96435741693188
2012-11-23,3293,240000,24726000,103.0,103.5,102.5,103.5,1.0,188,102.50636469722825,102.76891301977534,104.18669962591449,111.01948507993444,137.70424905906825
2012-11-26,3293,129000,13365000,104.0,105.0,102.0,103.0,-0.5,119,102.67090979815217,102.81092883436165,104.08350835409584,110.78009746560804,137.4423301982451
2012-11-27,3293,199000,20571000,103.0,105.0,102.0,103.5,0.5,173,102.94727319876812,102.93621450084134,104.03276849721794,110.56278112335109,137.186161668447
2012-11-28,3293,113000,11592500,103.5,103.5,102.0,102.5,-1.0,104,102.79818213251208,102.85690277341564,103.89948428006856,110.32210108981822,136.92437931623232
2012-11-29,3293,105000,10813000,102.5,103.5,102.5,103.0,0.5,97,102.86545475500806,102.88292045097643,103.82126825571477,110.1035309080326,136.66834626478905
2012-11-30,3293,274000,28698000,103.0,106.0,103.0,105.0,2.0,231,103.57696983667203,103.26784400534434,103.92376666826131,109.95118670182266,136.42933987788498
2012-12-03,3293,992000,110213500,106.0,112.0,106.0,112.0,7.0,732,106.38464655778135,104.85550873164537,104.62604782754293,110.0123453077384,136.24496750144812
2012-12-04,3293,512000,57395000,112.0,113.5,110.5,112.0,0.0,433,108.2564310385209,106.15450714407349,105.2672610599305,110.07167828362681,136.06198661464472
2012-12-05,3293,293000,32479500,111.5,112.0,110.0,110.0,-2.0,263,108.83762069234727,106.85368766333286,105.6788035764583,110.06953863336929,135.86529237604364
2012-12-06,3293,482000,53149000,108.0,113.0,108.0,111.0,1.0,401,109.55841379489819,107.60756263363598,106.14151630894018,110.09731359953737,135.6776297920735
2012-12-07,3293,454000,51461500,112.0,115.5,111.0,111.0,0.0,377,110.03894252993213,108.22436942752034,106.56399315164104,110.12425946223775,135.49138352949183
2012-12-10,3293,140000,15509500,111.0,112.0,110.0,110.0,-1.0,122,110.02596168662141,108.54721134978938,106.86277635584617,110.12055022455901,135.29899572926925
2012-12-11,3293,129000,13993000,110.0,110.0,108.0,108.0,-2.0,98,109.35064112441428,108.4477183771004,106.96166536838128,110.05725021785575,135.09296557282192
2012-12-12,3293,232000,25127500,108.5,109.5,107.5,107.5,-0.5,179,108.73376074960952,108.27540594490033,107.00847707547855,109.98091439045707,134.8847167760459
2012-12-13,3293,143000,15555000,108.0,110.0,107.5,108.5,1.0,120,108.65584049973968,108.31624122764572,107.13817472108911,109.93670799074194,134.6855868381135
2012-12-14,3293,89000,9611000,108.5,109.0,107.0,108.0,-0.5,73,108.43722699982645,108.25874282261923,107.21311604969006,109.87889581191382,134.4841861827315
2012-12-17,3293,115000,12296000,108.0,108.0,106.0,107.0,-1.0,93,107.95815133321763,108.02988049123391,107.19458421928222,109.79295862349848,134.27675836248446
2012-12-18,3293,58000,6237500,107.0,108.0,107.0,107.0,0.0,54,107.63876755547842,107.84262949282774,107.17766385238811,109.70958672428957,134.07089603522041
2012-12-19,3293,406000,45243000,108.0,112.5,108.0,111.5,4.5,347,108.92584503698562,108.50760594867724,107.55351916957176,109.76303189669883,133.90054965004893
2012-12-20,3293,199000,21944500,111.5,111.5,109.0,110.5,-1.0,167,109.45056335799042,108.8698594125541,107.80973489395681,109.78503094455857,133.72394172816178
2012-12-21,3293,267000,29611500,110.5,112.0,109.5,112.0,1.5,201,110.30037557199361,109.43897588299882,108.17410577274318,109.85114942382548,133.5599874509681
2012-12-22,3293,228000,25783500,113.0,114.5,111.5,112.5,0.5,188,111.03358371466241,109.99552572245358,108.55027048815681,109.93021959027844,133.40104414945137
2012-12-24,3293,257000,29349000,113.0,116.0,113.0,113.0,0.5,217,111.68905580977494,110.54179377291656,108.93720348918666,110.02185482638953,133.2470740049272
2012-12-25,3293,112000,12589500,113.0,113.5,111.0,113.0,0.0,96,112.12603720651663,110.988740359659,109.29049014230087,110.1107546823182,133.09426589922964
2012-12-26,3293,116000,13149500,113.0,115.0,112.0,112.0,-1.0,91,112.08402480434442,111.17260574881192,109.52609969514427,110.16715006493557,132.935063892443
2012-12-27,3293,125000,14053500,112.5,113.5,111.5,112.0,0.0,93,112.05601653622962,111.32304106720976,109.74122146078389,110.2218620032957,132.77706341023588
2012-12-28,3293,170000,19220500,113.0,114.5,112.0,112.5,0.5,158,112.20401102415308,111.53703360044435,109.98111524680269,110.2898661226003,132.62402896940392
2013-01-02,3293,117000,13103000,113.5,113.5,111.0,111.0,-1.5,98,111.80267401610205,111.43939112763628,110.06971392099376,110.31106414879133,132.46082875076692
2013-01-03,3293,187000,20584000,112.0,112.5,109.0,109.0,-2.0,159,110.86844934406803,110.99586546806606,109.97669531916821,110.27192790554383,132.28376589227057
2013-01-04,3293,155000,16960000,109.0,110.0,108.5,109.5,0.5,112,110.41229956271202,110.72388992841768,109.93524355228402,110.24888528149775,132.11181294214023
2013-01-07,3293,138000,14982000,110.0,110.5,108.0,108.0,-1.5,113,109.60819970847469,110.22863721415992,109.76696150425933,110.18175437757245,131.9298369954071
2013-01-08,3293,141000,15107000,108.0,108.5,106.5,107.0,-1.0,121,108.73879980564979,109.64161226613083,109.52635615606286,110.08677663495834,131.7416872822342
2013-01-09,3293,148000,15901000,107.0,108.5,106.5,108.5,1.5,118,108.6591998704332,109.4340463995616,109.43710779466609,110.03941016824317,131.56627832161357
2013-01-10,3293,125000,13554000,110.0,110.5,107.0,107.0,-1.5,109,108.10613324695547,108.99149250873221,109.2251853777386,109.94868150650457,131.38087244748817
2013-01-11,3293,97000,10385500,108.5,108.5,106.5,107.0,0.0,82,107.73742216463698,108.62940296168999,109.03169099706568,109.86066116302682,131.19686586297883
2013-01-14,3293,73000,7869000,108.0,108.5,107.0,107.5,0.5,67,107.65828144309133,108.42405696865545,108.89850047558171,109.79019366562304,131.01802159231482
2013-01-15,3293,83000,8952000,107.0,108.5,107.0,107.5,0.0,65,107.60552096206088,108.2560466107181,108.7768917385746,109.72182967560444,130.84052708973132
2013-01-16,3293,589000,60379000,107.0,107.0,100.0,101.5,-6.0,432,105.57034730804058,107.02767449967844,108.14411854391594,109.47640192409386,130.61908914943146
2013-01-17,3293,337000,34042100,102.0,103.5,99.1,100.0,-1.5,292,103.71356487202705,105.7499154997369,107.43593432270586,109.19352425471793,130.38800168415273
2013-01-18,3293,138000,14073000,100.0,103.5,100.0,103.5,3.5,106,103.64237658135137,105.34083995433019,107.0936791642097,109.0235683068159,130.18507336955534
2013-01-21,3293,90000,9316500,104.0,104.0,102.5,104.0,0.5,72,103.76158438756758,105.0970508717247,106.8246635847132,108.87361104392588,129.9874501743134
2013-01-22,3293,44000,4532500,104.0,104.0,102.5,103.5,-0.5,43,103.67438959171172,104.80667798595658,106.5355624034338,108.71320474410719,129.78754488997896
2013-01-23,3293,44000,4515500,103.0,103.5,102.0,102.5,-1.0,41,103.28292639447447,104.38728198850993,106.18464393356999,108.52773594577563,129.58160115496025
2013-01-24,3293,36000,3719000,102.5,104.0,102.5,102.5,0.0,34,103.02195092964965,104.04413980878086,105.86424011325956,108.34780352948383,129.3772117122813
2013-01-25,3293,92000,9383000,102.5,103.0,101.0,102.0,-0.5,75,102.68130061976643,103.67247802536616,105.52821923384568,108.15831685696192,129.17059124652823
2013-01-28,3293,67000,6922500,104.0,104.5,102.5,102.5,0.5,52,102.62086707984429,103.45930020257231,105.26489582220692,107.98941187615708,128.96930376542235
2013-01-29,3293,216000,22298500,103.0,104.0,102.5,103.0,0.5,135,102.74724471989619,103.3757910748319,105.06794835940632,107.84047420821209,128.77330902002294
2013-01-30,3293,236000,24273000,103.0,103.5,102.0,102.5,-0.5,195,102.66482981326412,103.21655633395336,104.84464850206663,107.68105706766845,128.57501989534353
2013-01-31,3293,364000,37761500,104.0,105.0,103.0,103.0,0.5,282,102.77655320884274,103.17718245505276,104.68424428449562,107.54132402087238,128.38200087726545
2013-02-01,3293,175000,18081000,103.0,104.0,102.5,103.0,0.0,139,102.85103547256183,103.14496746322499,104.53778825975687,107.40576210980156,128.19043860649364
2013-02-04,3293,157000,16157000,103.0,104.0,102.5,102.5,-0.5,113,102.73402364837456,103.02770065172953,104.36058928064757,107.25932144980749,127.99654850380313
2013-02-05,3293,84000,8613500,102.0,103.0,102.0,103.0,0.5,70,102.8226824322497,103.0226641695969,104.24227716928692,107.13217752593263,127.80789530754801
2013-02-06,3293,142000,14569500,103.0,103.5,102.0,102.0,-1.0,113,102.54845495483313,102.83672522967018,104.04729654587067,106.97897819680031,127.61311873918916
2013-02-18,3293,120000,12187000,103.0,103.0,100.5,101.0,-1.0,82,102.0323033032221,102.50277518791196,103.78231423753408,106.8005012357018,127.41226501285566
2013-02-19,3293,67000,6837500,103.0,103.0,101.0,102.5,1.5,59,102.18820220214806,102.50227060829161,103.67080865166155,106.67212806448683,127.22424791841901
2013-02-20,3293,80000,8158000,103.0,103.0,101.5,102.0,-0.5,65,102.12546813476537,102.41094867951132,103.52552094282142,106.53266155509917,127.03387623601584
2013-02-21,3293,47000,4768000,102.0,102.0,101.0,101.5,-0.5,41,101.91697875651025,102.2453216468729,103.3493886869239,106.38243285196188,126.84116773612138
2013-02-22,3293,114000,11503000,101.5,101.5,100.5,101.0,-0.5,87,101.61131917100683,102.01889952925964,103.14509401849574,106.22176321458988,126.64614005509405
2013-02-23,3293,63000,6351000,101.0,101.5,100.5,101.0,0.0,56,101.40754611400455,101.83364506939425,102.95856410384394,106.06588968579615,126.45258428109334
2013-02-25,3293,66000,6656000,101.0,102.0,100.5,101.0,0.0,55,101.27169740933637,101.6820732385953,102.78825418177055,105.91466909816045,126.26048930538697
2013-02-26,3293,44000,4437000,100.5,101.5,100.5,101.0,0.0,35,101.18113160622424,101.55805992248706,102.63275381813833,105.76796255791685,126.06984410308216
2013-02-27,3293,80000,8099500,101.0,102.0,100.5,102.0,1.0,67,101.45408773748282,101.63841266385305,102.57773174699587,105.65548606365067,125.88818490230419
2013-03-01,3293,51000,5195500,102.5,102.5,101.0,101.5,-0.5,48,101.46939182498855,101.61324672497068,102.48401594290927,105.53144170354169,125.7041231294566
2013-03-04,3293,38000,3845000,101.5,101.5,101.0,101.0,-0.5,31,101.3129278833257,101.50174732043055,102.35497107830847,105.39617478701805,125.51767691715882
2013-03-05,3293,387000,40519000,101.0,106.5,101.0,104.0,3.0,321,102.2086185888838,101.95597508035227,102.49801707149904,105.35449792770409,125.35527935551988
2013-03-06,3293,143000,14739500,105.0,105.5,102.5,103.0,-1.0,115,102.47241239258919,102.1457977930155,102.5416677609339,105.28421440747411,125.18656026604427
2013-03-07,3293,132000,13610500,104.0,104.5,102.0,102.5,-0.5,99,102.48160826172612,102.21019819428541,102.53804447737444,105.20110352963906,125.01534094328167
2013-03-08,3293,123000,12611000,103.5,104.0,101.5,101.5,-1.0,115,102.15440550781742,102.08107124986988,102.44777974021144,105.09062282726177,124.83786667201161
2013-03-11,3293,185000,18757500,101.5,102.5,100.5,101.0,-0.5,154,101.76960367187827,101.88451284080263,102.32188584975827,104.9685146831644,124.65795824429831
2013-03-12,3293,93000,9427000,101.0,102.5,100.5,101.0,0.0,83,101.51306911458552,101.72369232429305,102.20693925412712,104.85005155829383,124.47940761603945
2013-03-13,3293,75000,7571500,101.0,101.5,100.5,101.0,0.0,63,101.34204607639035,101.59211190169432,102.10198801463781,104.73512464610596,124.30220453969199
2013-03-14,3293,89000,8956500,100.5,101.5,100.0,100.5,-0.5,75,101.0613640509269,101.39354610138626,101.96268470901713,104.60870301487891,124.12256526014714
2013-03-15,3293,114000,11578500,101.0,102.5,100.0,102.5,2.0,96,101.5409093672846,101.59471953749785,102.00940777779824,104.5457566562258,123.95937608837245
2013-03-18,3293,55000,5551000,102.5,102.5,100.5,101.0,-1.5,47,101.3606062448564,101.48658871249825,101.92163318842448,104.4399131739504,123.78609777827153
2013-03-19,3293,68000,6854000,100.5,101.0,100.5,101.0,0.0,55,101.2404041632376,101.39811803749856,101.84149117203974,104.3372291986086,123.61412722900155
2013-03-20,3293,124000,12436500,100.5,101.0,100.0,100.5,-0.5,103,100.99360277549174,101.23482384886246,101.72483976577541,104.22268504342625,123.4396809857638
2013-03-21,3293,190000,18927500,100.0,100.5,99.0,99.0,-1.5,155,100.3290685169945,100.82849223997837,101.48789717744712,104.06678399735382,123.25523056322973
2013-03-22,3293,474000,45226400,99.0,99.0,94.3,94.4,-4.6,396,98.352712344663,99.65967546907322,100.87155829245172,103.7782232810149,123.03745523822423
2013-03-25,3293,484000,44387800,94.4,94.4,91.0,91.1,-3.3,395,95.93514156310867,98.10337083833264,100.02185757136897,103.39976885471594,122.7964178401999
2013-03-26,3293,415000,37883100,90.0,92.9,89.7,92.9,1.8,344,94.92342770873911,97.15730341318125,99.40256560864124,103.08634291875427,122.5707844980097
2013-03-27,3293,157000,14457000,93.2,93.5,91.3,91.8,-1.1,140,93.8822851391594,96.1832482471483,98.74147294702026,102.74943715998549,122.33855216217566
2013-03-28,3293,168000,15298200,92.0,92.0,90.6,90.8,-1.0,140,92.8548567594396,95.20447583857587,98.05091008206198,102.3927375432695,122.10052535340452
2013-03-29,3293,202000,18298000,91.0,91.5,90.1,90.8,0.0,166,92.16990450629307,94.4036620497439,97.42039616188268,102.04668567630624,121.86429497337883
2013-04-01,3293,105000,9617300,90.8,92.4,90.8,91.5,0.7,95,91.94660300419538,93.87572349524501,96.90557910432766,101.73185923820755,121.63513048301371
2013-04-02,3293,214000,19370700,91.7,91.7,90.1,90.4,-1.1,185,91.43106866946358,93.24377376883683,96.33987657351656,101.39359478333569,121.39939364917964
2013-04-03,3293,243000,21898800,90.6,91.0,89.9,90.0,-0.4,186,90.95404577964239,92.6539967199574,95.78858295842817,101.05348747637044,121.16241709333679
2013-04-08,3293,404000,35012500,89.8,89.8,86.0,86.1,-3.9,288,89.3360305197616,91.46236095269242,94.94609748378224,100.60711471588176,120.89779507753802
2013-04-09,3293,327000,27933300,85.1,86.8,85.0,85.1,-1.0,228,87.92402034650773,90.30556805220289,94.08991509388814,100.14421576913902,120.62762303921699
2013-04-10,3293,554000,46267700,85.0,85.5,82.4,82.8,-2.3,356,86.21601356433848,88.94091931543872,93.10818334659352,99.62647798498563,120.34213154458139
2013-04-11,3293,289000,23906300,83.0,83.7,82.4,82.5,-0.3,229,84.97734237622565,87.76984307626805,92.18573262080278,99.11523983618008,120.0565305517921
2013-04-12,3293,215000,17912800,82.5,83.8,82.5,83.5,1.0,168,84.48489491748377,86.99350797149204,91.43045152334167,98.64911327390605,119.78063220800499
2013-04-15,3293,292000,23745600,82.6,83.6,80.1,80.1,-3.4,188,83.02326327832252,85.7401428857662,90.44519486913805,98.0954084000581,119.48115573851061
2013-04-16,3293,249000,19585200,79.0,80.0,78.0,79.2,-0.9,164,81.74884218554834,84.55102599744508,89.46735183703909,97.53136635826533,119.17714701595581
2013-04-17,3293,175000,13931600,79.0,80.3,78.8,79.5,0.3,142,80.9992281236989,83.63265763427324,88.60062559034004,96.99311661622755,118.87769684979766
2013-04-18,3293,219000,17392700,79.5,79.9,78.7,79.4,-0.1,172,80.46615208246594,82.86308351895083,87.80057119118004,96.46794895604165,118.57975196791239
2013-04-19,3293,256000,20279500,79.1,79.6,78.9,79.0,-0.4,204,79.97743472164396,82.16070469732341,87.03530413107742,95.94651764392101,118.2810368587206
2013-04-22,3293,138000,10878300,79.0,79.2,78.5,78.6,-0.4,111,79.51828981442931,81.51330384326461,86.30179942402721,95.42871114708755,117.98155733525856
2013-04-23,3293,311000,24144100,78.6,78.7,77.0,77.7,-0.9,210,78.91219320961955,80.81997587176195,85.55381686541615,94.89949588896553,117.67754558178491
2013-04-24,3293,247000,19259800,77.8,78.5,77.5,78.3,0.6,214,78.70812880641303,80.36179844053251,84.92305018146692,94.40398854899641,117.38035655852616
2013-04-25,3293,180000,14273000,78.3,79.8,78.2,79.0,0.7,159,78.80541920427535,80.11419872407205,84.40800233960023,93.94416799529502,117.09069349015992
2013-04-26,3293,520000,42627000,79.0,83.0,79.0,82.2,3.2,460,79.93694613618356,80.49343531969532,84.21600213615673,93.59359581633099,116.82736750155495
2013-04-29,3293,481000,40284200,82.2,84.8,82.0,84.0,1.8,382,81.29129742412238,81.13099253429617,84.19721934170832,93.30721982181365,116.57961378456208
2013-04-30,3293,284000,23483700,84.7,84.7,81.6,82.2,-1.8,238,81.59419828274825,81.32535752806051,84.02354809460324,92.9756610211625,116.32014500128237
2013-05-02,3293,306000,24706200,81.0,82.2,80.3,80.5,-1.7,263,81.22946552183217,81.1752925229586,83.71715260811601,92.603253229486,116.04980428429155
2013-05-03,3293,443000,35174400,81.0,81.3,78.7,79.0,-1.5,369,80.48631034788811,80.77978479151159,83.30696542480158,92.19718596890434,115.7701831198818
2013-05-06,3293,386000,30176600,79.0,79.3,78.0,78.2,-0.8,289,79.72420689859207,80.31073301123675,82.86288147481883,91.77935952207137,115.48663456803364
2013-05-07,3293,283000,22160300,78.2,78.8,78.0,78.2,0.0,205,79.21613793239472,79.92696337283007,82.45741352048677,91.37400550648715,115.20522600525602
2013-05-08,3293,212000,16679800,78.4,79.3,78.3,79.3,1.1,196,79.24409195492981,79.81297003231552,82.18285582305313,91.01358743166664,114.9342431674805
2013-05-09,3293,219000,17336700,79.3,79.5,78.7,78.8,-0.5,202,79.09606130328655,79.6287936628036,81.88869444713546,90.6490027322139,114.66153189829197
2013-05-10,3293,276000,21823300,78.7,80.0,78.2,79.4,0.6,237,79.19737420219103,79.58719481502114,81.67228623434107,90.31321160587916,114.39540712924826
2013-05-13,3293,164000,12885100,79.9,79.9,78.3,78.3,-1.1,143,78.89824946812735,79.3531593941082,81.37904395309403,89.95460827436038,114.12298896223506
2013-05-14,3293,430000,34641500,78.5,82.0,78.5,80.0,1.7,378,79.26549964541823,79.47076677699762,81.2591270876076,89.65745578855858,113.86545697006724
2013-05-15,3293,195000,15585800,81.3,81.3,79.5,79.6,-0.4,164,79.37699976361215,79.49426372663441,81.11485516694607,89.35723322770609,113.60684974765164
2013-05-16,3293,443000,36158400,80.1,82.5,80.1,81.3,1.7,363,80.0179998424081,79.82257941270089,81.13095471764642,89.11671880299845,113.36302446653728
2013-05-17,3293,189000,15386300,81.6,82.0,80.6,81.3,0.0,154,80.44533322827206,80.09120133766436,81.1456543074163,88.88338391335671,113.12103937622379
2013-05-20,3293,199000,16000000,81.9,81.9,80.0,80.3,-1.0,162,80.39688881884804,80.1291647308163,81.07211915024966,88.62716349803263,112.87333341866739
2013-05-21,3293,222000,17785900,80.5,80.9,79.7,79.8,-0.5,169,80.19792587923203,80.06931659794061,80.9615000937062,88.3636660801809,112.62372335513027
2013-05-22,3293,110000,8791200,79.2,80.5,79.2,80.0,0.2,99,80.13195058615469,80.05671358013323,80.87789138990567,88.11400440614565,112.37750657509154
2013-05-23,3293,173000,13712000,80.0,80.3,79.0,79.0,-1.0,147,79.75463372410313,79.86458383829083,80.71459648643561,87.84194457312638,112.12560086509086
2013-05-24,3293,78000,6168400,79.5,79.6,78.6,78.8,-0.2,71,79.43642248273542,79.67102314041976,80.54810983544121,87.57203577989873,111.87408689629773
2013-05-27,3293,99000,7820200,78.8,79.5,78.7,79.0,0.2,80,79.29094832182362,79.54901893307071,80.4134915888811,87.31615411482713,111.62598058009925
2013-05-28,3293,182000,14585500,79.1,80.4,79.1,80.4,1.4,161,79.66063221454908,79.70374276342149,80.41231840723927,87.10970175319049,111.39031280213624
2013-05-29,3293,872000,73777600,81.6,86.0,81.3,86.0,5.6,570,81.77375480969938,80.84851680643577,80.8982037631315,87.07657632772212,111.19868779985596
2013-05-30,3293,1635000,143109000,87.2,88.2,86.5,87.5,1.5,1174,83.68250320646625,82.0578773870838,81.47227300112007,87.08921584032743,111.01982977872497
2013-05-31,3293,522000,45395700,88.5,88.5,86.1,86.2,-1.3,397,84.52166880431083,82.81099058943221,81.88337969667485,87.06267208389974,110.83251030869685
2013-06-03,3293,748000,65474500,85.5,88.5,84.4,87.8,1.6,559,85.61444586954056,83.71808320953544,82.39786841870313,87.08468187244004,110.65868004221612
2013-06-04,3293,268000,23322800,88.2,88.2,86.3,86.3,-1.5,214,85.84296391302703,84.18752262598353,82.73718420838111,87.06125853296422,110.47484094755788
2013-06-05,3293,253000,21652000,86.8,87.1,85.0,85.5,-0.8,196,85.7286426086847,84.42615487580471,82.97742905982624,87.01465380063692,110.28635158191594
2013-06-06,3293,189000,16085700,84.5,86.5,84.5,85.0,-0.5,166,85.48576173912313,84.53049035293112,83.15330479375439,86.95451488121492,110.09551119261846
2013-06-07,3293,274000,22885200,85.0,85.9,82.3,82.5,-2.5,214,84.4905078260821,84.16131028876183,83.09649568125401,86.82154428774582,109.88724318361757
2013-06-10,3293,125000,10504100,82.8,84.8,82.8,83.6,1.1,111,84.19367188405472,84.05925387262332,83.14027866549279,86.72537878661907,109.68884889543932
2013-06-11,3293,99000,8226100,83.6,83.6,82.7,82.8,-0.8,84,83.72911458936981,83.83029862305544,83.1106892163195,86.60820330045134,109.4859141867945
2013-06-13,3293,196000,15854800,82.0,82.0,80.0,80.6,-2.2,141,82.68607639291321,83.24297160068173,82.89236841490042,86.42885394819906,109.26790728727153
2013-06-14,3293,200000,16078500,81.0,81.8,80.0,80.2,-0.4,148,81.85738426194214,82.68970403692141,82.65824942230039,86.24291800944685,109.04852685491475
2013-06-17,3293,115000,9234800,80.2,81.5,79.7,80.7,0.5,108,81.47158950796143,82.32793966657206,82.48796686383949,86.07745777035889,108.83457570883992
2013-06-18,3293,141000,11421500,80.7,81.6,80.7,80.8,0.1,122,81.24772633864094,82.05013245446806,82.3411871365491,85.91992171751235,108.62299400537698
2013-06-19,3293,143000,11563300,81.6,81.8,80.6,80.6,-0.2,115,81.03181755909397,81.78647200820113,82.18977955945788,85.76111808415378,108.41149971099678
2013-06-20,3293,209000,16565700,80.0,80.1,78.8,79.0,-1.6,170,80.35454503939597,81.27984073398274,81.91240742385284,85.55929366373128,108.18952612827228
2013-06-21,3293,199000,15500400,77.0,79.9,77.0,79.9,0.9,159,80.20303002626399,81.02896060053133,81.7374154739526,85.39035952451542,107.97602027070042
2013-06-24,3293,129000,10348400,81.3,81.3,79.7,79.8,-0.1,110,80.06868668417599,80.80551321861654,81.56894456317411,85.22348312079853,107.76337106111022
2013-06-25,3293,135000,10653100,80.0,80.0,78.5,78.5,-1.3,110,79.545791122784,80.3863289970499,81.30207981855028,85.02278213211798,107.54251543046033
2013-06-26,3293,75000,5973900,80.3,80.3,79.0,79.1,0.6,63,79.397194081856,80.15245099758629,81.11059461693722,84.8459826654876,107.32785493664554
2013-06-27,3293,68000,5404700,80.1,80.1,79.1,79.1,0.0,57,79.298129387904,79.96109627075242,80.93576030242095,84.67446079487603,107.11481452202935
2013-06-28,3293,77000,6093700,80.0,80.0,79.0,79.1,0.0,60,79.23208625860266,79.8045333124338,80.77612897177565,84.50805898010361,106.90338195959893
2013-07-01,3293,77000,6111100,79.8,79.9,79.1,79.3,0.2,64,79.25472417240178,79.71279998290038,80.64776993075168,84.35259453293634,106.69505454858309
2013-07-02,3293,243000,19517300,79.5,80.8,79.4,80.2,0.9,180,79.56981611493453,79.80138180419122,80.60883341503414,84.22863648717704,106.49509187274472
2013-07-03,3293,137000,11006500,81.5,81.5,79.1,79.4,-0.8,117,79.51321074328969,79.72840329433828,80.50371746590073,84.08449808457475,106.29060061332778
2013-07-04,3293,128000,10074800,79.4,79.5,78.2,78.3,-1.1,111,79.10880716219313,79.4686936044586,80.31208986017023,83.91182649996057,106.07935079737814
2013-07-05,3293,213000,16598500,78.3,78.4,77.5,77.5,-0.8,149,78.57253810812875,79.11074931273885,80.06756030711195,83.7204286939916,105.86365758381302
2013-07-08,3293,417000,31425100,77.5,78.4,73.3,73.6,-3.9,288,76.91502540541917,78.10879489224088,79.50516375866744,83.41832634491722,105.62015828129368
2013-07-09,3293,265000,19190400,72.0,73.0,72.0,72.3,-1.3,190,75.37668360361278,77.0526503663789,78.87862777965287,83.08643600626297,105.36868538860467
2013-07-10,3293,247000,18382000,72.3,76.2,72.3,73.9,1.6,199,74.88445573574185,76.47944120885546,78.44570362490045,82.81221403592676,105.13118587623785
2013-07-11,3293,176000,13088300,74.7,75.5,73.5,73.7,-0.2,157,74.48963715716124,75.97408826179084,78.03303374447432,82.54020764679461,104.8939693790587
2013-07-12,3293,169000,12522400,74.9,74.9,73.4,73.7,0.0,143,74.22642477144083,75.56061766873796,77.65624820147656,82.27632085136791,104.6585431950658
2013-07-15,3293,305000,22254500,73.7,73.9,72.5,72.8,-0.9,208,73.75094984762723,75.05868718351287,77.23396574917425,81.99344560207335,104.41810135963135
2013-07-16,3293,453000,32981300,72.8,73.0,72.7,72.8,0.0,311,73.43396656508482,74.64801678651054,76.84840351011562,81.71901439007117,104.17947417955867
2013-07-17,3293,500000,35871000,72.8,73.0,70.6,70.7,-2.1,385,72.5226443767232,73.93019555259953,76.3137597266273,81.39008858738248,103.9267989027318
2013-07-18,3293,550000,38417200,70.5,70.7,69.3,69.9,-0.8,407,71.64842958448214,73.19743272485417,75.75604148952927,81.04710086835614,103.66999287327722
2013-07-19,3293,283000,19790400,69.9,70.5,69.6,69.9,0.0,209,71.0656197229881,72.59789950215341,75.24682049043976,80.71435158870372,103.4151250025355
2013-07-22,3293,360000,24934500,70.0,70.1,68.5,68.7,-1.2,275,70.27707981532541,71.88919050176189,74.67753175214065,80.35571422784689,103.15312405912015
2013-07-23,3293,529000,36206200,68.7,68.7,68.2,68.3,-0.4,412,69.61805321021694,71.23661041053245,74.12296377369364,79.995842161344,102.89008161339093
2013-07-24,3293,832000,59517600,68.3,73.0,68.3,71.9,3.6,646,70.37870214014463,71.35722669952655,73.92966257598115,79.75417523115463,102.65619420498798
2013-07-25,3293,543000,39792700,72.0,74.4,71.6,72.7,0.8,431,71.15246809342975,71.60136729961263,73.82273539546105,79.5436028361948,102.43010972042204
2013-07-26,3293,198000,14380800,72.8,73.5,72.0,72.4,-0.3,153,71.5683120622865,71.74657324513761,73.69901927411661,79.33036096048748,102.20346738290942
2013-07-29,3293,322000,23672000,72.8,74.5,72.0,73.2,0.8,258,72.11220804152433,72.0108326551126,73.65562629375864,79.14736511092069,101.98457328945351
2013-07-30,3293,232000,16890000,73.2,73.4,72.3,72.5,-0.7,163,72.24147202768289,72.09977217236485,73.5551370508231,78.94893630163948,101.76204820802367
2013-07-31,3293,286000,20543100,72.0,72.8,70.5,70.8,-1.7,210,71.76098135178859,71.8634499592076,73.31555991596892,78.70568447173979,101.52837237249142
2013-08-01,3293,174000,12485900,71.4,72.4,70.8,71.4,0.6,124,71.64065423452573,71.77918633026077,73.14898948849336,78.48760433825501,101.30098843005752
2013-08-02,3293,234000,17031200,71.7,73.4,71.7,72.3,0.9,193,71.86043615635049,71.87387972475881,73.07516431558089,78.30289973114292,101.08211304567972
2013-08-05,3293,710000,53004600,72.3,75.3,72.3,74.8,2.5,574,72.84029077090032,72.40590159298448,73.2251500272695,78.19833556006402,100.88375747552365
2013-08-06,3293,353000,25893300,74.5,74.5,72.6,72.9,-1.9,247,72.86019384726688,72.4957376669873,73.19687611185476,78.04017628961435,100.67255930589705
2013-08-07,3293,181000,13096000,72.8,73.4,71.6,71.6,-1.3,139,72.44012923151125,72.33287627298961,73.05801731951956,77.84793222126765,100.45314376396576
2013-08-08,3293,178000,12842900,71.5,72.8,71.5,72.1,0.5,127,72.3267528210075,72.29053513244604,72.9747114656483,77.67635215496115,100.23915777329431
2013-08-09,3293,255000,18162700,72.1,72.1,70.6,70.8,-1.3,182,71.817835214005,72.01952874472858,72.78560612080932,77.47108791152948,100.01697545047699
2013-08-12,3293,410000,28562900,70.8,70.8,68.8,70.0,-0.8,305,71.21189014267,71.65234170023247,72.54337950160851,77.24807036193158,99.79043223952999
2013-08-13,3293,780000,54511500,70.2,70.5,69.5,70.0,0.0,517,70.80792676178,71.35191593655384,72.32221606668604,77.0317100526202,99.56559878866561
2013-08-14,3293,515000,32823800,64.5,65.0,63.1,63.5,0.0,371,68.37195117451999,69.92429485718041,71.55506684349595,76.6277784092584,99.29340559026059
2013-08-15,3293,386000,24117300,63.5,63.5,62.2,62.3,-1.2,259,66.34796744968,68.53805942860215,70.7502784223224,76.20008353137008,99.01421007637182
2013-08-16,3293,274000,17101000,62.0,63.4,61.6,63.4,1.1,204,65.36531163312,67.60386680521994,70.11112377690306,75.81799148565754,98.74542358522939
2013-08-19,3293,134000,8428800,62.2,63.4,62.2,62.7,-0.7,113,64.47687442208,66.7122546588163,69.4666782310854,75.42640965026479,98.47338265251068
2013-08-20,3293,162000,10119300,62.7,63.1,62.2,62.2,-0.5,114,63.71791628138667,65.8918447208497,68.83479316751276,75.03159145174942,98.19962127400116
2013-08-22,3293,117000,7296800,61.5,62.8,61.5,62.6,0.4,112,63.34527752092445,65.29332749887703,68.29263723990296,74.66049916960765,97.93094488702756
2013-08-23,3293,148000,9398000,63.0,63.8,63.0,63.2,0.6,136,63.2968516806163,64.91272249908121,67.84979921904183,74.31839471678354,97.66882454825755
2013-08-26,3293,103000,6508500,64.1,64.1,62.7,62.8,-0.4,93,63.1312344537442,64.5285911356119,67.41068624347297,73.9745620386706,97.4056636082707
2013-08-27,3293,106000,6597800,62.8,63.0,61.8,61.8,-1.0,76,62.687489635829465,64.03248365640974,66.92280048317097,73.61114227632223,97.13694161877432
2013-08-28,3293,139000,8574300,61.7,62.2,61.5,61.7,-0.1,101,62.35832642388631,63.60839571888069,66.46864391941698,73.25558579046186,96.86949300278357
2013-08-29,3293,79000,4901200,61.8,62.3,61.7,62.3,0.6,72,62.338884282590875,63.370505588175114,66.1061531438155,72.92855337880628,96.6085911688003
2013-08-30,3293,144000,8919400,62.3,62.4,61.6,61.9,-0.4,88,62.19258952172725,63.103140935779635,65.7404006965272,72.59934283018521,96.34663953733765
2013-09-02,3293,238000,14622100,61.9,61.9,61.3,61.5,-0.4,120,61.961726347818164,62.81166076563788,65.37167020117701,72.26801916361252,96.08364603139547
2013-09-03,3293,105000,6469400,61.5,61.9,61.3,61.5,0.0,93,61.80781756521211,62.57317699006736,65.03500322716162,71.94658575574348,95.82263738210193
2013-09-04,3293,144000,8757900,61.5,61.5,60.5,61.0,-0.5,118,61.53854504347474,62.28714481005511,64.68413338132149,71.61982200184069,95.55982502450117
2013-09-05,3293,209000,12695700,60.5,61.2,60.5,60.7,-0.3,147,61.25903002898316,61.99857302640873,64.33768700033701,71.29385716596485,95.29673200544832
2013-09-06,3293,219000,13388900,60.7,61.7,60.3,61.0,0.3,186,61.17268668598877,61.81701429433441,64.0474533481338,70.98657784757783,95.03788874502985
2013-09-09,3293,149000,9111400,61.3,61.5,60.8,61.3,0.3,117,61.21512445732585,61.72301169536452,63.80854436133956,70.69742627003819,94.78326316959566
2013-09-10,3293,121000,7404400,61.3,62.0,60.8,61.3,0.0,103,61.2434163048839,61.64610047802552,63.59041006904916,70.41690608287287,94.53055929661758
2013-09-11,3293,87000,5285500,61.3,61.3,60.5,60.8,-0.5,66,61.0956108699226,61.49226402747542,63.3477657152188,70.12983425950353,94.27598903777519
2013-09-12,3293,70000,4265000,60.7,61.3,60.7,60.8,0.0,61,60.99707391328173,61.366397840661705,63.126220870417164,69.85133174429447,94.0233400639052
2013-09-13,3293,69000,4207200,60.5,61.2,60.5,61.2,0.4,67,61.064715942187824,61.33614368781412,62.958723403424365,69.59308303550957,93.77561674266818
2013-09-14,3293,73000,4459100,61.0,61.4,60.8,60.9,-0.3,64,61.009810628125216,61.25684483548428,62.77970397703964,69.3335880195242,93.52749888045936
2013-09-16,3293,77000,4714000,60.9,61.5,60.9,61.5,0.6,69,61.17320708541681,61.30105486539623,62.668425370340536,69.0997495711802,93.28578190777665
2013-09-17,3293,260000,16313400,61.5,63.3,61.5,62.7,1.2,219,61.682138056944545,61.55540852623328,62.67117099031093,68.90871227054795,93.05494581790664
2013-09-18,3293,186000,11686200,63.2,63.2,62.3,63.0,0.3,157,62.12142537129636,61.81806152146359,62.699764817240414,68.73233279978533,92.82811603814885
2013-09-23,3293,173000,10895400,63.2,63.2,62.8,62.8,-0.2,136,62.34761691419757,61.99659579028839,62.70848092008907,68.5552482385977,92.6014887472949
2013-09-24,3293,80000,4968400,63.0,63.3,61.3,62.2,-0.6,73,62.298411276131716,62.03357837387232,62.66426518790742,68.36553933595299,92.3720435492021
2013-09-25,3293,1234000,81070900,62.0,66.5,61.7,66.0,3.8,833,63.53227418408781,62.75474594225917,62.95432908461112,68.29492622144693,92.17300925826473
2013-09-26,3293,537000,34432700,66.0,66.0,63.3,63.3,-2.7,396,63.45484945605854,62.85388304366659,62.98438742507972,68.14582394617986,91.95509975442877
2013-09-27,3293,254000,16086000,63.3,64.2,62.1,62.1,-1.2,209,63.003232970705696,62.71681339936357,62.907484170724956,67.96535158957748,91.72977824684818
2013-09-30,3293,99000,6156300,62.0,62.8,62.0,62.1,0.0,96,62.7021553138038,62.6046655085702,62.83726815587931,67.79026646750054,91.50615727894744
2013-10-01,3293,226000,13941300,62.1,62.4,61.2,61.5,-0.6,178,62.3014368758692,62.40381723428471,62.720983968411545,67.60249731921695,91.27969571457803
2013-10-02,3293,156000,9603200,61.6,62.2,61.2,61.2,-0.3,137,61.93429125057947,62.18494137350567,62.5887244928975,67.41137799625525,91.05267914314724
2013-10-03,3293,144000,8834100,61.2,61.9,61.2,61.4,0.2,119,61.75619416705298,62.042224760141,62.48535714568902,67.23193387696405,90.8288853382933
2013-10-04,3293,87000,5333200,61.4,61.6,61.2,61.3,-0.1,59,61.60412944470199,61.90727480375173,62.38228261128128,67.05486122392034,90.60602582630618
2013-10-07,3293,133000,8182400,61.5,61.8,61.3,61.6,0.3,122,61.60275296313466,61.85140665761505,62.31425803638726,66.89202954559435,90.38711242384349
2013-10-08,3293,115000,7107300,61.5,62.1,61.5,61.7,0.1,93,61.63516864208977,61.823878174412314,62.26084429409271,66.73704358900945,90.1706059149843
2013-10-09,3293,224000,13919000,61.7,62.8,61.6,61.6,-0.1,156,61.623445761393185,61.78317305179189,62.20337957286726,66.5836990042629,89.95497870053158
2013-10-11,3293,246000,14992700,61.6,61.6,60.6,60.7,-0.9,160,61.31563050759546,61.58623249692064,62.07265091435707,66.4080661981655,89.7341864084521
2013-10-14,3293,354000,21128100,60.7,60.7,58.6,58.7,-2.0,269,60.443753671730306,61.06146295202598,61.77937692180428,66.17797466986205,89.49996613367134
2013-10-15,3293,142000,8374400,58.7,59.3,58.6,58.7,0.0,109,59.862502447820205,60.632106051657615,61.51160501556043,65.95475154538856,89.26751355907759
2013-10-16,3293,278000,16066400,58.7,58.7,57.2,58.0,-0.7,198,59.241668298546806,60.153541314992594,61.206248057685606,65.71729627537697,89.03153232466946
2013-10-17,3293,86000,4987200,58.0,58.4,57.8,58.4,0.4,66,58.961112199031206,59.834715621357574,60.96222648745208,65.4988695208881,88.80035094863422
2013-10-18,3293,100000,5808100,58.5,58.5,58.0,58.2,-0.2,76,58.70740813268747,59.537494599292565,60.722032879847546,65.28099281877205,88.56940490373887
2013-10-21,3293,52000,3018800,57.8,58.4,57.8,58.2,0.0,45,58.538272088458314,59.29431376305755,60.50272567290428,65.06961989880871,88.3402018478616
2013-10-22,3293,77000,4494300,58.5,58.7,58.0,58.5,0.3,64,58.52551472563888,59.14989307886527,60.328575614390864,64.87351184212785,88.1149927773117
2013-10-23,3293,269000,16002300,59.0,60.2,58.8,58.8,0.3,205,58.61700981709259,59.08627615543522,60.19565599574818,64.69221298116881,87.89374754880369
2013-10-24,3293,42000,2472300,58.8,59.2,58.6,59.0,0.2,38,58.74467321139506,59.07058958171973,60.091685909161384,64.52229617576079,87.67568152956743
2013-10-25,3293,82000,4809800,59.0,59.1,58.5,58.6,-0.4,59,58.69644880759671,58.985027839588874,59.961974090973435,64.34551121529032,87.4562424236839
2013-10-28,3293,124000,7245900,58.9,59.0,58.0,58.0,-0.6,89,58.46429920506447,58.805931868754534,59.791367648280094,64.15609297005777,87.23393116010894
2013-10-29,3293,228000,13108300,58.0,58.2,57.2,57.2,-0.8,142,58.04286613670965,58.51394425625371,59.566031331038346,63.94844840378739,87.00725998154208
2013-10-30,3293,103000,5924200,57.3,58.4,57.2,57.6,0.4,75,57.895244091139766,58.34777257329849,59.3950720848611,63.75894248128627,86.78531839677572
2013-10-31,3293,50000,2890700,58.0,58.3,57.6,57.6,0.0,44,57.79682939409318,58.211813923607856,59.23897886009057,63.57509345199414,86.56505184283779
2013-11-01,3293,109000,6236000,57.7,58.1,56.6,56.8,-0.8,84,57.46455292939545,57.955120482951884,59.02689374182182,63.372851856412225,86.34040994213713
2013-11-04,3293,386000,21228200,57.0,57.0,53.7,54.1,-2.7,254,56.343035286263635,57.254189486051544,58.59846819905471,63.096050308459624,86.09708609351722
2013-11-05,3293,282000,15250300,54.0,54.7,53.6,54.0,-0.1,174,55.56202352417576,56.66251867040581,58.198601399136905,62.82452641865486,85.85484393432087
2013-11-06,3293,153000,8196000,54.0,54.0,53.1,53.2,-0.8,108,54.77468234945051,56.03296982124112,57.76394040790761,62.537227122575615,85.60839228198637
2013-11-07,3293,169000,8888000,53.1,53.7,51.6,52.0,-1.2,138,53.84978823296701,55.29970258101546,57.26272819852434,62.222683029364404,85.35474403834874
2013-11-08,3293,488000,24558100,50.3,51.0,49.7,49.95,-2.05,286,52.549858821978006,54.327029384467195,56.626838789957006,61.8563342822192,85.08753842296498
2013-11-11,3293,194000,9720800,50.0,50.5,50.0,50.0,0.05,125,51.69990588131867,53.540296769109524,56.050591938656396,61.5024138558843,84.82272681222562
2013-11-12,3293,213000,10723300,50.0,51.0,50.0,50.2,0.2,130,51.19993725421245,52.93297008381688,55.54184481355584,61.165028367648944,84.56142321364278
2013-11-13,3293,179000,8772350,50.1,50.1,48.0,49.0,-1.2,145,50.466624836141634,52.217884614031995,54.97298874281186,60.80189319249524,84.29303511391717
2013-11-14,3293,98000,4867500,49.0,49.9,49.0,49.9,0.9,75,50.277749890761086,51.79645104784436,54.53185928691517,60.47646354495807,84.03346503758571
2013-11-15,3293,91000,4577800,50.0,50.9,50.0,50.4,0.5,59,50.31849992717406,51.5425508573272,54.172567175009505,60.17567358839216,83.77962756560393
2013-11-18,3293,66000,3316200,50.0,50.8,49.9,50.0,-0.4,51,50.21233328478271,51.26208706508589,53.809735246747806,59.87192213799239,83.52468698020314
2013-11-19,3293,75000,3740700,49.5,50.2,49.5,49.75,-0.25,58,50.05822218985514,50.98716214416118,53.45671479050887,59.56977520850008,83.26978368223935
2013-11-20,3293,127000,6253400,49.0,50.2,48.7,48.7,-1.05,100,49.60548145990342,50.57131448158642,53.04308741742114,59.24530430675381,83.00887965444886
2013-11-21,3293,86000,4174150,48.5,48.65,48.4,48.4,-0.3,67,49.20365430660228,50.17653003038889,52.639340685471474,58.92156387968653,82.74768056271718
2013-11-22,3293,93000,4511600,48.4,48.9,48.05,48.5,0.1,64,48.96910287106819,49.8717063885,52.279398017169605,58.610472420591414,82.48920750186649
2013-11-25,3293,107000,5237300,49.1,49.2,48.65,48.9,0.4,66,48.94606858071212,49.69503249968182,51.98553732002442,58.32060757221555,82.23570404902222
2013-11-26,3293,834000,39551100,48.5,49.7,46.05,46.05,-2.85,616,47.980712387141416,49.03229931792149,51.4694036400223,57.954320779015084,81.96260439582205
2013-11-27,3293,802000,38807000,46.45,49.25,46.35,49.25,3.2,570,48.40380825809428,49.071881260117586,51.2764120191508,57.69449030799971,81.71571681547623
2013-11-28,3293,1198000,62029800,50.5,52.6,50.0,52.6,3.35,745,49.80253883872952,49.71335739464166,51.39150662618116,57.54241597044748,81.4959755564915
2013-11-29,3293,1088000,59750400,54.6,55.6,54.0,55.6,3.0,817,51.73502589248635,50.78365605016136,51.75746257173063,57.484433404165465,81.30053423153684
2013-12-02,3293,503000,27314100,55.2,55.2,53.6,54.2,-1.4,381,52.55668392832423,51.40480949558657,51.96985713071057,57.38639061598142,81.09600189771392
2013-12-03,3293,476000,26578200,53.8,56.8,53.8,55.4,1.2,373,53.504455952216155,52.13120776911629,52.26813042369226,57.32709537371332,80.90206980791986
2013-12-04,3293,240000,13183500,55.1,55.5,54.5,54.5,-0.9,191,53.8363039681441,52.561897265640596,52.46220603902337,57.24270446703531,80.70280890370914
2013-12-05,3293,247000,13332400,54.0,54.8,53.6,53.8,-0.7,187,53.8242026454294,52.78700685370594,52.57853594867351,57.13993716951187,80.49976883651134
2013-12-06,3293,307000,16968900,54.6,56.0,53.8,55.2,1.4,220,54.2828017636196,53.22573288030486,52.80648934444103,57.08202859728763,80.30882718491502
2013-12-09,3293,335000,18554900,56.0,56.3,54.3,54.7,-0.5,226,54.42186784241307,53.49378144752216,52.971142444924425,57.010923266025316,80.1155530174817
2013-12-10,3293,233000,12792300,54.7,55.9,54.2,55.0,0.3,151,54.61457856160872,53.7676393661545,53.14756484101795,56.950895705845454,79.92600167395354
2013-12-11,3293,269000,14741600,55.0,55.9,54.0,54.0,-1.0,160,54.40971904107248,53.80988675412641,53.22168963745118,56.86280926686499,79.73033373679162
2013-12-12,3293,101000,5446800,54.0,54.3,53.7,53.9,-0.1,80,54.23981269404832,53.82627098064888,53.28067314723803,56.77436719919738,79.53538782179697
2013-12-13,3293,411000,21673700,53.8,54.0,52.2,53.2,-0.7,346,53.89320846269888,53.71240352962181,53.27365809095647,56.66766967086313,79.33663017785888
2013-12-16,3293,114000,6050300,53.2,53.5,52.5,52.5,-0.7,75,53.42880564179925,53.49196652423603,53.206383474351554,56.54326162098661,79.13408957274297
2013-12-17,3293,84000,4408200,53.0,53.0,52.3,52.3,-0.2,63,53.05253709453283,53.275245338011295,53.12756752006011,56.41659709498701,78.93156814200529
2013-12-18,3293,136000,7209000,52.3,53.5,52.3,53.4,1.1,105,53.168358063021884,53.29792800382742,53.15125730092445,56.326549420509785,78.73887706168827
2013-12-19,3293,161000,8659500,53.5,53.9,53.5,53.8,0.4,116,53.37890537534792,53.38921382131335,53.207669709539715,56.25113003482293,78.55065912160006
2013-12-20,3293,174000,9373300,53.8,54.4,53.5,53.9,0.1,101,53.55260358356528,53.48208403562001,53.26787234349278,56.18094704870881,78.36461641124836
2013-12-23,3293,117000,6328200,53.9,54.5,53.9,54.0,0.1,83,53.70173572237685,53.57625057459819,53.331535617971674,56.115844151732425,78.18073251380498
2013-12-24,3293,132000,7178300,54.2,54.8,54.0,54.5,0.5,104,53.9678238149179,53.74420501558034,53.43314121640892,56.06760999794937,78.00201000426684
2013-12-25,3293,781000,44969900,54.7,58.3,54.7,58.3,3.8,471,55.4118825432786,54.572531376383914,53.85634632802554,56.134248505473266,77.8533155891403
2013-12-26,3293,1126000,66417400,59.2,59.7,58.3,58.5,0.2,806,56.4412550288524,55.286616580677745,54.26014229950158,56.20486795307108,77.70725282997697
2013-12-27,3293,290000,16913200,58.5,59.1,58.0,58.0,-0.5,237,56.960836685901604,55.77995902055452,54.58534731693623,56.25845398432269,77.5585188463545
2013-12-30,3293,332000,19518000,58.2,59.5,58.2,58.3,0.3,247,57.40722445726774,56.23814828954461,54.90836059372438,56.31939565643246,77.41317153430654
2013-12-31,3293,393000,22718300,59.0,59.0,57.0,58.0,-0.3,263,57.60481630484516,56.55848496417286,55.17719880296574,56.3695629502703,77.26665703216084
2014-01-02,3293,258000,15032300,58.3,59.4,57.7,58.5,0.5,198,57.903210869896775,56.911487697959615,55.46613803749046,56.433158086083125,77.1250218847483
2014-01-03,3293,271000,15921600,58.5,59.5,58.1,59.5,1.0,191,58.43547391326452,57.3821262983306,55.81690864292607,56.52470560590154,76.99200285165587
2014-01-06,3293,595000,36180400,59.5,61.8,59.5,60.5,1.0,463,59.12364927550968,57.94901242590685,56.224133978323806,56.643371110202985,76.86753490560564
2014-01-07,3293,418000,25402500,61.4,61.9,59.3,61.8,1.3,304,60.015766183673115,58.649191984832875,56.70899189325217,56.79730033079394,76.75381766103503
2014-01-08,3293,680000,42466000,61.8,63.5,61.7,62.2,0.4,466,60.74384412244874,59.29479344213599,57.18647085905633,56.958574947785166,76.6439775277442
2014-01-09,3293,466000,28617300,63.0,63.0,59.3,59.5,-2.7,368,60.32922941496583,59.332103725383995,57.387647306094905,57.03443838217964,76.51458901810085
2014-01-10,3293,230000,13815400,59.8,61.0,59.7,59.7,0.2,180,60.11948627664389,59.39899395713236,57.588721453391,57.11400738569666,76.38768645947367
2014-01-13,3293,744000,45998000,60.0,62.9,60.0,62.5,2.8,553,60.91299085109593,59.96281323765375,58.01578915309613,57.274783284631084,76.28287373147764
2014-01-14,3293,380000,23406300,62.3,62.5,61.0,61.0,-1.5,295,60.941993900730616,60.15139264898943,58.27528574847908,57.38598378359732,76.1675312882212
2014-01-15,3293,551000,33093700,61.0,61.0,59.2,59.4,-1.6,383,60.42799593382041,60.01477580371862,58.373086987741765,57.44610367065412,76.04098388227236
2014-01-16,3293,321000,19183000,59.5,60.8,58.5,58.5,-0.9,227,59.785330622546944,59.73936202122432,58.38412290185118,57.47756326257489,75.90859909825521
2014-01-17,3293,205000,12162700,58.8,59.8,58.5,59.8,1.3,178,59.79022041503129,59.750387108274445,58.50724264951629,57.546889732348774,75.78702476543819
2014-01-20,3293,250000,15155700,60.8,61.4,60.0,60.2,0.4,205,59.926813610020865,59.83213490677,58.654438940862704,57.6260870537712,75.66938684268017
2014-01-21,3293,177000,10566400,60.2,60.4,59.3,59.3,-0.9,134,59.71787574001391,59.73538310553909,58.71057468513551,57.6760546044049,75.54584430047126
2014-01-22,3293,187000,11204600,59.9,60.5,59.3,59.4,0.1,134,59.61191716000927,59.67440435907744,58.770524712515034,57.72751566098982,75.42398887178845
2014-01-23,3293,157000,9220500,59.5,59.7,58.2,59.0,-0.4,131,59.407944773339516,59.55178538469973,58.79047908533981,57.765500268124455,75.30003423879383
2014-01-24,3293,232000,13363700,58.5,58.7,57.1,57.5,-1.5,182,58.771963182226344,59.178733496572505,58.67826351270157,57.75757488698641,75.16569435774633
2014-01-27,3293,215000,12019100,57.0,57.0,55.5,55.9,-1.6,164,57.814642121484226,58.582600133559325,58.4366753811623,57.702124890359954,75.02029289089542
2014-02-05,3293,204000,11008200,53.6,54.5,53.6,54.0,-1.9,134,56.54309474765615,57.74940010927581,58.0508775219308,57.59161369960294,74.86164917096413
2014-02-06,3293,167000,9247900,54.4,56.3,54.4,55.3,1.3,137,56.12872983177076,57.30405463486203,57.81167078089334,57.523207320510316,74.71401408288138
2014-02-07,3293,152000,8468900,55.3,56.1,55.3,55.7,0.4,101,55.98581988784718,57.01240833761439,57.6280472347287,57.4687832213906,74.57051208980303
2014-02-10,3293,418000,22692000,55.0,55.5,53.8,55.5,-0.2,245,55.82387992523145,56.73742500350268,57.442999649100116,57.410013572990884,74.42658369667244
2014-02-11,3293,137000,7572800,55.9,56.0,54.5,55.3,-0.2,101,55.64925328348763,56.47607500286583,57.25665185352619,57.34702809320011,74.28223212160322
2014-02-12,3293,122000,6754600,55.8,55.9,54.6,55.6,0.3,90,55.63283552232509,56.3167886387084,57.112595170610874,57.29487800086578,74.14123414332697
2014-02-13,3293,101000,5588500,55.7,55.7,55.1,55.3,-0.3,76,55.52189034821672,56.131917977125056,56.954978199253404,57.23532940382501,73.99903614979243
2014-02-14,3293,121000,6704200,55.9,56.0,54.7,55.3,0.0,90,55.44792689881115,55.98066016310232,56.81106705149224,57.17755837684516,73.85791134866193
2014-02-17,3293,82000,4524900,55.9,55.9,54.7,55.5,0.2,51,55.46528459920743,55.89326740617463,56.697061220927694,57.1274820073871,73.71936107433241
2014-02-18,3293,90000,4971100,54.7,55.5,54.7,55.5,0.0,75,55.47685639947162,55.82176424141561,56.59296894084702,57.07890045492778,73.58185646245066
2014-02-19,3293,114000,6320900,55.7,55.7,55.2,55.6,0.1,85,55.51790426631442,55.78144347024914,56.506623815555976,57.03475417269113,73.44614433820576
2014-02-20,3293,208000,11568200,55.6,56.4,55.1,55.9,0.3,122,55.645269510876275,55.80299920293111,56.45387391855111,57.00088091380483,73.31372060735137
2014-02-21,3293,774000,45280600,56.0,59.3,56.0,58.8,2.9,549,56.69684634058418,56.34790843876182,56.657884882155365,57.05458596115394,73.20418309333363
2014-02-24,3293,491000,29272700,59.0,60.3,59.0,59.6,0.8,317,57.66456422705612,56.939197813532395,56.91372097935925,57.13056846977621,73.10151001338394
2014-02-25,3293,273000,16209400,59.6,59.8,58.4,59.4,-0.2,192,58.24304281803741,57.38661639289014,57.12991915506714,57.19831269455901,72.99810239064142
2014-02-26,3293,630000,38058500,59.4,61.5,58.8,60.8,1.4,430,59.095361878691605,58.00723159418284,57.449056619843915,57.30582574845277,72.90604124052338
2014-02-27,3293,2216000,142907400,61.4,65.0,61.4,65.0,4.2,891,61.063574585794406,59.278644031604145,58.1056603920314,57.53550259178254,72.84637300474584
2014-03-03,3293,4382000,292550300,65.0,69.5,65.0,69.5,4.5,2367,63.875716390529604,61.1370723894943,59.09647253185476,57.89265176814724,72.821117359427
2014-03-04,3293,2433000,168420000,69.7,70.0,68.0,69.1,-0.4,1329,65.61714426035307,62.58487740958624,59.96634448560652,58.227199476560756,72.79303345482755
2014-03-05,3293,1694000,117271700,70.7,70.7,68.2,68.6,-0.5,923,66.61142950690204,63.678536062388744,60.71709713903204,58.53683531308133,72.76138791931942
2014-03-06,3293,2894000,208714900,68.6,73.4,68.4,71.7,3.1,1610,68.30761967126803,65.13698405104533,61.67213217042056,58.92976560224309,72.75337744445663
2014-03-07,3293,3209000,239266200,72.8,76.5,72.0,73.5,1.8,1987,70.03841311417868,66.65753240540073,62.70064241647095,59.36469797232538,72.75901233166827
2014-03-10,3293,1296000,95286200,74.0,74.9,72.0,74.1,0.6,798,71.39227540945245,68.0107083316915,63.691890901995215,59.804557734345515,72.76913299331606
2014-03-11,3293,2119000,160056800,74.7,77.5,73.6,76.4,2.3,1376,73.06151693963497,69.53603408956577,64.7969438670391,60.29994407063371,72.79653576317783
2014-03-12,3293,3226000,255434400,78.4,81.4,77.0,80.0,3.6,2119,75.37434462642331,71.43857334600835,66.11894874816613,60.888005441659566,72.8509015310029
2014-03-13,3293,2549000,212752400,82.9,84.5,81.5,84.5,4.5,1712,78.41622975094887,73.81337819218865,67.7173010309343,61.59284110011749,72.93881925529722
2014-03-14,3293,2635000,221633700,83.9,86.7,81.5,82.0,-2.5,1810,79.61081983396592,75.301854884518,68.95927485433131,62.202010022502044,73.00720552506856
2014-03-17,3293,1682000,136272800,82.5,83.5,79.5,81.0,-1.0,1131,80.07387988931062,76.33788126915108,70.00629443221554,62.76314405168109,73.06752850223785
2014-03-18,3293,1014000,82756800,81.6,82.7,80.6,81.5,0.5,756,80.54925325954041,77.27644831112362,71.00574709028375,63.322453184466724,73.13116979656058
2014-03-19,3293,1228000,100104300,81.5,82.9,80.5,81.0,-0.5,777,80.69950217302694,77.95345770910114,71.87481256069385,63.85014114910951,73.1905571943224
2014-03-20,3293,1353000,109367800,80.5,83.0,78.5,80.0,-1.0,890,80.46633478201797,78.32555630744639,72.58135059889439,64.33222648794207,73.24194921549731
2014-03-21,3293,1535000,118962700,80.0,81.4,74.6,77.8,-2.2,949,79.57755652134531,78.23000061518341,73.03514619899053,64.73424957785424,73.27634959877658
2014-03-24,3293,845000,65250600,75.1,78.8,75.1,78.2,0.4,615,79.1183710142302,78.22454595787734,73.48426392081744,65.13621227702278,73.3135092244462
2014-03-25,3293,2368000,195295400,78.8,83.6,78.8,83.6,5.4,1603,80.61224734282014,79.20190123826328,74.36389314509418,65.6873701194997,73.39114311709189
2014-03-26,3293,2844000,245922200,84.6,88.8,84.6,85.0,1.4,2086,82.07483156188009,80.25610101312449,75.2887720020425,66.263866533843,73.47875713130252
2014-03-27,3293,1611000,133607900,85.0,85.1,81.0,83.4,-1.6,1072,82.51655437458673,80.82771901073822,75.99409617577794,66.7753929059671,73.55363443597193
2014-03-28,3293,1037000,84679800,82.2,83.3,80.0,82.0,-1.4,749,82.34436958305783,81.04086100878581,76.51634868223204,67.22985878937106,73.61738059117214
2014-03-31,3293,2642000,225350800,82.0,87.7,81.3,87.7,5.7,1647,84.12957972203856,82.25161355264294,77.48884010116838,67.84090778073312,73.72366451123877
2014-04-01,3293,1844000,160923200,87.7,88.6,85.5,86.5,-1.2,1353,84.91971981469237,83.0240474521624,78.27241922280591,68.39789560817393,73.82008968473885
2014-04-02,3293,2363000,210233300,86.0,90.7,86.0,88.8,2.3,1639,86.21314654312825,84.07422064267833,79.18786102951844,69.00691364972097,73.93314561164648
2014-04-03,3293,2098000,191293200,89.8,93.0,89.2,90.6,1.8,1540,87.67543102875216,85.26072598037318,80.1802209399951,69.65148339152034,74.05893319193594
2014-04-07,3293,932000,82998700,89.8,90.4,87.5,90.0,-0.6,667,88.45028735250143,86.12241216575987,81.03411477129987,70.25890179774362,74.17924313011001
2014-04-08,3293,1225000,108221700,90.0,91.4,86.2,88.7,-1.3,899,88.53352490166762,86.59106449925808,81.700713486839,70.80938234109456,74.28883374799597
2014-04-09,3293,2385000,217504600,89.9,93.0,89.2,93.0,4.3,1532,90.02234993444507,87.75632549939297,82.68326014015736,71.47178883837532,74.43005009706769
2014-04-10,3293,1003000,92070300,94.9,95.0,90.6,90.9,-2.1,646,90.31489995629671,88.32790268132152,83.39775925840455,72.05173544021486,74.55435160576907
2014-04-11,3293,865000,78025900,89.5,93.0,88.6,90.9,0.0,631,90.50993330419782,88.79555673926306,84.05012801854329,72.61437020319352,74.67771498987648
2014-04-14,3293,843000,74133600,90.8,90.8,86.4,87.4,-3.5,565,89.47328886946521,88.54181915030614,84.34142123432214,73.05573228668028,74.7737322352359
2014-04-15,3293,1807000,163968000,87.5,92.8,87.5,91.4,4.0,1168,90.1155259129768,89.06148839570503,84.95521069220717,73.6033223676749,74.89921350138506
2014-04-16,3293,1293000,119207100,93.9,94.0,91.0,91.0,-0.4,851,90.4103506086512,89.41394505103139,85.48084454505873,74.12262617759505,75.02072887118592
2014-04-17,3293,737000,67155500,92.9,92.9,90.2,90.2,-0.8,501,90.3402337391008,89.55686413266204,85.89120588896667,74.602547784234,75.13528940800717
2014-04-18,3293,906000,81784600,90.3,92.2,88.9,90.0,-0.2,657,90.22682249273386,89.63743429035985,86.24849233340434,75.0621732235106,75.24747590304108
2014-04-21,3293,349000,31139400,90.0,90.0,88.5,89.9,-0.1,236,90.11788166182258,89.68517351029442,86.56601473919527,75.50509342579386,75.35806099056529
2014-04-22,3293,599000,53820500,93.0,93.0,88.3,88.5,-1.4,395,89.57858777454838,89.46968741751361,86.73418737056959,75.89300108472538,75.45724543591952
2014-04-23,3293,1010000,87551100,88.5,89.3,85.0,86.1,-2.4,638,88.41905851636558,88.85701697796569,86.67904064269396,76.19768761950971,75.53756811187485
2014-04-24,3293,587000,49962000,86.0,86.8,84.2,86.0,-0.1,345,87.61270567757705,88.33755934560828,86.61999363028579,76.49029395922584,75.6165298619739
2014-04-25,3293,930000,80104100,85.0,89.0,84.0,86.0,0.0,602,87.0751371183847,87.9125485554977,86.56608114069572,76.7741657813385,75.69489567433637
2014-04-28,3293,548000,46151600,84.0,85.9,82.0,85.9,-0.1,432,86.6834247455898,87.5466306363163,86.50816104150478,77.04657874308958,75.77191532962439
2014-04-29,3293,494000,42498800,85.4,87.0,85.0,85.9,0.0,370,86.42228316372653,87.24724324789516,86.45527747267828,77.31085997463914,75.84835370449515
2014-04-30,3293,663000,56309700,85.9,86.2,83.8,85.9,0.0,387,86.2481887758177,87.00228993009604,86.40699247505408,77.56725221420216,75.92421518597067
2014-05-02,3293,302000,25836500,84.4,86.9,84.4,85.6,-0.3,209,86.03212585054513,86.74732812462403,86.33681921635373,77.80703573019612,75.99723997701994
2014-05-05,3293,380000,32820100,86.3,87.8,85.6,86.6,1.0,305,86.22141723369676,86.72054119287421,86.35970450188819,78.0695122755634,76.07726080738206
2014-05-06,3293,287000,24604500,86.6,86.7,85.2,86.0,-0.6,222,86.14761148913117,86.58953370326071,86.32842584955009,78.30624325241224,76.15214940506219
2014-05-07,3293,1675000,147689600,85.8,90.5,83.9,88.3,2.3,1167,86.86507432608744,86.90052757539513,86.49986708002399,78.60456434935516,76.24383129634474
2014-05-08,3293,647000,55745900,88.3,88.3,85.0,85.7,-2.6,460,86.47671621739163,86.6822498344142,86.43031342089147,78.81636839862814,76.31519860731572
2014-05-09,3293,928000,80100900,86.9,88.0,85.0,85.7,0.0,717,86.21781081159442,86.5036589554298,86.36680790603134,79.0218499389676,76.38602729707183
2014-05-12,3293,572000,48492600,85.0,85.9,83.1,85.0,-0.7,405,85.81187387439628,86.23026641807893,86.24795504463731,79.20030217959544,76.45103841181091
2014-05-13,3293,685000,57587800,85.0,87.0,82.0,84.1,-0.9,473,85.24124924959752,85.84294525115548,86.06117634510363,79.34656181602543,76.50876642379724
2014-05-14,3293,346000,28763800,84.1,84.1,82.0,84.0,-0.1,262,84.82749949973167,85.50786429639994,85.88194361944245,79.48547041853213,76.56530403569312
2014-05-15,3293,244000,20619400,83.9,85.0,83.2,84.5,0.5,192,84.71833299982111,85.32461624250905,85.76177460905615,79.6351578687252,76.62518853353694
2014-05-16,3293,180000,15074300,83.5,84.5,82.9,84.5,0.0,158,84.64555533321408,85.17468601659832,85.65205507783388,79.78037703682296,76.68462107290648
2014-05-19,3293,327000,27713100,84.5,85.4,83.9,85.0,0.5,188,84.76370355547606,85.14292492267136,85.5953546362831,79.93618667751481,76.74737864971473
2014-05-20,3293,1917000,172462300,86.0,90.9,86.0,90.9,5.9,800,86.80913570365071,86.18966584582202,86.05662814617153,80.26346468714124,76.85419088632067
2014-05-21,3293,5624000,531938600,90.9,97.2,89.5,97.2,6.3,3110,90.27275713576714,88.19154478294529,87.02561700302618,80.76903290543552,77.00774416265033
2014-05-22,3293,959000,99536000,103.5,104.0,103.5,104.0,6.8,465,94.84850475717809,91.06580936786432,88.50165030711086,81.46249460975088,77.21145930104542
2014-05-23,3293,1654000,183594000,111.0,111.0,111.0,111.0,7.0,641,100.2323365047854,94.69020766461627,90.45802854127514,82.34421118856429,77.46646715537716
2014-05-26,3293,7418000,851568500,114.5,118.5,109.0,116.0,5.0,4159,105.4882243365236,98.56471536195876,92.679069537686,83.34886160084595,77.75728627118563
2014-05-27,3293,3673000,435089500,114.0,121.0,114.0,118.0,2.0,2410,109.65881622434907,102.09840347796626,94.88088957788722,84.38322394111921,78.06100486536536
2014-05-28,3293,3495000,416527500,118.0,123.0,116.0,118.5,0.5,2222,112.60587748289937,105.08051193651785,96.93472526676659,85.40163516675744,78.36620482864562
2014-05-29,3293,4371000,533297000,121.0,126.0,119.0,119.5,1.0,2810,114.90391832193292,107.70223703896914,98.89692306965645,86.41949680357065,78.67664856578791
2014-05-30,3293,3846000,482075000,124.0,127.5,120.5,127.5,8.0,2131,119.10261221462194,111.30183030461112,101.38414715055589,87.645780481076,79.04512668981971
2014-06-03,3293,1570000,210347500,133.0,136.0,132.5,136.0,8.5,831,124.73507480974796,115.79240661286364,104.39422131137712,89.08919001895433,79.4749747902739
2014-06-04,3293,5592000,807665000,145.5,145.5,141.0,145.5,9.5,2807,131.65671653983196,121.19378722870661,107.96863684951825,90.77309479450793,79.97327686732844
2014-06-05,3293,8163000,1239868000,149.5,155.5,146.5,152.0,6.5,5116,138.43781102655464,126.79491682348723,111.79745103651666,92.60076360661216,80.51687477776369
2014-06-06,3293,4918000,725559500,151.0,154.0,142.0,144.5,-7.5,3245,140.45854068436975,130.01402285558046,114.64115094638478,94.14999454372821,80.99976628887491
2014-06-09,3293,7642000,1160734000,146.0,154.5,146.0,154.5,10.0,4397,145.13902712291318,134.46601870002038,118.1071378206122,95.95148724391542,81.55448503386454
2014-06-10,3293,5959000,924708000,155.0,160.0,150.0,153.0,-1.5,4332,147.75935141527546,137.83583348183487,121.14129974925461,97.65442792320152,82.09369646757122
2014-06-11,3293,3578000,557610000,155.0,158.5,152.0,156.0,3.0,2672,150.5062342768503,141.13840921241035,124.17249107540638,99.39608679116566,82.65147989045748
2014-06-12,3293,3586000,564347500,157.0,161.5,153.5,153.5,-2.5,2611,151.50415618456688,143.3859711737903,126.72270924276235,101.011128976504,83.18618570260497
2014-06-13,3293,2869000,428836500,152.0,152.0,148.0,149.0,-4.5,2094,150.66943745637792,144.4067036876466,128.659864960783,102.44363258914566,83.68289373503815
2014-06-16,3293,2947000,431523500,150.0,152.0,143.0,145.0,-4.0,2091,148.7796249709186,144.51457574443813,130.08074626854102,103.71397191484282,84.14566434835862
2014-06-17,3293,5748000,878074500,145.0,155.0,144.0,155.0,10.0,2970,150.85308331394575,146.42101651817666,132.24763789736355,105.24489812634005,84.68041405138987
2014-06-18,3293,6087000,938890500,156.0,159.5,146.0,148.0,-7.0,4050,149.9020555426305,146.7081044239627,133.6174085149841,106.52116982406125,85.15829771892655
2014-06-19,3293,3047000,460229500,151.0,154.0,146.0,152.0,4.0,2149,150.60137036175368,147.6702672559695,135.21589473107244,107.87874684423852,85.66276339651955
2014-06-20,3293,4823000,763470000,154.5,161.5,154.5,156.0,4.0,3421,152.40091357450245,149.1847641185205,137.0232082327183,109.31520216232096,86.19361046522506
2014-06-23,3293,3698000,559563500,158.0,158.0,146.5,149.0,-7.0,2640,151.26727571633498,149.15117064242585,138.06466838639497,110.49982299329645,86.66762095227998
2014-06-24,3293,2464000,363625000,148.0,151.5,144.0,149.5,0.5,1868,150.67818381088998,149.2145941619848,139.0590450484476,111.66400738155626,87.14182758660239
2014-06-25,3293,3245000,498920500,150.0,156.5,149.5,154.0,4.5,2360,151.78545587392665,150.08466795071482,140.35825852249562,112.92776835524114,87.64641756708086
2014-06-26,3293,8092000,1293791500,155.5,164.5,152.0,164.5,10.5,4913,156.02363724928443,152.7056374142212,142.4575403901047,114.46723795657722,88.22644460431044
2014-06-27,3293,7623000,1257278500,167.5,172.0,158.5,158.5,-6.0,5178,156.84909149952296,153.7591578843628,143.8525368779217,115.78164876384358,88.75681106012696
2014-06-30,3293,2994000,470506000,158.5,159.5,155.0,155.5,-3.0,2074,156.3993943330153,154.07567463266048,144.86535975810241,116.96727118880347,89.26053324080524
2014-07-01,3293,3379000,540296500,155.5,163.5,155.5,157.0,1.5,2410,156.5995962220102,154.60737015399494,145.9205458660935,118.16227801898843,89.77177449936521
2014-07-02,3293,3290000,511073500,158.5,160.5,151.0,153.0,-4.0,2343,155.39973081467346,154.31512103508678,146.53615057338973,119.20221001842161,90.24896865408698
2014-07-03,3293,2576000,387203500,153.0,154.5,148.5,149.0,-4.0,1903,153.2664872097823,153.3487353923437,146.75039834961672,120.09169628652843,90.69237266424481
2014-07-04,3293,6345000,1000967000,150.0,159.0,150.0,159.0,10.0,3520,155.17765813985486,154.3762380482812,147.81558110182397,121.25313818842311,91.20790192715617
2014-07-07,3293,4103000,648842500,160.0,162.5,153.0,155.5,-3.5,2610,155.2851054265699,154.58055840313918,148.48379144079578,122.27543257085824,91.693125308838
2014-07-08,3293,1449000,224536000,155.5,157.0,152.0,156.5,1.0,1045,155.69007028437994,154.9295477843866,149.18085305463964,123.29706144934009,92.1822337970732
2014-07-09,3293,4335000,697205500,156.5,163.5,156.5,159.5,3.0,3011,156.96004685625329,155.7605390963163,150.07817018032316,124.37774618219561,92.69029240992548
2014-07-10,3293,6016000,1008273000,162.0,170.5,160.0,170.5,11.0,3777,161.4733645708355,158.44044107880424,151.8539814689907,125.75452987824947,93.27753548607699
2014-07-11,3293,7010000,1177873500,171.0,174.0,160.0,162.0,-8.5,4651,161.64890971389033,159.08763360993075,152.73624394994803,126.83648421024202,93.79619559561603
2014-07-14,3293,5074000,854543000,164.0,173.0,163.0,172.0,10.0,3348,165.09927314259355,161.43533658994335,154.41135317169167,128.18464886068256,94.38641298734723
2014-07-15,3293,3291000,563748000,172.0,175.5,168.5,169.0,-3.0,2414,166.3995154283957,162.81072993722637,155.67993115676197,129.40301755140845,94.94953439876348
2014-07-16,3293,3292000,548685500,169.5,172.5,163.0,166.0,-3.0,2283,166.26634361893045,163.39059722136702,156.57732844747832,130.49546478867984,95.48576432782941
2014-07-17,3293,5139000,837440500,167.0,171.5,156.0,158.0,-8.0,3212,163.51089574595363,162.4104886356639,156.70103901726281,131.3164956905103,95.95756988007221
2014-07-18,3293,2617000,414746000,155.0,161.0,153.0,158.0,0.0,1685,161.67393049730242,161.60858161099773,156.81399214619648,132.11301820721147,96.42581463569431
2014-07-21,3293,1814000,289956000,162.0,162.0,157.5,159.5,1.5,1288,160.94928699820161,161.22520313627086,157.04755804652723,132.9305400517723,96.90184622334945
2014-07-22,3293,1312000,208136500,161.0,161.0,157.0,159.0,-0.5,917,160.29952466546774,160.820620747858,157.21733560769877,133.70873288604776,97.37051153487134
2014-07-24,3293,2559000,419200500,159.0,166.0,158.0,164.5,5.5,1859,161.69968311031184,161.489598793702,157.8506107722467,134.6278751879568,97.87714918366477
2014-07-25,3293,1913000,316880500,165.5,168.0,164.0,165.0,0.5,1357,162.7997887402079,162.12785355848345,158.47229679205134,135.53450577936107,98.3837367369956
2014-07-28,3293,3149000,494435000,165.5,165.5,153.5,153.5,-11.5,2144,159.6998591601386,160.55915291148645,158.03992315795992,136.0707891889324,98.79970853520696
2014-07-29,3293,3032000,450604000,155.0,156.0,143.0,148.0,-5.5,1958,155.79990610675907,158.27567056394346,157.16688636161558,136.4268850340389,99.17103148965823
2014-07-30,3293,2449000,369361500,147.5,156.0,146.0,152.5,4.5,1682,154.69993740450604,157.22554864322646,156.76107015625772,136.90667951063475,99.57351427086836
2014-07-31,3293,1667000,255223000,154.5,155.0,150.0,151.5,-1.0,1208,153.63329160300404,156.18453979900346,156.303585794844,137.34230101778,99.96541227637124
2014-08-01,3293,1297000,195201000,148.0,152.5,146.5,150.0,-1.5,769,152.4221944020027,155.06007801736646,155.75544789964016,137.72014277844326,100.34303180636088
2014-08-04,3293,1351000,200499500,150.5,151.5,146.5,147.0,-3.0,913,150.6147962680018,153.5946092869362,154.99410460401927,137.99715344177332,100.69515986819967
2014-08-05,3293,2408000,339611500,147.0,149.0,137.0,137.0,-10.0,1644,146.07653084533453,150.57740759840235,153.42939985584368,137.96738766739202,100.96915866164721
2014-08-06,3293,4248000,554411500,136.5,138.0,127.5,134.0,-3.0,2281,142.05102056355636,147.56333348960192,151.73988682490076,137.8489581847833,101.21844803023856
2014-08-07,3293,2842000,363799500,133.0,133.0,125.0,128.0,-6.0,1880,137.3673470423709,144.00636376421974,149.6755488401268,137.55495943299871,101.42057295076506
2014-08-08,3293,4147000,542191000,128.0,136.5,123.5,136.5,8.5,2746,137.0782313615806,142.64157035254343,148.52984894098535,137.52346810664054,101.68532334358947
2014-08-11,3293,3604000,511993000,139.0,146.0,138.5,144.0,7.5,2389,139.38548757438707,142.8885575611719,148.1359490330736,137.71679741689007,102.00467939382654
2014-08-12,3293,1414000,202072500,144.0,145.5,141.0,141.5,-2.5,1084,140.09032504959137,142.63609255004974,147.55890998671936,137.8297288372814,102.30275728519388
2014-08-13,3293,2356000,344286000,142.0,150.5,139.0,148.0,6.5,1632,142.72688336639425,143.6113484500407,147.5972656400481,138.13331902124315,102.64764213587166
2014-08-14,3293,2158000,318864000,148.0,151.0,144.0,144.5,-3.5,1549,143.31792224426283,143.7729214591242,147.3279381930874,138.3233691997135,102.9635089876764
2014-08-15,3293,1193000,173340000,144.0,148.0,143.0,145.0,0.5,937,143.87861482950856,143.99602664837434,147.12550878499283,138.52267161166236,103.28076552361847
2014-08-18,3293,940000,136835000,145.0,148.0,143.0,146.0,1.0,583,144.58574321967237,144.360385439579,147.027638455863,138.74587544415004,103.60317484042135
2014-08-19,3293,1348000,196503500,147.5,149.0,142.0,144.5,-1.5,922,144.55716214644823,144.3857699051101,146.8078438075271,138.91764035626497,103.91183012464458
2014-08-20,3293,1247000,169448500,142.0,144.0,134.5,134.5,-10.0,809,141.20477476429883,142.58835719509008,145.73759651991605,138.78577049488393,104.14268423691142
2014-08-21,3293,2161000,283064000,126.0,143.0,125.5,139.5,5.0,1330,140.63651650953256,142.02683770507372,145.19519682253204,138.80709077861874,104.40953190304793
2014-08-22,3293,1601000,221627000,135.5,143.0,130.0,137.0,-2.5,1125,139.42434433968836,141.11286721324214,144.48257101187707,138.75314777030178,104.65549770000607
2014-08-25,3293,2485000,353309500,136.5,144.0,136.5,144.0,0.0,1503,140.94956289312557,141.63780044719812,144.4406083151921,138.90977022491964,104.95243734000601
2014-08-26,3293,2991000,452551500,148.0,154.0,147.0,152.5,8.5,2093,144.79970859541706,143.6127458204348,145.14142498343625,139.31544872566832,105.3112868695154
2014-08-27,3293,1628000,249244500,155.0,155.0,151.0,153.0,0.5,1176,147.53313906361137,145.31951930762847,145.82477933270266,139.72394279355882,105.67120168559453
2014-08-28,3293,1688000,252645500,151.0,152.0,147.0,151.5,-1.5,1081,148.85542604240757,146.44324306987784,146.31827678203285,140.07546688927349,106.01707940872211
2014-08-29,3293,4271000,679333000,151.0,162.0,150.0,162.0,10.5,2799,153.23695069493837,149.27174432990006,147.68190488794303,140.72993056422055,106.43959201695817
2014-09-01,3293,5317000,907815000,166.0,173.0,166.0,173.0,11.0,3206,159.8246337966256,153.5859726335546,149.883478375948,141.69321621901994,106.94193471871698
2014-09-02,3293,3632000,619513000,173.0,173.5,169.0,170.0,-3.0,2381,163.21642253108374,156.57034124563557,151.63274112586555,142.5381948393477,107.41784464536818
2014-09-03,3293,3072000,515154000,170.0,170.5,164.5,170.0,0.0,2061,165.47761502072248,159.01209738279275,153.22989407144246,143.35795021727762,107.89016279898804
2014-09-04,3293,3932000,670988500,171.5,174.5,166.0,167.0,-3.0,2533,165.98507668048165,160.46444331319407,154.4272945869692,144.06368304661262,108.33627477786361
2014-09-05,3293,1599000,268947000,169.5,170.0,166.0,169.5,2.5,1176,167.15671778698777,162.10727180170423,155.73796462288493,144.82297608999733,108.79788779840803
2014-09-09,3293,1841000,313703000,172.0,173.0,168.5,170.0,0.5,1251,168.1044785246585,163.54231329230345,156.9781416121993,145.57452904253472,109.25979053200494
2014-09-10,3293,6741000,1180926500,169.5,181.5,167.0,181.5,11.5,3997,172.56965234977233,166.80734723915737,159.11047712418195,146.646931160668,109.80499966006528
2014-09-11,3293,4222000,755897500,180.0,183.5,175.0,175.0,-6.5,3099,173.37976823318155,168.29692046840148,160.49217476555745,147.49329142452865,110.29703739847987
2014-09-12,3293,3208000,547518500,175.0,178.0,166.5,168.5,-6.5,2267,171.75317882212104,168.3338440196012,161.1885073946394,148.12035735215466,110.7363050407555
2014-09-15,3293,1251000,210972000,167.0,170.5,167.0,168.5,0.0,936,170.66878588141404,168.36405419785552,161.82428936032292,148.72870489388137,111.17225745554225
2014-09-16,3293,1897000,322230500,169.0,172.5,167.0,169.0,0.5,1324,170.1125239209427,168.47968070733634,162.4482641985557,149.33381818063117,111.60869324833061
2014-09-17,3293,3990000,704242500,172.0,180.5,170.0,176.5,7.5,2789,172.24168261396179,169.93792057872975,163.6701542682465,150.14474898120935,112.09843895966397
2014-09-18,3293,4284000,744982500,178.0,181.5,169.5,170.0,-6.5,2964,171.4944550759745,169.94920774623344,164.22057563622508,150.73744304147175,112.53543187317594
2014-09-19,3293,1716000,294765500,172.5,174.0,168.0,172.0,2.0,1296,171.66297005064968,170.3220790651001,164.8970473200316,151.37214623426362,112.98422106658593
2014-09-22,3293,1126000,192450000,170.0,173.5,168.0,170.5,-1.5,871,171.27531336709978,170.354428325991,165.38426059655058,151.94312694368858,113.4183024170268
2014-09-23,3293,1475000,253136500,170.5,174.0,170.0,170.0,-0.5,1048,170.85020891139985,170.28998681217445,165.78562924032877,152.48213807969788,113.84533409689828
2014-09-24,3293,4029000,657141500,169.5,171.5,159.5,159.5,-10.5,2797,167.06680594093322,168.32817102814272,165.239052784648,152.6916264952293,114.1898976131481
2014-09-25,3293,3201000,501635000,160.5,162.5,152.0,156.0,-3.5,2331,163.37787062728881,166.08668538666223,164.4356568903308,152.79038391328214,114.50544555569039
2014-09-26,3293,1803000,276485000,151.5,156.0,150.5,154.5,-1.5,1360,160.41858041819253,163.98001531636,163.5716867259542,152.84141722930357,114.8072912496097
2014-09-29,3293,2337000,373156500,155.0,163.0,154.0,159.0,4.5,1657,159.94572027879502,163.07455798611272,163.17414874978428,153.02525552096614,115.14082112697115
2014-09-30,3293,2286000,369614500,160.0,164.0,159.0,161.5,2.5,1608,160.4638135191967,162.7882747159104,163.0285705976291,153.2782329681015,115.4907017222393
2014-10-01,3293,1220000,199021000,162.0,164.5,162.0,162.0,0.5,883,160.97587567946445,162.64495204029032,162.93912967609614,153.53858422278503,115.84171529414692
2014-10-02,3293,1618000,263485000,160.0,165.5,158.5,165.5,3.5,1226,162.48391711964297,163.16405166932844,163.16181405208778,153.8956414101646,116.21649480136091
2014-10-03,3293,4227000,733495000,168.0,176.0,167.5,173.0,7.5,2714,165.989278079762,164.95240591126873,164.017308482341,154.4659207710552,116.64504955757705
2014-10-06,3293,4051000,726805500,175.5,183.5,175.5,177.5,4.5,2796,169.826185386508,167.23378665467442,165.1897164403983,155.15350522565058,117.10433220242552
2014-10-07,3293,2147000,377898500,175.5,180.0,171.5,173.5,-4.0,1597,171.050790257672,168.37309817200634,165.91234979340715,155.70116178607893,117.52995988391665
2014-10-08,3293,2212000,383844000,173.0,178.0,168.0,169.0,-4.5,1664,170.36719350511467,168.48708032255064,166.18084111571957,156.0981420312706,117.91841301686821
2014-10-09,3293,3403000,565102000,172.5,174.0,160.5,163.0,-6.0,2377,167.9114623367431,167.48942935481415,165.90424623609178,156.30416764227746,118.25865140919373
2014-10-13,3293,3202000,492775000,157.0,157.5,152.0,152.0,-11.0,1943,162.60764155782874,164.67316947212066,164.69518134599684,156.17568502609006,118.51330309667152
2014-10-14,3293,2595000,403609500,152.0,159.0,150.5,157.0,5.0,1681,160.73842770521915,163.2780477499169,164.0260351419971,156.20029144322172,118.80376873367777
2014-10-15,3293,2427000,384202500,158.0,162.0,155.5,158.0,1.0,1682,159.8256184701461,162.31840270447748,163.50203208617128,156.25401408670763,119.0995893470085
2014-10-16,3293,4191000,670633000,158.0,168.0,151.0,165.0,7.0,2819,161.55041231343074,162.80596584911794,163.63229016563466,156.51508829307457,119.44600754061598
2014-10-17,3293,2919000,479687500,168.0,169.0,159.0,162.0,-3.0,2140,161.7002748756205,162.65942660382376,163.4903518903621,156.67881700074398,119.76716974785661
2014-10-20,3293,5735000,899067000,166.5,167.0,151.0,155.0,-7.0,3738,159.46684991708034,161.2668035849467,162.75206042163495,156.62870306042325,120.03307790070298
2014-10-21,3293,4486000,703351500,153.0,162.0,150.0,159.5,4.5,3252,159.47789994472024,160.94556656950184,162.4692725588841,156.71441341682853,120.33094146371654
2014-10-22,3293,3286000,522798000,162.0,163.5,154.5,156.0,-3.5,2386,158.31859996314682,160.04637264777423,161.9067271189811,156.69308764319186,120.60014190549981
2014-10-23,3293,3974000,607034000,154.0,158.0,148.5,152.5,-3.5,2802,156.37906664209788,158.67430489363346,161.08875084776537,156.5679208478727,120.84089555149603
2014-10-24,3293,5583000,826154500,153.0,154.0,142.0,143.5,-9.0,4100,152.08604442806526,155.9153403675183,159.55929425230752,156.17783365838397,121.01190766054134
2014-10-27,3293,4532000,612576500,142.5,142.5,133.5,133.5,-10.0,2809,145.89069628537683,151.83982393706043,157.29326866515035,155.50088339992476,121.10615741404669
2014-10-28,3293,6745000,874070000,133.5,135.0,124.5,131.5,-2.0,4114,141.09379752358456,148.14167413032217,155.05037573774598,154.78443911933,121.18460150903502
2014-10-29,3293,6763000,911668500,131.5,138.5,129.0,134.5,3.0,4574,138.89586501572305,145.66136974299087,153.26338654315938,154.17893347397685,121.28509508255173
2014-10-30,3293,5101000,673343000,134.0,136.5,128.5,128.5,-6.0,3598,135.4305766771487,142.54112069881072,151.11004858288464,153.41239814639545,121.33954719513625
2014-10-31,3293,7538000,994256500,129.0,136.0,126.0,132.5,4.0,5193,134.45371778476581,140.71546238993605,149.49178348872076,152.78814745545827,121.42377702762579
2014-11-03,3293,4693000,629677500,133.0,137.0,131.5,132.5,0.0,3270,133.8024785231772,139.22174195540222,148.01423709839722,152.1825311135043,121.50737116326636
2014-11-04,3293,3917000,532657500,134.5,138.0,133.5,135.5,3.0,2742,134.36831901545148,138.54506159987454,146.92604256810182,151.68454511011612,121.61297590920397
2014-11-05,3293,3073000,417624000,137.0,139.5,133.0,133.0,-2.5,2258,133.91221267696764,137.53686858171554,145.7150823447886,151.12679749488876,121.6989157136628
2014-11-06,3293,5156000,649526500,126.5,129.0,124.0,124.0,-9.0,3242,130.60814178464508,135.07561974867636,143.826814314807,150.3170423457876,121.71628238752194
2014-11-07,3293,6740000,845139500,122.5,129.0,120.0,127.0,3.0,4377,129.40542785643007,133.60732524891702,142.36361307004117,149.62101123098796,121.75615950157838
2014-11-10,3293,2620000,329187500,128.0,129.0,124.0,124.0,-3.0,1950,127.60361857095337,131.86053884002303,140.76677715090716,148.85620492558533,121.77309414684949
2014-11-11,3293,1890000,238277000,126.0,128.0,124.0,125.0,1.0,1431,126.73574571396891,130.613168141837,139.3957530508283,148.1440794054186,121.79744815328836
2014-11-12,3293,1522000,190205500,125.0,126.0,123.0,125.5,0.5,1158,126.32383047597928,129.68350120695754,138.18742669858236,147.46813673660014,121.8253919408107
2014-11-13,3293,4430000,577643000,126.5,133.0,126.5,131.5,6.0,3079,128.0492203173195,130.01377371478344,137.60591133348825,146.99147593849267,121.89840785069138
2014-11-14,3293,4625000,619500000,131.5,136.5,130.0,134.5,3.0,3180,130.19948021154633,130.82945122118645,137.33583208709797,146.6185960597317,121.99351420653522
2014-11-17,3293,2689000,358994500,135.5,137.0,131.0,131.0,-3.5,1801,130.46632014103088,130.86046009006165,136.78489016648075,146.15236931168,122.06148768422175
2014-11-18,3293,4210000,534728500,132.0,133.0,123.0,124.0,-7.0,2928,128.31088009402058,129.61310371005044,135.67316058678676,145.49110455610744,122.07611796585026
2014-11-19,3293,2918000,363209500,124.0,126.5,122.5,126.0,2.0,2150,127.54058672934705,128.95617576276854,134.83201618793575,144.90928053950722,122.10573216988158
2014-11-20,3293,4666000,615795000,129.0,134.5,128.5,134.5,8.5,2823,129.86039115289805,129.96414380590153,134.80314521507177,144.59855574728311,122.19927381388247
2014-11-21,3293,8110000,1131511000,136.5,142.5,136.5,142.0,7.5,4745,133.90692743526537,132.1524812957376,135.42895867463074,144.52098691900602,122.34871325679657
2014-11-24,3293,3584000,513490000,144.0,146.0,141.0,141.0,-1.0,2501,136.27128495684357,133.76112106014895,135.9133970507498,144.4158828318715,122.48947768504716
2014-11-25,3293,5184000,760382500,142.5,150.0,141.0,149.0,8.0,3453,140.51418997122906,136.53182632194006,137.05136252459766,144.5527221503231,122.68955709874491
2014-11-26,3293,2193000,321834500,148.0,148.5,145.5,147.0,-2.0,1646,142.67612664748603,138.43513062704187,137.9164614355022,144.6257752204627,122.8730321395091
2014-11-27,3293,2343000,343511000,149.0,150.0,144.0,144.0,-3.0,1746,143.11741776499068,139.4469250584888,138.44546478893682,144.60709536313547,123.03248095355055
2014-11-28,3293,1694000,244587500,147.0,147.0,142.0,145.0,1.0,1179,143.74494517666045,140.45657504785447,139.01542437250754,144.6188238597583,123.19827355012752
2014-12-01,3293,5472000,824944500,140.5,155.0,140.5,155.0,10.0,3530,147.49663011777363,143.10083413006274,140.40538747055035,144.92870971469088,123.43828657993788
2014-12-02,3293,3061000,468837500,153.0,156.0,151.0,151.5,-3.5,2149,148.83108674518243,144.62795519732407,141.37013638615466,145.12486763365533,123.65007309631571
2014-12-03,3293,3837000,600149000,153.5,160.0,153.0,156.5,5.0,2571,151.38739116345496,146.7865087978106,142.68577670040207,145.46442382369545,123.89799707294729
2014-12-04,3293,6271000,1031288500,160.0,167.0,160.0,164.0,7.5,3713,155.59159410896999,149.91623447093593,144.53918742210624,146.0177246050777,124.20065369881183
2014-12-05,3293,2371000,385651500,164.0,165.0,160.5,163.5,-0.5,1732,158.22772940598,152.38601002167485,146.18795373322743,146.5395835720903,124.4972525388208
2014-12-08,3293,3560000,587576000,164.5,169.5,160.0,160.0,-3.5,2492,158.81848627065332,153.7703718359158,147.3890012346859,146.94138704755028,124.76519780267876
2014-12-09,3293,1532000,244886500,158.0,162.0,158.0,159.0,-1.0,1133,158.87899084710222,154.72121332029474,148.39865330123496,147.3013456431458,125.02357366831892
2014-12-10,3293,2765000,442980500,159.0,163.5,157.0,158.0,-1.0,1731,158.58599389806815,155.31735635296843,149.23355301417104,147.6207084597683,125.27245235761463
2014-12-11,3293,1477000,234466500,158.0,160.5,156.0,160.0,2.0,1092,159.05732926537877,156.16874610697417,150.16976579554748,147.9902395505215,125.53454705680244
2014-12-12,3293,1765000,282815500,162.0,163.0,157.0,157.0,-3.0,1201,158.37155284358585,156.3198831784334,150.7636992046303,148.25918762364026,125.77202217335487
2014-12-15,3293,2502000,403512000,157.0,165.0,155.5,164.0,7.0,1796,160.2477018957239,157.71626805508188,151.91468188248854,148.7290626199495,126.06053521355597
2014-12-16,3293,2358000,381798500,163.0,167.0,157.0,157.0,-7.0,1723,159.16513459714926,157.58603749961244,152.3568834579243,148.97595627308533,126.29404060817063
2014-12-17,3293,1839000,288280000,158.0,159.5,154.0,154.0,-3.0,1357,157.44342306476616,156.9340306815011,152.49976315723524,149.1259277276201,126.50314218848632
2014-12-18,3293,3278000,518095000,157.0,161.0,154.0,154.5,0.5,2110,156.46228204317745,156.4914796485009,152.67369679573653,149.28634779545234,126.71443922857321
2014-12-19,3293,5191000,774541000,157.0,158.5,144.0,146.0,-8.5,3138,152.97485469545163,154.583937894228,152.0933753352377,149.18824786125973,126.85999063062172
2014-12-22,3293,3381000,488213000,144.0,147.5,141.5,145.5,-0.5,2301,150.48323646363443,152.9323128225502,151.52003834956486,149.07815091017736,127.00066994661704
2014-12-23,3293,2872000,427260500,149.0,150.5,147.0,147.5,2.0,2025,149.4888243090896,151.94461958208652,151.17046979742878,149.031041927784,127.15538187154823
2014-12-24,3293,2672000,397716000,147.5,151.5,146.0,149.0,1.5,1883,149.3258828727264,151.40923420352533,150.98173329330453,149.03011530307404,127.32024691402711
2014-12-25,3293,1714000,251701500,149.5,150.0,144.0,144.0,-5.0,1217,147.5505885818176,150.06210071197526,150.3746260504085,148.8799626074599,127.44613184297785
2014-12-26,3293,2596000,376600000,144.5,148.0,141.0,148.0,4.0,1802,147.7003923878784,149.68717330979794,150.16813682863383,148.8536950669387,127.6012553762384
2014-12-27,3293,1873000,279477000,149.5,151.0,146.5,148.5,0.5,1423,147.9669282585856,149.4713236171074,150.02308145223088,148.84313700523904,127.75898175075736
2014-12-29,3293,2724000,414132000,150.0,154.0,149.5,150.5,2.0,1939,148.81128550572373,149.65835568672424,150.06455263029775,148.89259560209757,127.93061207716674
2014-12-30,3293,2084000,312599000,151.0,153.0,147.0,149.0,-1.5,1466,148.87419033714914,149.53865465277437,149.97198283635882,148.8958017035275,128.08962632564095
2014-12-31,3293,923000,137323500,149.0,151.0,146.0,151.0,2.0,690,149.58279355809944,149.80435380681539,150.06137563319717,148.95861359297444,128.26253480620215
2015-01-05,3293,719000,108020500,150.5,152.0,148.5,150.0,-1.0,586,149.72186237206628,149.83992584193987,150.05603862161482,148.9896997543782,128.4265911472874
2015-01-06,3293,1184000,174194500,150.0,150.0,145.5,146.5,-3.5,875,148.6479082480442,149.2326665979508,149.74681787190917,148.91538035872512,128.56299423296826
2015-01-07,3293,789000,116266000,146.5,148.5,145.5,148.0,1.5,646,148.43193883202946,149.00854539832338,149.5949206656562,148.8880555718975,128.70968861611567
2015-01-08,3293,2293000,328138500,143.0,145.5,139.0,144.5,-3.5,1563,147.1212925546863,148.1888098713555,149.1518840860339,148.75706883840803,128.82886077750348
2015-01-09,3293,874000,126169500,145.5,146.0,143.0,144.5,0.0,604,146.24752836979087,147.51811716747267,148.74737242637877,148.6299921566645,128.9471335263525
2015-01-12,3293,881000,125108500,144.5,144.5,140.5,141.5,-3.0,656,144.6650189131939,146.423914046114,148.11716612843279,148.4171565698984,129.04187214124795
2015-01-13,3293,884000,126299500,141.5,144.0,141.5,142.5,1.0,674,143.94334594212927,145.71047512863873,147.6287168998734,148.24052503049845,129.14344291754043
2015-01-14,3293,3254000,486927000,143.0,152.0,143.0,152.0,9.5,2113,146.62889729475285,146.85402510524986,148.00882847379745,148.3527481639164,129.3159452351439
2015-01-15,3293,5847000,903372500,152.5,158.0,150.5,150.5,-1.5,3878,147.91926486316856,147.51692963156808,148.22545208477158,148.41684523365024,129.47582489374656
2015-01-16,3293,1927000,291015000,151.5,154.0,148.0,148.0,-2.5,1445,147.94617657544572,147.6047606076466,148.205847555661,148.40440209234725,129.6156299888881
2015-01-19,3293,2881000,426824000,151.0,152.5,145.0,149.0,1.0,1795,148.29745105029716,147.8584404971654,148.27490428995134,148.42218113436675,129.76192712104742
2015-01-20,3293,918000,137524500,150.0,151.0,148.5,151.0,2.0,723,149.1983007001981,148.42963313404442,148.5118691343034,148.49913095125132,129.92221446353008
2015-01-21,3293,2864000,441666500,152.0,156.5,151.0,151.0,0.0,2021,149.7988671334654,148.89697256421817,148.72822834001613,148.57378375867665,130.08129209022042
2015-01-22,3293,1636000,251776000,153.0,155.5,152.5,154.0,3.0,1238,151.1992447556436,149.82479573436032,149.18664326697126,148.73576036289526,130.2618106404829
2015-01-23,3293,1231000,189854500,156.0,157.0,152.5,153.0,-1.0,938,151.7994965037624,150.40210560084026,149.51823950462594,148.86305109833123,130.43341961678115
2015-01-26,3293,1069000,165589500,154.0,156.0,153.5,155.0,2.0,814,152.86633100250828,151.23808640068748,149.99491433031065,149.04624360285865,130.61882777061678
2015-01-27,3293,652000,100947500,157.0,157.0,153.5,154.0,-1.0,486,153.24422066833884,151.7402525096534,150.34318264941408,149.19411692814646,130.79528944781967
2015-01-28,3293,1282000,197645500,154.0,156.5,152.5,152.5,-1.5,991,152.99614711222588,151.87838841698914,150.53073198424764,149.2928000049182,130.95909858406253
2015-01-29,3293,1083000,162530000,153.0,153.5,148.0,149.5,-3.0,878,151.83076474148393,151.44595415935476,150.4411031160522,149.29898507939825,131.09902991550356
2015-01-30,3293,486000,72462000,151.0,151.0,148.0,148.5,-1.0,410,150.72050982765595,150.91032613038115,150.27231154074332,149.27513477852068,131.23035799161298
2015-02-02,3293,1122000,163290500,148.5,149.5,144.5,144.5,-4.0,872,148.64700655177063,149.74481228849368,149.77037140676563,149.13259344184843,131.3305062331857
2015-02-03,3293,769000,112559500,145.0,147.5,145.0,147.0,2.5,628,148.0980043678471,149.24575550876756,149.52946954530776,149.0689339361216,131.4487665635013
2015-02-04,3293,597000,87491500,149.0,149.0,145.0,146.0,-1.0,470,147.39866957856472,148.65561814353708,149.2225591500636,148.97732396787916,131.5585871932107
2015-02-05,3293,1135000,162773500,144.0,145.5,142.0,143.5,-2.5,782,146.09911305237648,147.71823302653033,148.72494531092764,148.81382175988276,131.64871106345063
2015-02-06,3293,848000,120604500,144.0,144.5,141.0,141.0,-2.5,642,144.39940870158432,146.49673611261574,148.05321093606437,148.58057334914,131.7192868290095
2015-02-09,3293,763000,107897500,140.0,143.5,139.0,141.5,0.5,603,143.43293913438956,145.58823863759469,147.48336650684138,148.3692129506582,131.7931035321868
2015-02-10,3293,525000,75345500,141.5,145.0,141.5,144.0,2.5,440,143.62195942292638,145.29946797621383,147.18046507146386,148.23878868347438,131.8852310526986
2015-02-11,3293,1467000,206494000,144.0,144.5,139.0,139.5,-4.5,1055,142.2479729486176,144.24501925326587,146.51259854351048,147.9779293197886,131.94270100701786
2015-02-12,3293,2639000,354004000,139.0,139.0,132.0,134.0,-5.5,2015,139.49864863241172,142.3822884799448,145.4245464962487,147.56067769830236,131.95822779187054
2015-02-13,3293,1033000,139785500,135.0,136.5,133.0,136.0,2.0,890,138.33243242160782,141.22187239268212,144.6050207139662,147.2155828416366,131.98873173306396
2015-02-24,3293,688000,93527500,139.0,139.0,134.0,135.0,-1.0,519,137.22162161440522,140.09062286673992,143.76980152144742,146.85093857770715,132.01145828602196
2015-02-25,3293,1618000,221923000,136.0,140.0,133.0,140.0,5.0,1269,138.14774774293682,140.0741459818781,143.44199269349548,146.64643294852186,132.07174916688217
2015-02-26,3293,745000,103106000,140.0,140.5,137.5,137.5,-2.5,539,137.93183182862455,139.60611943971844,142.92529767666977,146.37340509931227,132.11271709769815
2015-03-02,3293,343000,47183000,138.5,138.5,136.5,137.5,0.0,298,137.7878878857497,139.2231886324969,142.45353266130718,146.1085273351537,132.15337583658345
2015-03-03,3293,1099000,152845500,137.5,141.0,137.0,137.5,0.0,839,137.69192525716647,138.90988160840658,142.02279069075874,145.85155636992522,132.19372771706207
2015-03-04,3293,1196000,161875000,137.0,138.5,133.5,133.5,-4.0,915,136.29461683811098,137.92626677051447,141.28167845677973,145.48285319470358,132.20358637580122
2015-03-05,3293,1522000,202149000,133.0,135.5,130.0,133.5,0.0,1075,135.363077892074,137.1214909940573,140.60501076488583,145.12515608441393,132.21337062956877
2015-03-06,3293,1084000,146932000,133.5,137.0,133.5,135.0,1.5,761,135.24205192804934,136.73576535877416,140.11761852446097,144.82291261920756,132.23440179462864
2015-03-09,3293,572000,77047500,135.0,136.0,133.5,134.5,-0.5,412,134.99470128536623,136.32926256626976,139.62912995711653,144.5147659738581,132.2515006490088
2015-03-10,3293,1272000,175663000,136.0,141.0,135.0,136.0,1.5,1017,135.32980085691082,136.2693966451298,139.31355343910639,144.26059385523547,132.27979121014835
2015-03-11,3293,590000,79717500,136.0,136.5,134.0,134.5,-1.5,459,135.0532005712739,135.9476881641971,138.89498357483626,143.96923284463142,132.29654750290194
2015-03-12,3293,526000,70565000,135.0,136.0,133.0,133.5,-1.0,367,134.53546704751594,135.5026539525249,138.42585456832876,143.65671843135885,132.3056301632574
2015-03-13,3293,351000,47251500,134.5,136.5,133.5,134.0,0.5,303,134.3569780316773,135.22944414297493,138.04099764934364,143.3684581796765,132.31841786013848
2015-03-16,3293,258000,34615000,134.5,136.0,133.5,133.5,-0.5,233,134.07131868778487,134.91499975334312,137.64612828853114,143.07387733849214,132.32733546119405
2015-03-17,3293,543000,72264500,135.0,135.5,132.0,132.0,-1.5,415,133.38087912518992,134.38499979818982,137.15516061126758,142.74331383585059,132.32486500488315
2015-03-18,3293,1255000,163029500,133.0,133.5,127.5,128.5,-3.5,952,131.75391941679328,133.31499983488257,136.40253794941822,142.31814028851176,132.2959980991859
2015-03-19,3293,1036000,132919000,129.5,130.0,127.0,128.0,-0.5,759,130.50261294452886,132.34863622854027,135.67188247555578,141.89073311572037,132.26357547202224
2015-03-20,3293,593000,76111500,128.0,129.5,127.5,128.0,0.0,477,129.6684086296859,131.5579750960784,135.00476226029005,141.47608436599737,132.2313975439315
2015-03-23,3293,1264000,165966500,129.0,132.5,128.5,131.0,3.0,913,130.1122724197906,131.4565250786096,134.6565220637431,141.16336542969893,132.2221039775622
2015-03-24,3293,354000,46230500,132.5,132.5,129.5,129.5,-1.5,294,129.90818161319373,131.1007932461351,134.2081288408089,140.81520526761835,132.20155979659947
2015-03-25,3293,853000,108836500,131.0,131.0,125.5,126.5,-3.0,611,128.77212107546248,130.26428538320147,133.5378567676951,140.38788570739095,132.15852915662512
2015-03-26,3293,594000,75854000,124.0,129.5,124.0,129.0,2.5,502,128.84808071697498,130.03441531352848,133.14326052702597,140.04794882060315,132.13469120072605
2015-03-27,3293,439000,56044000,129.5,130.0,126.0,126.5,-2.5,342,128.06538714464997,129.3917943474324,132.56558569858893,139.64353243789859,132.09216522939982
2015-03-30,3293,355000,45112500,128.0,128.5,125.0,127.5,1.0,302,127.87692476309998,129.04783173880833,132.12509998566816,139.28103893228968,132.0575073786119
2015-03-31,3293,700000,88520000,128.5,129.5,125.5,125.5,-2.0,558,127.08461650873332,128.40277142266135,131.5490043347405,138.86966463580342,132.00801675688652
2015-04-01,3293,577000,71828500,125.0,125.5,123.0,124.5,-1.0,450,126.22307767248888,127.6931766185411,130.9360474360674,138.44071942279436,131.95135247947604
2015-04-02,3293,999000,127383500,124.5,128.5,124.5,128.5,4.0,659,126.98205178165925,127.83987177880635,130.72421722423547,138.14398152957662,131.9253045362347
2015-04-07,3293,1150000,156412000,131.5,137.0,131.5,137.0,8.5,632,130.3213678544395,129.5053496372052,131.2699374656063,138.1098328272012,131.96360412464048
2015-04-08,3293,3591000,503077000,140.0,143.0,136.5,136.5,-0.5,2140,132.38091190295967,130.77710424862244,131.7247255120753,138.06177811594145,131.9978410746432
2015-04-09,3293,1347000,180110000,137.5,137.5,131.0,131.5,-5.0,932,132.08727460197312,130.90853983978198,131.7051841631992,137.86590414233126,131.99408378351382
2015-04-10,3293,1254000,162764000,134.0,134.0,128.5,129.0,-2.5,851,131.05818306798207,130.56153259618526,131.4699507577036,137.60125028733628,131.97148692477032
2015-04-13,3293,767000,100061000,130.5,132.0,129.0,130.0,1.0,556,130.7054553786547,130.45943576051522,131.3421289526859,137.37434729368445,131.9566077781683
2015-04-14,3293,1937000,260543500,130.0,138.0,130.0,135.0,5.0,1495,132.13697025243647,131.284992894967,131.6602046959306,137.303471255067,131.9795767760689
2015-04-15,3293,1341000,182889500,137.0,139.0,133.5,133.5,-1.5,1020,132.5913135016243,131.68772145951846,131.82018689628444,137.18993479969186,131.99105166832499
2015-04-16,3293,1042000,142241000,135.0,138.0,134.0,137.5,4.0,798,134.2275423344162,132.74449937596964,132.31408368791188,137.19919047731298,132.03262863686592
2015-04-17,3293,765000,104026000,138.0,138.0,134.5,135.0,-2.5,545,134.48502822294412,133.1545903985206,132.54764162809346,137.13354300037827,132.05502389243674
2015-04-20,3293,349000,47136000,134.0,136.0,134.0,135.0,0.0,305,134.65668548196274,133.4901194169714,132.7608901821723,137.0698551496207,132.0772501272108
2015-04-21,3293,635000,84009500,137.5,137.5,130.0,131.5,-3.5,505,133.60445698797517,133.12827952297658,132.65124755763557,136.9035908167962,132.07289352247713
2015-04-22,3293,484000,63735000,132.5,133.5,129.5,132.0,0.5,386,133.06963799198346,132.9231377915263,132.59461733523247,136.7572149715187,132.07234338268486
2015-04-23,3293,745000,98275500,132.0,133.0,129.5,132.0,0.0,510,132.71309199465563,132.75529455670335,132.54291147999487,136.61520855445843,132.071797394891
2015-04-24,3293,549000,71786000,133.5,134.0,129.5,130.5,-1.5,431,131.97539466310374,132.3452410009391,132.36526700347358,136.43266501551938,132.05993477304278
2015-04-27,3293,348000,45681000,131.0,132.5,130.0,130.5,0.0,281,131.48359644206917,132.00974263713198,132.20306987273673,136.25557053744416,132.04816168041606
2015-04-28,3293,232000,30336500,130.5,132.0,130.0,130.0,-0.5,204,130.9890642947128,131.64433488492617,132.0114985794553,136.06883708856523,132.03270385641292
2015-04-29,3293,708000,90219500,129.5,130.5,125.0,127.5,-2.5,546,129.82604286314185,130.89081945130323,131.61919435515483,135.813050906817,131.99849477070416
2015-04-30,3293,342000,43464500,127.5,128.0,126.5,127.0,-0.5,258,128.8840285754279,130.18339773288446,131.21752528079355,135.54997476034487,131.96077028186866
2015-05-04,3293,822000,105854000,127.0,131.0,125.5,130.0,3.0,645,129.25601905028526,130.15005269054183,131.11165351724628,135.38430387197636,131.9459720155904
2015-05-05,3293,796000,103238500,130.0,131.5,128.0,129.5,-0.5,497,129.33734603352352,130.03186129226148,130.9715097331379,135.2086530101263,131.927511849435
2015-05-06,3293,786000,100133000,128.5,129.5,126.0,127.5,-2.0,515,128.72489735568234,129.57152287548666,130.6696393215607,134.97854396504792,131.8940966656657
2015-05-07,3293,1196000,153362000,128.5,131.0,126.0,126.0,-1.5,859,127.81659823712157,128.92215507994362,130.26358372838152,134.7105277272853,131.8496129172456
2015-05-08,3293,869000,109235000,128.0,129.5,124.0,124.5,-1.5,646,126.71106549141437,128.11812688359024,129.7624025346092,134.40573585482903,131.79414414051166
2015-05-11,3293,1842000,216740500,125.5,126.0,116.0,116.0,-8.5,1254,123.14071032760958,125.91483108657383,128.5656718794258,133.8563109039386,131.67494305265873
2015-05-12,3293,1324000,146631000,113.0,116.0,108.0,108.0,-8.0,853,118.09380688507305,122.65758907083313,126.77735258556268,133.08448072770165,131.49626423716697
2015-05-13,3293,2594000,268716000,105.0,108.0,100.5,106.0,-2.0,1911,114.06253792338204,119.62893651249983,124.97062627377463,132.2759887656807,131.30383960141478
2015-05-14,3293,1531000,159503500,105.0,106.5,102.0,104.5,-1.5,1084,110.8750252822547,116.87822078295441,123.19057181518554,131.4468547726753,131.1015464723475
2015-05-15,3293,812000,84669000,104.5,106.0,102.5,103.0,-1.5,650,108.25001685483646,114.35490791332634,121.43486991821288,130.59769492871484,130.88945932916
2015-05-18,3293,2749000,265450600,103.0,103.0,95.8,96.4,-6.6,1721,104.30001123655764,111.09037920181247,119.2579247079335,129.57686821442485,130.62916152290217
2015-05-19,3293,2017000,200569400,95.8,102.5,95.4,100.5,4.1,1475,103.03334082437176,109.16485571057383,117.6268008202871,128.70890199906887,130.40177162461612
2015-05-20,3293,1192000,122117500,100.5,104.5,99.5,103.5,3.0,936,103.18889388291451,108.13488194501495,116.39838335765344,127.95639746178324,130.19873938593977
2015-05-21,3293,678000,70039500,102.0,104.5,100.5,103.5,0.0,470,103.292595921943,107.29217613683042,115.27678480481401,127.22635574650613,129.9972394660459
2015-05-22,3293,666000,70031500,106.0,106.5,104.0,104.0,0.5,531,103.52839728129534,106.69359865740671,114.29619482178671,126.53303169437162,129.80103388517009
2015-05-25,3293,1121000,121136500,104.0,110.5,103.5,107.5,3.5,817,104.85226485419689,106.84021708333276,113.70522135902264,125.96488149453963,129.6327241954707
2015-05-26,3293,552000,59022500,110.0,110.0,105.5,105.5,-2.0,441,105.0681765694646,106.59654124999953,112.99172384954241,125.353989509628,129.4505904279577
2015-05-27,3293,669000,70356500,105.0,106.5,104.0,106.0,0.5,445,105.37878437964306,106.48807920454507,112.38374786262568,124.77625847948984,129.27360483982218
2015-05-28,3293,1901000,210873000,107.0,113.0,106.0,112.5,6.5,1348,107.75252291976204,107.5811557128096,112.3938567441365,124.40980300249015,129.14701159574804
2015-05-29,3293,1548000,172684000,112.5,114.5,109.5,110.5,-2.0,1022,108.6683486131747,108.11185467411696,112.2291735489942,123.99458500241582,129.00627943276126
2015-06-01,3293,816000,87900500,110.5,112.5,105.0,106.5,-4.0,619,107.94556574211647,107.81879018791388,111.73098454473383,123.47235858443325,128.83642072006117
2015-06-02,3293,760000,80428500,105.5,108.5,103.5,105.0,-1.5,596,106.96371049474432,107.30628288102045,111.14568154084392,122.9209448953457,128.6565232051928
2015-06-03,3293,1532000,155136700,105.0,106.5,96.2,101.5,-3.5,1167,105.14247366316287,106.25059508447127,110.3069266242488,122.28151370443986,128.45156831307813
2015-06-04,3293,1865000,187377900,101.5,104.5,98.0,101.0,-0.5,1222,103.76164910877525,105.29594143274922,109.49762865692281,121.64624463863568,128.24438666543224
2015-06-05,3293,1030000,102449200,101.0,101.5,98.5,99.8,-1.2,745,102.44109940585017,104.29667935406754,108.65435659979909,120.99411793300476,128.02971204908937
2015-06-08,3293,702000,69762500,101.0,101.0,96.8,100.0,0.2,550,101.62739960390012,103.51546492605526,107.90180385199046,120.36742784545238,127.81816705249247
2015-06-09,3293,916000,91517100,99.8,102.5,98.5,99.5,-0.5,724,100.91826640260008,102.7853803940452,107.17121221268695,119.74451955155828,127.60444503700197
2015-06-10,3293,1277000,132842500,101.5,106.0,101.5,104.0,4.5,863,101.94551093506672,103.00622032240062,106.89545462897505,119.27453389330282,127.42629828200573
2015-06-11,3293,660000,68788500,106.5,106.5,102.5,104.0,0.0,498,102.63034062337782,103.1869075365096,106.64367596558591,118.81857765768184,127.24949603082078
2015-06-12,3293,486000,50173000,103.5,104.0,102.5,104.0,0.0,377,103.08689374891854,103.33474252987149,106.41379109901322,118.37623205596,127.07402813624854
2015-06-15,3293,958000,102083500,104.0,109.0,104.0,105.5,1.5,676,103.89126249927902,103.72842570625849,106.33433100344686,117.9918669199612,126.91120528239006
2015-06-16,3293,1090000,110069400,104.5,105.5,98.6,102.0,-3.5,828,103.26084166618601,103.41416648693877,105.95743265532104,117.51449775817132,126.72319618591919
2015-06-17,3293,852000,85713700,103.0,103.0,99.8,101.0,-1.0,666,102.50722777745735,102.97522712567718,105.52635155485834,117.02152767583785,126.52905885621414
2015-06-18,3293,790000,79746500,101.0,102.5,100.0,101.5,0.5,574,102.17148518497156,102.70700401191769,105.17623402834892,116.55819849148448,126.34016029880874
2015-06-22,3293,616000,62312300,102.5,102.5,99.6,102.0,0.5,469,102.11432345664771,102.57845782793265,104.90003976501423,116.12362540218643,126.15646097579886
2015-06-23,3293,1360000,142506000,102.5,106.0,102.0,105.0,3.0,1012,103.07621563776515,103.01873822285398,104.90873195936082,115.79157688271819,125.99678957220793
2015-06-24,3293,1478000,158091500,106.0,109.5,104.0,105.0,0.0,1104,103.71747709184343,103.37896763688053,104.91666831072075,115.46944025935346,125.8383232358139
2015-06-25,3293,575000,60613000,105.0,106.5,104.0,104.5,-0.5,425,103.97831806122896,103.58279170290226,104.88043628370156,115.14199428146232,125.67727928686436
2015-06-26,3293,494000,52180000,105.0,107.0,104.5,105.5,1.0,363,104.48554537415264,103.9313750296473,104.93431138946664,114.85417355664255,125.52499793375596
2015-06-29,3293,1265000,134406500,106.5,108.0,104.5,104.5,-1.0,962,104.49036358276842,104.03476138789324,104.89654518168693,114.54509374898157,125.36631870406723
2015-06-30,3293,701000,74317000,106.5,107.0,105.0,105.5,1.0,524,104.82690905517894,104.30116840827628,104.94901951371415,114.2750909505045,125.2163842232818
2015-07-01,3293,1466000,159362500,106.5,110.5,105.5,108.0,2.5,1075,105.88460603678597,104.97368324313514,105.21432216469553,114.08777480272825,125.08644924801176
2015-07-02,3293,3658000,420197500,110.0,118.5,108.5,118.5,10.5,2394,110.08973735785732,107.43301356256512,106.36959849820026,114.21948301757219,125.03674019708338
2015-07-03,3293,2879000,342756000,118.5,121.0,117.0,118.5,0.0,2125,112.89315823857154,109.44519291482601,107.42441602009589,114.34725964391332,124.9874063088035
2015-07-06,3293,1001000,117335000,116.5,119.5,115.5,117.0,-1.5,756,114.26210549238102,110.81879420303946,108.25707549660929,114.4264459231995,124.92712399703895
2015-07-07,3293,1192000,140566500,119.0,120.5,115.5,116.5,-0.5,887,115.00807032825402,111.85174071157773,108.9738515403824,114.48834305982041,124.86352306121223
2015-07-08,3293,1583000,177597500,119.0,119.0,108.0,111.0,-5.5,1134,113.67204688550268,111.69687876401815,109.15003836295784,114.38421341624368,124.75889269848611
2015-07-09,3293,1426000,158888500,109.0,117.0,103.0,115.0,4.0,1055,114.11469792366846,112.2974462614694,109.65873067922237,114.40259510531104,124.68524067812018
2015-07-13,3293,2447000,296089500,118.5,124.0,118.0,120.0,5.0,1798,116.07646528244564,113.69791057756588,110.55797148972478,114.56968181858534,124.6498803711155
2015-07-14,3293,1137000,135044000,120.0,121.0,116.5,119.0,-1.0,850,117.05097685496376,114.66192683619026,111.29206092540089,114.70193012250816,124.60723976454105
2015-07-15,3293,901000,106199000,119.0,120.5,116.0,118.0,-1.0,662,117.36731790330917,115.26884922961021,111.87535997536602,114.80037996959747,124.55737380405395
2015-07-16,3293,1969000,236039500,119.0,122.5,117.0,118.0,0.0,1291,117.57821193553944,115.76542209695381,112.40793736881245,114.89589101528112,124.50788419043845
2015-07-17,3293,627000,73528000,118.0,119.5,116.5,116.5,-1.5,474,117.2188079570263,115.89898171568949,112.7637689019592,114.94377486557124,124.44744732862381
2015-07-20,3293,1082000,122234000,118.0,118.0,110.0,112.5,-4.0,795,115.64587197135087,115.28098504010958,112.74083247570188,114.87082636212135,124.35727791482287
2015-07-21,3293,1272000,141602000,113.5,115.0,108.5,111.0,-1.5,919,114.09724798090058,114.50262412372602,112.58945573868432,114.75527930653564,124.2564682701827
2015-07-22,3293,864000,94635000,109.0,111.5,107.0,111.0,0.0,638,113.06483198726706,113.86578337395765,112.45124219619004,114.64318141678831,124.15641945304924
2015-07-23,3293,1408000,151170000,110.0,112.5,104.5,107.0,-4.0,996,111.04322132484471,112.61745912414717,111.97722113565177,114.41502674763045,124.02693704208284
2015-07-24,3293,458000,48745000,106.0,107.5,105.5,107.0,0.0,318,109.6954808832298,111.59610291975677,111.54441929776901,114.19368266561163,123.89843185685957
2015-07-27,3293,1264000,129861000,105.5,108.0,99.0,100.5,-6.5,841,106.63032058881987,109.57862966161917,110.58403501100649,113.78491601887696,123.72183991831724
2015-07-28,3293,936000,93676100,99.5,103.0,97.1,102.0,1.5,724,105.08688039254658,108.20069699587023,109.83759718396244,113.43312748100003,123.55790150383937
2015-07-29,3293,590000,60499500,102.0,104.0,100.5,103.5,1.5,470,104.55792026169772,107.34602481480292,109.28650177666137,113.13661621291047,123.40652111513116
2015-07-30,3293,777000,82649500,104.0,107.5,104.0,106.5,3.0,528,105.20528017446514,107.19220212120239,109.04419727434299,112.93850826625642,123.27892472935658
2015-07-31,3293,663000,68776500,107.5,107.5,102.0,103.5,-3.0,460,104.63685344964343,106.52089264462013,108.56209316353056,112.65676175084577,123.1296498257388
2015-08-03,3293,719000,72002900,102.5,102.5,99.0,99.8,-3.7,527,103.02456896642894,105.2989121637801,107.80017201887573,112.27297781798471,122.9535769968653
2015-08-04,3293,1328000,123997200,100.0,101.0,89.9,89.9,-9.9,979,98.64971264428597,102.49910995218372,106.24363532158219,111.60512773386576,122.70411603839838
2015-08-05,3293,1369000,122058400,87.4,91.5,87.0,90.5,0.6,970,95.93314176285732,100.31745359724123,104.87462355448808,110.97512392091454,122.46106610603312
2015-08-06,3293,2416000,207578200,91.0,93.9,81.5,81.5,-9.0,1792,91.12209450857155,96.89609839774282,102.84204759322824,110.0952694755141,122.15192598447815
2015-08-07,3293,1281000,104333500,80.0,82.7,80.0,81.9,0.4,1011,88.04806300571437,94.16953505269868,101.02099997642578,109.25361964042413,121.84813786384058
2015-08-10,3293,986000,83014800,82.4,87.0,80.0,86.4,4.5,848,87.49870867047625,92.75689231584437,99.74960867412788,108.57142203921744,121.58060474788707
2015-08-11,3293,664000,57350100,88.0,88.7,83.3,85.0,-1.4,583,86.6658057803175,91.34654825841812,98.46703400681241,107.86779750073333,121.30452471205396
2015-08-12,3293,530000,45178700,84.4,86.3,83.1,85.5,0.5,474,86.277203853545,90.28353948416029,97.33946583230698,107.20010205295024,121.03430188403846
2015-08-13,3293,399000,34532600,87.3,87.3,85.5,85.5,0.0,321,86.01813590236334,89.41380503249478,96.3099470642803,106.55233781256366,120.76611847359288
2015-08-14,3293,140000,12010500,86.2,86.6,85.0,85.9,0.4,125,85.97875726824223,88.774931390223,95.40473427608201,105.93585011666624,120.50297795681105
2015-08-17,3293,237000,20045300,85.9,86.4,83.3,83.6,-2.3,197,85.18583817882815,87.83403477381881,94.37823564337923,105.26910832213889,120.22446491562758
2015-08-18,3293,259000,21764000,83.8,84.9,83.5,83.6,0.0,193,84.6572254525521,87.06421026948811,93.44099776134625,104.62226926774669,119.94805385966058
2015-08-19,3293,1165000,90892300,83.5,83.9,75.3,77.3,-6.3,777,82.20481696836806,85.28889931139936,92.0374327386205,103.80667914035126,119.62618175505936
2015-08-20,3293,970000,72106500,77.3,78.0,71.9,73.5,-3.8,714,79.30321131224538,83.14546307296311,90.42548206569697,102.90200215108705,119.27805962860609
2015-08-21,3293,1099000,76064000,72.1,72.1,68.0,68.0,-5.5,867,75.53547420816359,80.39174251424255,88.47544014694071,101.86015134060683,118.89105540499396
2015-08-24,3293,1563000,96856200,66.0,67.0,61.2,61.2,-6.8,868,70.75698280544239,76.90233478438027,86.10366274285892,100.6464154796932,118.45565121325816
2015-08-25,3293,1449000,82972800,53.6,59.9,53.6,59.6,0.0,1069,67.03798853696159,73.75645573267477,83.79899641739293,99.42114934597102,118.01145761919584
2015-08-26,3293,1000000,60050800,56.8,61.8,56.8,61.0,1.4,732,65.02532569130773,71.43710014491572,81.81647498979355,98.27424936549427,117.58118246735285
2015-08-27,3293,1412000,93270000,62.0,67.1,62.0,67.1,6.1,898,65.71688379420515,70.64853648220377,80.53678151242019,97.34367475756906,117.20019241099547
2015-08-28,3293,1620000,109399600,68.0,69.0,65.2,65.9,-1.2,1212,65.7779225294701,69.78516621271217,79.26401790264453,96.4050576006267,116.81302114751625
2015-08-31,3293,418000,27534300,65.9,66.7,64.7,65.9,0.0,339,65.81861501964674,69.0787723558554,78.1019293893711,95.49445886627964,116.42877193130859
2015-09-01,3293,494000,32996300,65.9,67.8,65.5,66.5,0.6,422,66.04574334643117,68.60990465479078,77.09306596420839,94.62895263146532,116.05195101107229
2015-09-02,3293,531000,35052300,65.5,67.0,65.3,66.6,0.1,454,66.23049556428744,68.24446744482881,76.18062544558157,93.79226747828726,115.67872873929062
2015-09-03,3293,1539000,108255500,67.6,72.7,67.1,71.0,4.4,1166,67.82033037619162,68.74547336395085,75.73013627640056,93.11190128490554,115.34153078654126
2015-09-04,3293,1081000,76403000,71.2,72.7,68.1,68.1,-2.9,832,67.91355358412774,68.62811457050525,75.06664616540921,92.36527736595313,114.9849909315485
2015-09-07,3293,639000,44633000,68.1,70.8,68.1,70.1,2.0,526,68.64236905608516,68.89573010314065,74.63476389015624,91.7006422207008,114.6462362830085
2015-09-08,3293,882000,63457300,69.9,74.2,69.9,72.5,2.4,678,69.92824603739011,69.55105190256963,74.44913224753395,91.1274887215754,114.32815148087259
2015-09-09,3293,1195000,90493000,73.8,76.8,73.8,75.3,2.8,912,71.71883069159341,70.5963151930115,74.5231207477484,90.65502637167764,114.0335993942245
2015-09-10,3293,677000,51678100,75.0,77.8,74.3,75.7,0.4,536,73.04588712772895,71.52425788519123,74.62545807403114,90.20860767401561,113.74428921011715
2015-09-11,3293,1449000,114970300,76.2,81.4,76.2,80.7,5.0,1114,75.59725808515263,73.19257463333828,75.15367911107191,89.92476863897036,113.494898348154
2015-09-14,3293,1094000,89473700,81.3,83.8,80.6,80.6,-0.1,854,77.26483872343509,74.53937924545859,75.62727223184827,89.64641733631453,113.24663496439435
2015-09-15,3293,668000,53595600,81.0,81.8,78.8,79.0,-1.6,521,77.8432258156234,75.35040120082975,75.92055290733973,89.32861383373798,112.98816979485174
2015-09-16,3293,725000,58839200,80.9,82.5,80.1,80.2,1.2,603,78.6288172104156,76.23214643704253,76.2926787414841,89.05611789840252,112.74071190960758
2015-09-17,3293,479000,38803900,82.5,82.5,80.2,81.0,0.8,365,79.4192114736104,77.09902890303479,76.70201102483331,88.81563676710692,112.50115936689356
2015-09-18,3293,444000,36096400,81.5,81.7,80.5,81.4,0.4,330,80.07947431574027,77.88102364793755,77.11053180528259,88.59427447555149,112.26643363582266
2015-09-21,3293,498000,39416900,80.4,80.4,78.5,78.8,-2.6,381,79.65298287716018,78.04811025740345,77.2574420830841,88.30190807329622,112.01385677819381
2015-09-22,3293,321000,25438000,79.2,79.6,78.5,79.6,0.8,278,79.63532191810678,78.33027202878463,77.46114277151158,88.04214962334707,111.76922389684896
2015-09-23,3293,451000,35643500,79.0,80.8,78.0,78.1,-1.5,360,79.12354794540452,78.28840438718743,77.51669557398883,87.74536903757551,111.51511654668406
2015-09-24,3293,557000,42473400,78.5,79.3,74.0,75.7,-2.4,431,77.98236529693635,77.8177854076988,77.35872204581588,87.38580578272251,111.24481378029398
2015-09-25,3293,284000,21750700,76.4,77.6,75.0,77.0,1.3,236,77.65491019795756,77.66909715175358,77.32752882444059,87.07578172950691,110.98636235553704
2015-09-30,3293,804000,64554400,76.2,82.0,76.2,80.3,3.3,655,78.53660679863837,78.14744312416201,77.58600457883706,86.87351958832761,110.75476716794807
2015-10-01,3293,1104000,91006200,81.0,84.0,80.6,82.2,1.9,857,79.75773786575891,78.88427164704164,77.98722157198166,86.73401154091485,110.53925949120884
2015-10-02,3293,585000,48047900,82.8,83.4,81.3,81.9,-0.3,454,80.47182524383928,79.43258589303407,78.32746317441804,86.58971268894724,110.3231141365582
2015-10-05,3293,1199000,100782300,82.3,85.6,82.3,85.6,3.7,775,82.18121682922619,80.55393391248242,78.95985768099038,86.56016902659061,110.13652459590493
2015-10-06,3293,933000,86676100,89.0,94.1,88.5,94.1,8.5,568,86.15414455281746,83.0168550193038,80.27639179568688,86.78523860788641,110.01549422159621
2015-10-07,3293,2662000,250890500,94.7,97.0,91.3,91.3,-2.8,1784,87.8694297018783,84.52288137943039,81.23496642214889,86.92000760466593,109.87424520860303
2015-10-08,3293,1213000,107885200,92.0,92.8,86.3,86.5,-4.8,897,87.41295313458554,84.88235749226122,81.69279542891854,86.90747006422814,109.69783581080225
2015-10-12,3293,830000,73235200,86.9,89.7,86.9,87.4,0.9,590,87.40863542305702,85.34011067548646,82.18907408727345,86.92217245037058,109.52955025751318
2015-10-13,3293,705000,62549900,88.0,89.8,87.9,88.1,0.7,490,87.63909028203801,85.84190873448892,82.70306764490185,86.95733148170281,109.3678178027395
2015-10-14,3293,357000,31786200,89.0,89.8,88.4,88.6,0.5,286,87.95939352135868,86.34337987367276,83.21584437143213,87.00636636284601,109.21107955517165
2015-10-15,3293,1992000,183881300,89.8,94.1,89.2,92.3,3.7,1407,89.40626234757245,87.42640171482317,84.00577094782933,87.16438527738792,109.08344876607602
2015-10-16,3293,1770000,164517300,93.4,94.9,89.8,89.8,-2.5,1301,89.53750823171497,87.85796503940078,84.50961695236592,87.24306034373456,108.93791330369054
2015-10-19,3293,534000,48071700,89.8,90.9,89.0,90.2,0.4,417,89.75833882114331,88.28378957769155,85.0044328695515,87.33132719914546,108.79649509007778
2015-10-20,3293,348000,31379800,90.0,91.5,89.5,89.9,-0.3,251,89.80555921409554,88.57764601811127,85.43013435915572,87.40800399917097,108.65388003279418
2015-10-21,3293,417000,37794900,90.8,91.9,90.0,90.3,0.4,308,89.97037280939702,88.89080128754559,85.85360093662044,87.49433223800169,108.51536018349007
2015-10-22,3293,627000,57482000,90.3,93.0,90.3,91.1,0.8,494,90.34691520626468,89.29247378071912,86.30980955082735,87.60196411149417,108.38392350285996
2015-10-23,3293,483000,43773900,92.8,92.8,89.6,89.6,-1.5,387,90.09794347084312,89.34838763877019,86.59591306814671,87.66160697383762,108.24215804246101
2015-10-26,3293,458000,40870300,90.1,90.7,88.2,88.7,-0.9,380,89.63196231389541,89.23049897717561,86.77887714917743,87.69260378058874,108.0946700572349
2015-10-27,3293,387000,34262900,88.7,89.7,87.8,87.8,-0.9,346,89.02130820926361,88.97040825405277,86.86767044055331,87.6958096378846,107.94150273604822
2015-10-28,3293,494000,43745700,88.0,89.5,87.4,88.0,0.2,401,88.68087213950908,88.79397038967954,86.9661338805052,87.70488994720147,107.79100082860634
2015-10-29,3293,591000,51899100,88.9,89.2,86.1,88.0,0.0,440,88.45391475967271,88.64961213701054,87.0560352822004,87.71369920250888,107.64163478461685
2015-10-30,3293,1030000,91538300,89.5,90.5,87.3,88.0,0.0,763,88.30260983978181,88.53150083937226,87.13811917070471,87.7222454949713,107.4933960315254
2015-11-02,3293,660000,56425400,87.5,88.0,84.7,85.1,-2.9,561,87.23507322652121,87.90759159585002,86.96089141673039,87.64396951004679,107.32438926902333
2015-11-03,3293,347000,29789200,85.6,87.0,85.1,85.3,0.2,305,86.59004881768081,87.4334840329682,86.81646607614513,87.57400027094091,107.15816746321939
2015-11-04,3293,656000,57511100,86.0,88.5,86.0,88.5,3.2,516,87.2266992117872,87.62739602697398,86.96286033039338,87.6016420538979,107.01735110500641
2015-11-05,3293,376000,33237000,88.5,89.5,87.5,87.8,-0.7,282,87.4177994745248,87.65877856752417,87.03565508427222,87.60756318661737,106.87231449289315
2015-11-06,3293,350000,30660500,88.4,88.5,86.8,86.8,-1.0,296,87.21186631634987,87.5026370097925,87.01516333781376,87.58345682283775,106.72082532690905
2015-11-09,3293,357000,30578600,86.8,87.7,84.3,84.3,-2.5,280,86.24124421089991,86.92033937164841,86.77906217800387,87.48544318633513,106.5516115508569
2015-11-10,3293,292000,24299400,83.2,83.9,82.5,83.8,-0.5,231,85.42749614059994,86.3530049404396,86.52001329296006,87.37542995689229,106.37990127500139
2015-11-11,3293,388000,32282400,84.3,85.2,81.0,81.5,-2.3,332,84.11833076039996,85.47064040581422,86.08349039792006,87.20004398802983,106.19212843519006
2015-11-12,3293,557000,44611300,82.0,83.0,78.0,80.6,-0.9,435,82.94555384026664,84.58506942293891,85.60666514592701,87.00302774958118,105.99898029605654
2015-11-13,3293,401000,31742300,78.3,80.7,78.3,78.3,-2.3,339,81.39703589351109,83.44232952785912,84.97130295932466,86.74323587645935,105.78993138816178
2015-11-16,3293,393000,30527100,76.3,79.2,76.3,78.4,0.1,328,80.3980239290074,82.52554234097565,84.39988531068774,86.49418405925161,105.5832149248549
2015-11-17,3293,371000,29571300,80.8,80.8,79.0,79.9,1.5,280,80.2320159526716,82.0481710062528,84.00859093584532,86.29734274405007,105.38937934051637
2015-11-18,3293,174000,13906400,80.1,80.8,79.0,80.0,0.1,141,80.15467730178106,81.6757762778432,83.6600178109892,86.10936236363067,105.19776138322945
2015-11-19,3293,397000,32362800,79.7,82.8,79.7,82.5,2.5,313,80.93645153452071,81.82563513641716,83.55914669699014,86.0016202035223,105.02645752373337
2015-11-20,3293,484000,40747000,83.8,85.7,82.0,84.5,2.0,369,82.12430102301381,82.31188329343222,83.64096002768665,85.95679571983506,104.87154086317689
2015-11-23,3293,393000,33337300,85.0,85.6,83.6,83.6,-0.9,290,82.61620068200921,82.54608633099,83.63739828614868,85.8864436087952,104.71100093213404
2015-11-24,3293,260000,21539700,82.6,84.5,82.2,83.5,-0.1,214,82.91080045467281,82.7195251799009,83.62545060909227,85.8152064861446,104.55091790623115
2015-11-25,3293,334000,27213200,83.5,83.5,80.5,81.5,-2.0,280,82.44053363644854,82.49779332900982,83.44062881699729,85.68639435222984,104.376948714486
2015-11-26,3293,218000,17913200,82.4,83.0,81.7,81.8,0.3,170,82.22702242429902,82.3709218146444,83.29796544160622,85.57038258052148,104.2065566487163
2015-11-27,3293,157000,12768900,81.8,82.7,81.0,81.0,-0.8,144,81.81801494953268,82.12166330289088,83.09814235972742,85.43395324975965,104.0314128249524
2015-11-30,3293,808000,63858100,79.8,80.2,78.3,79.1,-1.9,475,80.91200996635511,81.57226997509254,82.75047780670764,85.24488001842354,103.84325121872634
2015-12-01,3293,1426000,121632300,79.9,87.0,79.9,87.0,7.9,1023,82.94133997757008,82.55912997962116,83.12000147568958,85.29727165966463,103.71613234160388
2015-12-02,3293,2054000,184675600,89.4,91.4,88.1,88.3,1.3,1603,84.72755998504672,83.60292452878095,83.57043612997744,85.38690534146569,103.59978417298801
2015-12-03,3293,2111000,192908600,88.4,93.6,87.2,92.0,3.7,1621,87.15170665669781,85.12966552354804,84.30344168389244,85.58431115216821,103.51223863205979
2015-12-04,3293,3811000,366210300,94.7,98.5,94.7,94.8,2.8,2746,89.70113777113187,86.88790815563021,85.2161858852931,85.85940634165573,103.44648588766688
2015-12-07,3293,2490000,242860900,96.6,98.7,96.3,97.2,2.4,1695,92.20075851408791,88.76283394551562,86.2582566778763,86.1979315254869,103.39934259794865
2015-12-08,3293,1381000,130982500,97.9,97.9,92.9,92.9,-4.3,1028,92.43383900939195,89.51504595542187,86.83579957545228,86.39799327099475,103.32010227645469
2015-12-09,3293,2984000,288102100,93.0,102.0,88.0,96.5,3.6,2254,93.7892260062613,90.78503759989061,87.67616482976078,86.69954571066654,103.26862980644371
2015-12-10,3293,2959000,294781200,97.6,103.0,97.5,97.5,1.0,2209,95.02615067084086,92.00593985445596,88.53041136630333,87.02194733124367,103.22509297771583
2015-12-11,3293,3448000,343129600,97.6,103.0,94.8,94.9,-2.6,2578,94.98410044722725,92.53213260819125,89.0842886387987,87.25711308254982,103.16226208731797
2015-12-14,3293,1880000,178286700,95.0,97.8,92.0,93.0,-1.9,1496,94.32273363148484,92.61719940670193,89.42478527890316,87.42854254277222,103.08556576967783
2015-12-15,3293,1320000,124476400,96.5,96.5,92.2,94.5,1.5,1014,94.38182242098989,92.95952678730158,89.86610829812896,87.63963082507753,103.0207690468878
2015-12-16,3293,1533000,146733900,95.3,97.5,93.3,97.0,2.5,1196,95.25454828065993,93.69415828051947,90.48644670698731,87.9190448302991,102.9753292804962
2015-12-17,3293,2127000,211016000,97.6,101.0,96.8,100.0,3.0,1614,96.83636552043995,94.84067495678866,91.31371221072754,88.27967035775286,102.9528739651717
2015-12-18,3293,6029000,645531000,101.0,110.0,100.5,110.0,10.0,3668,101.2242436802933,97.59691587373618,92.93860680109906,88.92803840677517,103.00605982203834
2015-12-21,3293,6221000,705106500,112.0,117.0,110.5,113.0,3.0,4340,105.1494957868622,100.39747662396597,94.68307577491653,89.64660442448337,103.0814857856456
2015-12-22,3293,3349000,377382500,114.0,115.5,109.0,113.0,0.0,2311,107.7663305245748,102.68884451051761,96.275851794489,90.34372071031969,103.15634249669733
2015-12-23,3293,8389000,1006050500,115.0,123.5,115.0,121.5,8.5,5555,112.34422034971654,106.10905459951441,98.46925598627257,91.27375889807134,103.29478519483547
2015-12-24,3293,5471000,668778500,124.5,126.0,117.5,124.0,2.5,3911,116.22948023314436,109.36195376323906,100.68932068311844,92.25066161753189,103.45105096694992
2015-12-25,3293,2514000,305856500,123.5,123.5,119.0,123.5,-0.5,1837,118.65298682209624,111.93250762446831,102.67285801502118,93.18347768865034,103.60236378984087
2015-12-28,3293,4412000,550682000,122.0,127.5,120.0,124.0,0.5,3048,120.43532454806416,114.12659714729226,104.5273921006715,94.10337387704884,103.75630821406848
2015-12-29,3293,2327000,288255500,124.5,126.0,122.0,124.0,0.0,1626,121.62354969870944,115.92176130233003,106.22066235278703,94.99581047773395,103.90909079358495
2015-12-30,3293,2087000,260478500,125.0,126.5,123.0,125.0,1.0,1416,122.74903313247296,117.57235015645183,107.85364823515337,95.8914579261598,104.06826746684091
2015-12-31,3293,4025000,516206500,125.5,130.0,125.0,128.5,3.5,2693,124.6660220883153,119.5591955825515,109.64898317122699,96.86484724179682,104.25265790105342
2016-01-04,3293,4260000,554350000,130.0,132.5,127.5,128.0,-0.5,2926,125.77734805887687,121.09388729481486,111.24472376503334,97.79425478681782,104.4318831244417
2016-01-05,3293,4196000,518329000,128.5,129.0,118.5,120.0,-8.0,3035,123.85156537258457,120.89499869575762,112.0060521332913,98.45711285288296,104.54937834614402
2016-01-06,3293,2976000,357651500,121.5,122.5,117.5,121.5,1.5,2148,123.06771024838972,121.0049989328926,112.83161281735293,99.14496023040884,104.67730756617313
2016-01-07,3293,3617000,429114500,124.0,124.5,112.5,116.0,-5.5,2496,120.71180683225981,120.09499912691213,113.10712474627877,99.64809574591902,104.76276184869258
2016-01-08,3293,4431000,557629500,121.0,127.5,120.5,127.5,11.5,2357,122.9745378881732,121.44136292201901,114.35867911616758,100.47949587290651,104.93436364606093
2016-01-11,3293,7040000,952887000,131.0,139.5,131.0,139.0,11.5,4267,128.31635859211548,124.63384239074283,116.50140267128344,101.62936166774513,105.19146278835481
2016-01-12,3293,7207000,983575500,141.5,145.0,125.5,127.0,-12.0,5066,127.87757239474365,125.06405286515323,117.41432417812837,102.38669415527512,105.3560555220276
2016-01-13,3293,2678000,344107000,129.5,131.5,125.5,129.5,2.5,1918,128.41838159649578,125.87058870785265,118.46525251046504,103.19604656855049,105.53827397091796
2016-01-14,3293,1716000,217593500,128.0,129.0,124.0,128.0,-1.5,1203,128.27892106433052,126.25775439733398,119.2943609878159,103.93646308889227,105.70779643151481
2016-01-15,3293,1738000,219475000,131.0,131.0,123.0,123.0,-5.0,1281,126.51928070955368,125.66543541600053,119.61659046713626,104.50552389220891,105.83830362825809
2016-01-18,3293,2542000,318480500,122.5,130.0,118.0,130.0,7.0,1889,127.6795204730358,126.4535380676368,120.51949564390702,105.26655302975492,106.0206560537052
2016-01-19,3293,5585000,780995500,132.0,143.0,132.0,143.0,13.0,3794,132.78634698202387,129.46198569170284,122.47432210965424,106.39292458110552,106.29974544197911
2016-01-20,3293,4588000,642607500,142.5,144.5,135.5,137.0,-6.0,3386,134.1908979880159,130.83253374775686,123.73742453490169,107.30656862346058,106.53144547637928
2016-01-21,3293,7171000,1027872000,141.0,149.0,137.0,144.0,7.0,5034,137.46059865867727,133.22661852089198,125.49938761882328,108.40189493320803,106.81422701995378
2016-01-22,3293,2875000,413465500,146.0,147.0,141.0,142.0,-2.0,2272,138.97373243911818,134.8217787898207,126.93422347805604,109.40482344266451,107.07978002357676
2016-01-25,3293,1590000,227735000,145.5,146.0,140.5,142.0,0.0,1225,139.98248829274544,136.12690991894422,128.24429100170335,110.37781378765959,107.34332885358751
2016-01-26,3293,4513000,667048000,142.5,151.0,141.0,148.0,6.0,3335,142.65499219516363,138.28565357004527,129.96217874068566,111.50086412235632,107.65017165469251
2016-01-27,3293,4338000,656837000,148.5,154.0,147.0,152.0,4.0,3166,145.76999479677576,140.7791711027643,131.87851102410428,112.70979355153972,107.98488734031747
2016-01-28,3293,3325000,506203000,152.0,156.0,148.0,151.5,-0.5,2554,147.67999653118383,142.72841272044352,133.58472745679086,113.86771016194152,108.31330328491885
2016-01-29,3293,2078000,315865000,153.5,154.5,149.0,152.0,0.5,1585,149.11999768745588,144.41415586218105,135.18605550402643,115.00598747054028,108.64301420352324
2016-01-30,3293,3121000,499566500,155.5,163.0,155.5,159.5,7.5,2252,152.57999845830392,147.15703661451175,137.30031154715456,116.33416694903161,109.02684051142117
2016-02-01,3293,2409000,392425500,162.0,165.0,161.0,163.0,3.5,1771,156.05333230553595,150.03757541187326,139.5350670647933,117.72717689085157,109.43418511133497
2016-02-02,3293,4063000,688175000,165.0,179.0,161.5,179.0,16.0,2965,163.70222153702397,155.30347079153267,142.96680036350693,119.55621638664704,109.95921012936263
2016-02-03,3293,7319000,1338448000,178.0,189.0,176.5,182.5,3.5,5616,169.96814769134932,160.24829428398127,146.40446989711504,121.43513530047846,110.50668778876367
2016-02-15,3293,4215000,802669500,189.0,195.0,186.0,195.0,12.5,3206,178.31209846089953,166.5667862323483,150.63016816693113,123.63110141091194,111.14437316394282
2016-02-16,3293,2933000,561921500,193.0,195.0,187.0,191.5,-3.5,2269,182.7080656405997,171.1000978264668,154.18406658719798,125.657038682228,111.75083072496966
2016-02-17,3293,2702000,520665000,191.5,199.0,188.0,196.5,5.0,2021,187.30537709373314,175.71826185801828,157.8637129709199,127.77175394544508,112.39044709685668
2016-02-18,3293,4044000,821099500,202.0,208.0,197.5,202.0,5.5,3135,192.20358472915544,180.49675970201497,161.7016509734486,129.98752248438703,113.06674560933322
2016-02-19,3293,5652000,1210859000,203.0,222.0,201.0,222.0,20.0,4058,202.13572315277028,188.04280339255772,166.9449856714096,132.73416360425608,113.88888337831939
2016-02-22,3293,5398000,1267465500,223.5,244.0,223.5,244.0,22.0,4149,216.09048210184685,198.2168391393654,173.64542169998268,136.0555318548753,114.87085406980377
2016-02-23,3293,5983000,1480322000,241.0,256.0,239.5,239.5,-4.5,4701,223.89365473456456,205.7228683867535,179.3719067695494,139.14342642637158,115.81145139757884
2016-02-24,3293,7156000,1659258500,241.0,246.5,219.0,223.0,-16.5,5549,223.59576982304304,208.8641650437074,183.1656540069799,141.6466077270769,116.62042157571031
2016-02-25,3293,5744000,1350575500,227.5,245.0,226.0,236.0,13.0,4537,227.73051321536204,213.7979532175788,187.7599449628947,144.46312689940297,117.5213995260823
2016-02-26,3293,3418000,822384500,240.5,246.0,236.0,238.5,2.5,2822,231.3203421435747,218.28923445074628,192.17212366177344,147.27019773822676,118.43444556739489
2016-03-01,3293,2471000,591528000,242.5,244.0,235.5,240.0,1.5,1954,234.2135614290498,222.2366463687924,196.33106943031487,150.03825153708567,119.35192144990512
2016-03-02,3293,3982000,976836000,243.0,251.5,237.5,244.0,4.0,3270,237.47570761936655,226.1936197562847,200.4761938276788,152.84307984941148,120.29266166537754
2016-03-03,3293,3757000,934751000,247.5,254.5,242.5,249.0,5.0,3000,241.31713841291102,230.34023434605112,204.69565523396759,155.71343567480218,121.26403780375205
2016-03-04,3293,4312000,1086819000,255.0,258.0,247.5,247.5,-1.5,3285,243.378092275274,233.4601917376782,208.4177721701443,158.4533331173454,122.2167620467426
2016-03-07,3293,5109000,1196559500,241.0,242.5,226.5,230.0,-17.5,4008,238.918728183516,232.83106596719125,210.29448763361,160.58905451682764,123.03022044638983
2016-03-08,3293,2348000,548837000,235.0,237.0,230.5,233.5,3.5,1873,237.11248545567733,232.95269033679284,212.31235827416566,162.76550065065368,123.8639546317001
2016-03-09,3293,3527000,811245500,235.5,238.0,224.0,234.5,1.0,2802,236.24165697045154,233.23401936646687,214.2417184242382,164.90682898944013,124.69894365334764
2016-03-10,3293,5760000,1410574500,235.5,253.5,230.0,252.0,17.5,4562,241.49443798030103,236.64601584529106,217.52504725691313,167.5066251390091,125.65970634275634
2016-03-11,3293,3469000,864186000,250.0,255.5,243.0,243.0,-9.0,2860,241.99629198686736,237.80128569160178,219.7402605389207,169.76015871694912,126.54529346469779
2016-03-14,3293,6374000,1644302000,246.5,265.5,245.0,265.5,22.5,4612,249.83086132457825,242.837415565856,223.71936831814497,172.61806442689092,127.59400823100196
2016-03-15,3293,4112000,1045047000,260.5,263.5,248.0,248.0,-17.5,3297,249.2205742163855,243.7760672811549,225.830727594828,174.86827145892403,128.5027326971831
2016-03-16,3293,3568000,882910000,251.0,253.5,241.0,245.5,-2.5,2892,247.98038281092366,244.08950959367218,227.54109910832122,176.97668126612032,129.38573094097794
2016-03-17,3293,5182000,1245828000,251.5,254.5,230.0,235.5,-10.0,4236,243.82025520728243,242.52778057664088,228.23317744672806,178.7236460044451,130.18659334897055
2016-03-18,3293,4426000,1058488000,236.0,246.5,228.0,246.0,10.5,3692,244.54683680485496,243.15909319906982,229.77811853831693,180.73189537744673,131.0606567953934
2016-03-21,3293,3462000,861131500,252.0,255.5,242.5,242.5,-3.5,2656,243.8645578699033,243.0392580719662,230.8843691002024,182.57571939603042,131.90170844222064
2016-03-22,3293,4214000,1049759000,243.5,253.5,240.5,253.5,11.0,3280,247.07637191326887,244.94121114979052,232.8509457001848,184.69286210062654,132.81943139737368
2016-03-23,3293,3511000,892343000,256.0,258.0,249.0,249.0,-4.5,2722,247.71758127551257,245.67917275891952,234.25521129147307,186.61247815732426,133.6962658773935
2016-03-24,3293,1949000,487760000,250.0,255.0,247.5,248.0,-1.0,1626,247.81172085034171,246.10114134820688,235.45041030960584,188.4449414959116,134.55893556888486
2016-03-25,3293,2387000,589611500,251.0,251.5,243.5,246.0,-2.0,1940,247.20781390022782,246.08275201216927,236.36776593485752,190.16300294379482,135.40000020610083
2016-03-28,3293,3857000,972184000,248.0,257.0,241.5,256.0,10.0,3115,250.13854260015188,247.88588800995666,238.07491672313077,192.1282864380099,136.31018888379063
2016-03-29,3293,9483000,2577375000,258.0,281.0,258.0,281.0,25.0,7242,260.4256950667679,253.90663564451,241.80753266024982,194.7811734100096,137.4021874582526
2016-03-30,3293,5631000,1616268500,288.0,292.0,281.0,285.0,4.0,4460,268.61713004451195,259.55997461823546,245.56339938544548,197.47427271120333,138.51613321328466
2016-03-31,3293,2974000,826307500,282.0,282.5,274.0,277.5,-7.5,2476,271.5780866963413,262.8217974149199,248.34049509105893,199.8631003914659,139.56506805695798
2016-04-01,3293,3605000,1025247500,278.0,289.5,275.0,280.0,2.5,3088,274.3853911308942,265.94510697584354,251.09349551792337,202.25524664843707,140.6249543357734
2016-04-06,3293,2384000,672858000,278.0,288.0,275.5,288.0,8.0,1981,278.9235940872628,269.95508752569015,254.30275677723438,204.81479152460312,141.73721883135246
2016-04-07,3293,4410000,1310336000,290.0,302.0,290.0,294.0,6.0,3493,283.9490627248419,274.3268897937465,257.75469097051837,207.47703655371944,142.8863718967762
2016-04-08,3293,2097000,618889500,296.5,298.5,291.0,297.0,3.0,1734,288.2993751498946,278.44927346761074,261.1673265382994,210.1493638207726,144.04949361830998
2016-04-11,3293,3497000,1053986000,300.5,308.0,296.0,296.0,-1.0,2744,290.86625009992974,281.64031465531787,264.1962546654038,212.7120693783615,145.19628989288879
2016-04-12,3293,2163000,611201000,292.5,292.5,268.0,272.0,-24.0,1761,284.57750006661985,279.8875301725328,264.8748412162382,214.48185835214176,146.15329902577264
2016-04-13,3293,2261000,652440000,276.5,299.0,276.5,299.0,27.0,1655,289.38500004441323,283.36252468661775,267.8422463278697,217.00478795357037,147.3068590331253
2016-04-14,3293,1828000,546702000,308.0,308.0,293.0,298.0,-1.0,1407,292.2566666962755,286.02388383450545,270.46465969066367,219.4225554773444,148.4441657574036
2016-04-15,3293,1691000,513280500,294.0,308.0,294.0,303.0,5.0,1291,295.837777797517,289.1104504100499,273.2938197175625,221.9174045675729,149.61062488376282
2016-04-18,3293,2143000,665177000,309.0,316.0,302.5,305.5,2.5,1669,299.058518531678,292.09036851731355,276.0943571334266,224.41240741630207,150.78714846954574
2016-04-19,3293,1456000,451300000,310.0,313.5,305.0,309.0,3.5,1077,302.3723456877853,295.16484696871106,278.9557173826939,226.93741017999454,151.98120772637935
2016-04-20,3293,1764000,553430000,314.0,318.0,308.0,316.0,7.0,1322,306.9148971251902,298.9530566107636,282.17695934941617,229.595994950741,153.21908540391613
2016-04-21,3293,2104000,668306500,319.0,322.0,312.0,316.0,0.0,1511,309.9432647501268,302.05250086335207,285.11809331903214,232.17521898206215,154.44762060841487
2016-04-22,3293,2064000,644826000,320.0,322.0,300.0,317.0,1.0,1548,312.29550983341784,304.7702279791062,287.89043303042064,234.707301997523,155.6744310189174
2016-04-25,3293,396000,113997500,285.5,295.0,285.5,290.0,-27.0,255,304.8636732222786,302.08473198290505,288.07387363647103,236.3578302961044,156.68820889801992
2016-04-26,3293,265000,75950500,295.0,298.0,279.0,293.0,3.0,201,300.90911548151905,300.43296253146775,288.50223245069094,238.04864133204157,157.71697713275185
2016-04-27,3293,145000,41769000,288.5,290.0,285.0,285.0,-8.0,114,295.6060769876794,297.6269693439282,288.19769049845695,239.4501744266075,158.6776037204292
2016-04-28,3293,485000,132371500,280.0,280.0,269.0,275.0,-10.0,328,288.7373846584529,293.51297491775944,287.0500652377216,240.51136324969386,159.55550859801087
2016-04-29,3293,257000,70005000,270.0,275.0,270.0,275.0,0.0,204,284.15825643896864,290.1469794781668,286.00223347791973,241.54087479447912,160.42678777840325
2016-05-03,3293,238000,66406000,275.0,285.0,274.5,285.0,10.0,182,284.4388376259791,289.21116502759105,285.9150827407093,242.83816211404692,161.36696296498135
2016-05-04,3293,315000,91884500,287.5,295.0,287.5,293.0,8.0,250,287.2925584173194,289.9000441134836,286.53116250238674,244.33553040915,162.3604198482645
2016-05-05,3293,305000,91178500,295.0,300.0,295.0,300.0,7.0,224,291.52837227821294,291.7363997292139,287.70236576304876,245.99715636708584,163.39920913242855
2016-05-06,3293,502000,144483500,304.5,304.5,280.0,281.5,-18.5,322,288.18558151880865,289.8752361420841,287.1630296097402,247.05694274418775,164.2905358559574
2016-05-09,3293,335000,91591000,278.0,284.5,263.0,280.0,-1.5,252,285.45705434587245,288.07973866170516,286.5401574697628,248.04031758764484,165.1638148306294
2016-05-10,3293,3218000,896342000,282.0,289.5,264.0,288.5,8.5,2742,286.47136956391495,288.1561498141224,286.7105785593486,249.2480693014465,166.09465396398315
2016-05-11,3293,3240000,904726000,292.0,295.0,260.0,260.0,-28.5,2653,277.6475797092766,283.0368498479183,284.3879195541879,249.56902245662718,166.8033735567078
2016-05-12,3293,4016000,988820000,250.0,255.0,234.0,234.0,-26.0,3028,263.0983864728511,274.1210589664786,280.00636133208457,249.1042755176234,167.31051790722321
2016-05-13,3293,7189000,1742474500,237.0,257.0,231.0,256.5,22.5,5922,260.89892431523407,270.91723006348246,277.9623299119033,249.32504341261972,167.98364607396115
2016-05-16,3293,2886000,726285000,256.0,258.0,245.0,249.5,-7.0,2548,257.0992828768227,267.0231882337584,275.48734470217255,249.33026599731764,168.5988638394407
2016-05-17,3293,2780000,706568000,252.0,259.0,249.5,257.0,7.5,2322,257.06618858454846,265.20079037307505,273.8797495106793,249.5592132809798,169.26604222555812
2016-05-18,3293,2508000,649455500,254.5,263.5,250.5,262.5,5.5,2124,258.87745905636564,264.7097375779705,272.89020607496803,249.9455054218461,169.96969473706335
2016-05-19,3293,3152000,848682000,265.0,274.0,264.0,264.5,2.0,2731,260.7516393709104,264.67160347288495,272.1606229380143,250.3799679465671,170.68313100319872
2016-05-20,3293,2696000,710711500,267.5,270.5,257.0,264.0,-0.5,2312,261.8344262472736,264.54949375054224,271.4510035521,250.7865360675651,171.38740925977837
2016-05-23,3293,4619000,1292091500,269.0,290.0,265.0,290.0,26.0,3598,271.22295083151573,269.17685852317095,273.0639597649609,251.95708722972734,172.2825986238555
2016-05-24,3293,4177000,1246346000,292.0,307.0,291.0,292.5,2.5,3620,278.3153005543438,273.4174297007762,274.7540502201817,253.16732343182503,173.18989976631698
2016-05-25,3293,3002000,892941500,298.5,304.0,292.0,294.0,1.5,2452,283.5435337028959,277.159715209726,276.4276110706007,254.38620929953174,174.10167410770327
2016-05-26,3293,2309000,687382500,295.0,302.0,292.0,297.0,3.0,1999,288.02902246859725,280.76703971704853,278.21651445576583,255.65826275327706,175.0292086427395
2016-05-27,3293,2570000,776659500,302.0,306.0,298.0,302.5,5.5,2121,292.8526816457315,284.7184870412215,280.3281218943949,257.05652356661204,175.99125235109616
2016-05-30,3293,2551000,777218000,307.0,310.0,300.0,302.0,-0.5,2005,295.901787763821,287.860580306454,282.2126330340127,258.39811987805643,176.9422617673143
2016-05-31,3293,3814000,1174632000,303.5,313.0,300.5,309.0,7.0,2743,300.267858509214,291.70411115982597,284.54196929192466,259.90862376229353,177.93892394265532
2016-06-01,3293,2784000,866346500,313.0,316.5,305.5,305.5,-3.5,2340,302.01190567280935,294.2124545853122,286.36440674480076,261.26956036640416,178.9016490449749
2016-06-02,3293,3612000,1053653000,305.0,305.0,282.0,289.0,-16.5,2993,297.6746037818729,293.26473556980085,286.593588766992,262.09733468382495,179.73257999557887
2016-06-03,3293,2191000,638031000,292.0,296.5,284.0,296.0,7.0,1907,297.11640252124863,293.7620563752916,287.4115375698623,263.1093545440093,180.6100699578764
2016-06-04,3293,1038000,303019500,295.0,295.0,289.5,289.5,-6.5,916,294.5776016808324,292.98713703432946,287.59314299856993,263.89713500538215,181.43188075064714
2016-06-06,3293,2055000,583258000,291.5,292.0,278.0,285.0,-4.5,1744,291.3850677872216,291.534930300815,287.3676523030421,264.5270712738782,182.21352693366111
2016-06-07,3293,1300000,376176000,288.0,293.0,286.0,288.0,3.0,1133,290.25671185814775,290.89221570066684,287.42263905929934,265.2277557134639,183.01191540963347
2016-06-08,3293,959000,277281000,292.5,292.5,286.0,290.5,2.5,814,290.3378079054318,290.820903755091,287.6902356628385,265.9821510653008,183.8231462367306
2016-06-13,3293,1997000,556809000,288.0,288.0,273.0,281.0,-9.5,1696,287.22520527028786,289.035284890529,287.108476039983,266.4304450633515,184.55655645381188
2016-06-14,3293,1355000,379348000,278.0,283.0,275.0,283.0,2.0,1183,285.81680351352526,287.93796036497827,286.7512172538975,266.92505864354996,185.29952583906612
2016-06-15,3293,885000,249471000,281.5,284.0,278.0,282.0,-1.0,784,284.5445356756835,286.8583312077095,286.3380679274716,267.3750568929962,186.02934073839393
2016-06-16,3293,3906000,1146050000,282.5,300.5,282.0,292.0,10.0,3222,287.0296904504557,287.79318007903504,286.8304098468219,268.1101298215635,186.82911929885887
2016-06-17,3293,2773000,830694500,297.5,303.5,295.5,300.5,8.5,2256,291.5197936336371,290.10351097375593,288.01906986014177,269.0769916179347,187.68701273811277
2016-06-20,3293,1956000,594724000,307.0,309.0,299.5,299.5,-1.0,1558,294.1798624224247,291.8119635239821,289.0174116114338,269.98514112187695,188.53088434008927
2016-06-21,3293,1581000,476829500,302.0,306.0,296.5,305.0,5.5,1236,297.78657494828315,294.20978833780356,290.4072019060917,271.0303607898806,189.40989653374896
2016-06-22,3293,1908000,576873000,305.5,307.5,295.0,295.0,-10.0,1500,296.8577166321888,294.3534631854756,290.80657565338805,271.74587240809313,190.20680297500368
2016-06-23,3293,1317000,388134500,299.0,300.0,291.0,292.0,-3.0,1126,295.23847775479254,293.9255607881164,290.91035168352823,272.35047323173217,190.97505351858857
2016-06-24,3293,3194000,895140000,293.0,296.0,263.0,276.5,-15.5,2716,288.992318503195,290.75727700845886,289.657277624091,272.47433970242673,191.6205248127879
2016-06-27,3293,2096000,584484500,277.0,283.0,270.0,282.5,6.0,1733,286.8282123354633,289.2559539160118,289.03490565677873,272.7736131441453,192.30640764438948
2016-06-28,3293,5349000,1431834000,279.0,283.0,254.5,264.0,-18.5,4374,279.2188082236422,284.66396229491875,286.857957338798,272.5117142443201,192.84749136028088
2016-06-29,3293,4273000,1116769000,267.5,270.0,256.0,258.0,-6.0,3485,272.1458721490948,279.81596915038807,284.3485697441199,272.07852874448963,193.33920840661838
2016-06-30,3293,3461000,910834000,261.5,269.5,255.0,267.0,9.0,3022,270.43058143272987,277.4857929412266,282.83999846202255,271.9269308715198,193.89513890920995
2016-07-01,3293,2415000,643403500,269.5,273.5,260.0,261.0,-6.0,2128,267.28705428848656,274.48837604282176,280.9408681609771,271.6007538305789,194.40159069102722
2016-07-04,3293,2680000,686373000,261.0,263.5,252.0,257.5,-3.5,2256,264.024702858991,271.39958039867236,278.902531799153,271.1798358057855,194.87780510090627
2016-07-05,3293,2280000,593664000,258.5,264.5,256.0,258.5,1.0,1893,262.1831352393273,269.0542021443683,277.12839859922667,270.80133324441874,195.35797260957867
2016-07-06,3293,3390000,851658000,257.0,257.5,247.0,250.5,-8.0,2695,258.2887568262182,265.68071084539224,274.8128856775548,270.19532329682414,195.77413885403467
2016-07-07,3293,1555000,387364000,252.5,252.5,247.0,247.0,-3.5,1319,254.5258378841455,262.2842179644118,272.39437387950653,269.5029255864712,196.16074912683442
2016-07-11,3293,1108000,278470500,252.0,253.5,249.5,251.0,4.0,901,253.35055858943034,260.2325419708824,270.53399354215816,268.9505994495616,196.57463026549982
2016-07-12,3293,2640000,687325500,253.0,263.5,253.0,258.0,7.0,2195,254.90037239295356,259.8266252489038,269.4440810602314,268.62371588390306,197.03821796160926
2016-07-13,3293,1661000,433967500,261.5,263.5,259.0,262.0,4.0,1306,257.2669149286357,260.22178429455766,268.79676966368953,268.425993021697,197.528495561899
2016-07-14,3293,3207000,864214500,264.0,273.5,263.5,271.0,9.0,2703,261.8446099524238,262.18145987736534,268.9883549103252,268.5028290509001,198.08299748218656
2016-07-15,3293,3184000,875632500,274.5,280.5,268.0,268.5,-2.5,2601,264.0630733016159,263.330285354208,268.9458892659491,268.5027446016195,198.6144465577927
2016-07-18,3293,1416000,381979000,270.5,273.5,267.5,270.5,2.0,1110,266.2087155344106,264.63386983526107,269.08102932977965,268.56236416575024,199.1569790366018
2016-07-19,3293,1449000,395136500,273.5,276.0,270.0,270.0,-0.5,1208,267.4724770229404,265.6095298652136,269.1609398228423,268.60527866826516,199.69164334575953
2016-07-20,3293,1574000,416779500,270.0,270.0,261.5,264.0,-6.0,1344,266.31498468196025,265.31688807153836,268.71216244694295,268.4678076632423,200.17698943371607
2016-07-21,3293,1128000,297902000,264.0,267.0,261.0,265.0,1.0,996,265.87665645464017,265.2592720585314,268.3893657124262,268.36429101657836,200.66621970214086
2016-07-22,3293,631000,165702500,262.5,265.0,261.0,262.0,-3.0,563,264.5844376364268,264.66667713879843,267.83376869395437,268.1743121802626,201.12911615721904
2016-07-25,3293,1397000,361104000,264.5,266.0,251.0,258.0,-4.0,1178,262.3896250909512,263.45455402265327,266.97865837274094,267.8706013689115,201.5583303749004
2016-07-26,3293,2270000,571037000,257.5,257.5,248.0,254.0,-4.0,1921,259.59308339396745,261.73554420035265,265.85007938380693,267.45655356685444,201.9541165607502
2016-07-27,3293,1431000,360740500,254.5,257.5,248.5,249.0,-5.0,1237,256.0620555959783,259.4199907093794,264.38485508956285,266.9056116693364,202.30917983198984
2016-07-28,3293,2500000,609267000,248.0,248.0,241.0,241.0,-8.0,2051,251.04137039731884,256.07090148949226,262.3513894296009,266.1323098284607,202.60118602193708
2016-07-29,3293,1569000,379766000,242.0,245.5,238.5,243.0,2.0,1385,248.36091359821256,253.6943739459482,260.6686599139834,265.44179311716334,202.9060827312055
2016-08-01,3293,1973000,493226500,245.5,259.5,241.0,259.5,16.5,1666,252.07394239880838,254.74994231941216,260.56703731276747,265.26442615844206,203.33320663512092
2016-08-02,3293,1586000,406585500,261.0,261.0,253.0,253.0,-6.5,1276,252.38262826587226,254.43177098860994,259.909034068179,264.89832388505573,203.70805035862944
2016-08-03,3293,1657000,413522500,249.0,253.5,246.0,250.5,-2.5,1428,251.7550855105815,253.71690353613542,259.0908571926852,264.468523172069,204.06119714837564
2016-08-04,3293,2673000,687620000,258.5,261.0,254.0,254.5,4.0,2270,252.67005700705434,253.85928471138354,258.6916522194082,264.17095531618634,204.4418673585766
2016-08-05,3293,1555000,396541000,254.5,258.0,252.5,255.5,1.0,1370,253.61337133803622,254.15759658204107,258.4141172438075,263.912120829136,204.82721175587034
2016-08-08,3293,1212000,312396500,258.5,261.5,253.5,254.5,-1.0,1021,253.90891422535748,254.2198517489427,258.07375922260684,263.6311619984155,205.20210072375056
2016-08-09,3293,1733000,429548000,254.5,255.5,245.0,245.0,-9.5,1450,250.93927615023833,252.54351506731675,256.9369105945541,263.07500790891055,205.50246222772225
2016-08-10,3293,2318000,563522000,246.0,249.5,237.5,240.0,-5.0,1926,247.29285076682555,250.26287596416824,255.46413576024503,262.38620170267444,205.7628210033621
2016-08-11,3293,1931000,462664000,244.5,246.0,236.0,239.0,-1.0,1641,244.5285671778837,248.21508033431948,254.03247178109328,261.68810612946027,206.013667637299
2016-08-12,3293,1448000,348344500,241.0,244.5,237.5,243.0,4.0,1137,244.0190447852558,247.26688390989776,253.0731264088243,261.130252215148,206.29280976833826
2016-08-15,3293,1061000,258394500,244.0,247.0,239.0,246.5,3.5,948,244.8460298568372,247.12745047173453,252.5015501993613,260.69352826842714,206.59626026065268
2016-08-16,3293,1476000,363203000,248.0,251.0,241.0,241.0,-5.5,1213,243.56401990455814,246.0133685677828,251.50141539941686,260.10566175295173,206.85591112661
2016-08-17,3293,5459000,1229882500,240.0,240.5,217.0,217.0,-24.0,4322,234.70934660303877,240.73821064636775,248.5012923212067,258.81892558122183,206.93247028791862
2016-08-18,3293,4903000,1022726500,212.0,215.5,200.5,214.0,-3.0,3941,227.8062310686925,235.87671780157362,245.5011799454496,257.48104720566295,206.98581013480225
2016-08-19,3293,1938000,415783500,216.0,218.0,211.0,212.0,-2.0,1596,222.53748737912835,231.53549638310568,242.58803386323657,256.1234040054939,207.0236530771811
2016-08-22,3293,1009000,211429000,214.0,215.0,207.0,207.0,-5.0,853,217.3583249194189,227.07449704072283,239.49342222295513,254.65703373667318,207.02347456339106
2016-08-23,3293,2704000,591656500,210.0,223.5,210.0,220.0,13.0,2277,218.2388832796126,225.7882248515005,237.7983420296547,253.62249541617547,207.12141060442207
2016-08-24,3293,2184000,487086000,223.0,226.5,219.5,219.5,-0.5,1662,218.65925551974172,224.64491124213677,236.20718185316298,252.6039134634538,207.21483392061512
2016-08-25,3293,1859000,402123500,220.0,220.0,213.0,214.5,0.0,1444,217.27283701316114,222.80038192538464,234.31960082245317,251.4664832108134,207.2698163061199
2016-08-26,3293,971000,208301000,213.0,216.5,213.0,213.0,-1.5,840,215.8485580087741,221.01849430258744,232.46572249006593,250.31822998063987,207.31306297550768
2016-08-29,3293,2325000,479578500,215.0,215.0,202.0,204.0,-9.0,1879,211.89903867251607,217.9242226112079,229.99044227353846,248.9355962498745,207.2880587266359
2016-08-30,3293,3646000,721315000,204.5,206.0,193.0,194.0,-10.0,3012,205.93269244834406,213.57436395462466,226.8608385975786,247.2957277051021,207.18777149096317
2016-08-31,3293,4085000,794840500,191.5,199.5,187.0,198.5,4.5,3197,203.45512829889603,210.83357050832927,224.3946787195283,245.83913881838265,207.12220340423892
2016-09-01,3293,1836000,361129000,199.0,200.5,194.0,194.0,-4.5,1481,200.3034188659307,207.77292132499667,221.75166317869974,244.29170183872944,207.02316790684844
2016-09-02,3293,4166000,757109000,195.0,195.0,175.0,175.0,-19.0,3070,191.86894591062045,201.81420835681547,217.68630116316064,242.2232928286181,206.78148362075902
2016-09-05,3293,4191000,746613500,175.0,181.5,172.0,180.5,5.5,3178,188.07929727374696,197.9388977464854,214.4527097576684,240.38080647552502,206.5831328009797
2016-09-06,3293,4001000,734496000,180.5,190.0,177.0,188.0,7.5,3155,188.05286484916465,196.1318254289426,212.1524741265668,238.81720031207652,206.4428827421044
2016-09-07,3293,3227000,623326500,187.5,197.0,186.0,193.0,5.0,2631,189.7019098994431,195.5624026236803,210.48704159382186,237.44952269082052,206.34142702329606
2016-09-08,3293,2824000,546161000,190.5,197.0,188.0,194.0,1.0,2289,191.13460659962874,195.27832941937478,209.05338580305474,236.15252201348258,206.24828417783723
2016-09-09,3293,1452000,278657000,192.0,193.5,190.0,193.0,-1.0,1137,191.75640439975248,194.86408770676118,207.65743921148476,234.8643870280055,206.14829712743847
2016-09-10,3293,1225000,230988000,189.0,190.0,186.0,189.0,-4.0,1025,190.8376029331683,193.7978899418955,206.03505319309477,233.49530084806503,206.01887601704271
2016-09-12,3293,1360000,258631500,190.0,193.5,188.0,188.0,-1.0,1051,189.89173528877888,192.74372813427814,204.46678769804305,232.13723216603324,205.88288449993297
2016-09-13,3293,3246000,590224000,191.0,192.0,175.5,182.0,-6.0,2580,187.26115685918592,190.79032301895484,202.51315398516974,230.64059837003225,205.7026363150278
2016-09-14,3293,2315000,421485000,180.5,188.0,177.0,188.0,6.0,1859,187.50743790612395,190.28299156096304,201.25114059515496,229.36774468734473,205.56903151265024
2016-09-19,3293,1498000,286993000,191.0,194.0,189.5,191.0,3.0,1252,188.6716252707493,190.41335673169704,200.3597370651415,228.2224388757822,205.4590765578378
2016-09-20,3293,1013000,192667000,191.5,193.5,188.0,188.0,-3.0,853,188.44775018049953,189.9745645986612,199.2849773203466,227.02176905859466,205.32730994230693
2016-09-21,3293,1085000,205547000,189.5,191.5,187.0,190.0,2.0,835,188.96516678699967,189.97918921708643,198.47758798814255,225.91664162400974,205.2116321314216
2016-09-22,3293,3369000,622338500,192.0,192.5,181.0,187.0,-3.0,2713,188.3101111913331,189.43751845034345,197.47953685873884,224.75495082926318,205.07418585118444
2016-09-23,3293,2226000,418877500,185.0,192.0,184.0,191.0,4.0,1776,189.20674079422207,189.72160600482647,196.91609887102243,223.74734035674786,204.96796558060947
2016-09-26,3293,1238000,233525500,190.0,191.5,187.0,189.0,-2.0,1012,189.13782719614804,189.59040491303983,196.22774244745526,222.71010631624793,204.84745263283128
2016-09-29,3293,1724000,331052500,192.5,195.0,190.0,190.0,1.0,1417,189.42521813076536,189.6648767470326,195.6861996259374,221.73368523218082,204.73539638654574
2016-09-30,3293,6975000,1409000500,192.0,209.0,192.0,209.0,19.0,5358,195.95014542051024,193.18035370211757,196.843921397595,221.35357522525004,204.76758207419445
2016-10-03,3293,5718000,1244502000,212.0,222.0,212.0,218.0,9.0,4587,203.30009694700684,197.69301666536893,198.6835804064998,221.25346850210823,204.86744937929487
2016-10-04,3293,2755000,597111500,218.0,220.0,213.5,218.5,0.5,2215,208.36673129800457,201.47610454439277,200.40674732767374,221.17127541249306,204.97033655379076
2016-10-05,3293,2955000,656190000,222.0,226.5,218.0,218.0,-0.5,2362,211.57782086533638,204.48044917268498,201.9365953861369,221.0766104748067,205.06867363640364
2016-10-06,3293,2729000,581604000,217.0,217.0,210.5,212.0,-6.0,2116,211.7185472435576,205.8476402321968,202.81167404821196,220.8056668785438,205.12098553348739
2016-10-07,3293,2536000,550160500,214.5,220.5,214.0,216.0,4.0,2042,213.14569816237173,207.69352382634284,203.95848500054134,220.6622141359007,205.20309130304597
2016-10-11,3293,2092000,440005000,219.0,219.5,205.0,210.0,-6.0,1747,212.09713210824782,208.11288313064415,204.48383413092904,220.34393908706787,205.23929438755127
2016-10-12,3293,1124000,233890000,210.0,210.5,206.5,208.0,-2.0,927,210.73142140549854,208.0923589250725,204.7895876847613,219.97546329342404,205.26012990160748
2016-10-13,3293,1369000,280614000,209.0,209.5,203.0,204.0,-4.0,1082,208.48761427033236,207.3482936659684,204.7209278860864,219.4985837921278,205.25061948725573
2016-10-14,3293,2357000,465939500,203.0,203.0,193.5,194.5,-9.5,1865,203.82507618022157,205.01224027215596,203.83215154816585,218.75235741027322,205.16948273640853
2016-10-17,3293,2032000,396267000,194.0,201.5,187.0,199.5,5.0,1726,202.38338412014772,204.0100147681276,203.45544271789055,218.17766017414567,205.1266941874545
2016-10-18,3293,1283000,253858500,197.0,201.5,195.5,195.5,-4.0,1056,200.08892274676515,202.46273935574078,202.76366509024788,217.50071509432044,205.0540398917001
2016-10-19,3293,1195000,235706500,197.0,200.5,194.0,197.5,2.0,1028,199.22594849784343,201.56042310924246,202.30595508240023,216.90367882284818,204.99702826987595
2016-10-20,3293,1869000,362934000,197.5,200.5,191.5,192.0,-5.5,1589,196.81729899856228,199.82216436210746,201.409785075235,216.16028542515122,204.89893749048068
2016-10-21,3293,1324000,252490000,191.5,193.0,188.0,191.5,-0.5,1070,195.04486599904152,198.309043568997,200.5480646339102,215.42415750201238,204.79781343394876
2016-10-24,3293,502000,97024500,193.0,195.0,192.0,193.0,1.5,443,194.363243999361,197.34376292008847,199.89171118748322,214.7547796661314,204.70877333256047
2016-10-25,3293,1083000,208537500,194.0,196.5,189.5,190.5,-2.5,911,193.075495999574,196.0994423891633,199.0750406494412,214.03075639251554,204.60153730740907
2016-10-26,3293,2622000,486077000,190.5,190.5,183.0,183.0,-7.5,2052,189.71699733304933,193.71772559113361,197.67721102775067,213.10446515691805,204.43850683716448
2016-10-27,3293,3947000,705176500,183.0,183.0,176.0,180.0,-3.0,3295,186.47799822203288,191.22359366547295,196.14006224272887,212.1162721671593,204.25406527612927
2016-10-28,3293,1857000,331680000,181.0,182.0,176.5,176.5,-3.5,1497,183.1519988146886,188.54657663538697,194.43223074336115,211.05309986366203,204.04460063253583
2016-10-31,3293,1682000,296555500,176.0,178.5,173.0,177.5,1.0,1329,181.2679992097924,186.5381081562257,192.9598628526341,210.05151479310496,203.8442640239884
2016-11-01,3293,855000,150502000,177.5,178.0,174.0,175.0,-2.5,669,179.1786661398616,184.4402703096392,191.39813564805723,209.00520091868393,203.62657146531677
2016-11-02,3293,5219000,851899500,172.5,172.5,157.5,157.5,-17.5,4129,171.95244409324107,179.54203934425027,188.45047167866096,207.46773223454412,203.278446397654
2016-11-03,3293,5462000,835062500,157.0,160.0,146.5,150.0,-7.5,4115,164.6349627288274,174.17075946347748,185.10695240225567,205.75227754097563,202.87634491540754
2016-11-04,3293,4186000,663422000,153.0,162.5,152.5,159.5,9.5,3355,162.92330848588492,171.5033486519361,182.88026088901606,204.37161253975248,202.54897627453656
2016-11-07,3293,2682000,424622500,161.5,161.5,154.0,159.5,0.0,2100,161.7822056572566,169.32092162431135,180.8471947247538,203.03216141916286,202.2240783403891
2016-11-08,3293,1572000,250926500,162.0,162.0,157.5,159.5,0.0,1278,161.02147043817106,167.5352995108002,178.9909169226013,201.7326939141132,201.901632466122
2016-11-09,3293,3623000,570878000,161.0,164.0,152.0,152.0,-7.5,2905,158.0143136254474,164.71069959974562,176.64388066846203,200.24813588682625,201.52501637203807
2016-11-10,3293,2666000,438342500,161.5,167.0,158.5,167.0,15.0,1984,161.00954241696493,165.1269360361555,175.80528234946533,199.25565421856277,201.26445021073965
2016-11-11,3293,3300000,540807000,165.5,166.0,161.0,166.0,-1.0,2416,162.6730282779766,165.28567493867268,174.95264910168572,198.26294812248628,200.99830341669633
2016-11-14,3293,1925000,314678000,165.5,166.5,160.0,164.0,-2.0,1471,163.11535218531773,165.05191585891401,174.00024483197393,197.2401735516658,200.71907093807977
2016-11-15,3293,1896000,307316500,162.5,165.5,159.0,161.5,-2.5,1511,162.5769014568785,164.4061129754751,172.91326702049793,196.17330269937727,200.42307794986783
2016-11-16,3293,1296000,211783000,163.0,166.0,161.5,161.5,0.0,1041,162.21793430458567,163.877728798116,171.9208090187155,195.13827873820182,200.1293188710009
2016-11-17,3293,1711000,279604000,161.5,166.5,160.0,166.5,5.0,1342,163.64528953639044,164.35450538027675,171.4494343214359,194.28340474601669,199.87551269084238
2016-11-18,3293,1616000,266679500,165.5,167.0,163.5,165.0,-1.5,1251,164.09685969092695,164.47186803840825,170.88861394565885,193.40927326106097,199.61230127430773
2016-11-21,3293,1022000,166355500,164.0,164.5,161.5,162.0,-3.0,816,163.39790646061797,164.02243748597039,170.11569099386242,192.47168301446214,199.32843484959596
2016-11-22,3293,4685000,813079000,163.0,178.0,162.5,178.0,16.0,3293,168.26527097374532,166.56381248852122,170.80128308135264,192.039692476717,199.16746552997637
2016-11-23,3293,5238000,947973000,180.0,184.5,175.5,175.5,-2.5,4043,170.6768473158302,168.18857385424462,171.20986716123502,191.5459703132329,198.98884314861806
2016-11-24,3293,1991000,354573500,176.0,180.0,176.0,180.0,4.5,1544,173.78456487722013,170.3361058807456,171.97422653851893,191.20131448298716,198.84553112485492
2016-11-25,3293,5923000,1104594500,179.5,191.0,178.5,188.0,8.0,4621,178.5230432514801,173.54772299333732,173.3677720569086,191.10575285662932,198.76367805976167
2016-11-28,3293,3102000,589248500,190.5,192.5,187.5,189.0,1.0,2489,182.0153621676534,176.35722790363963,174.72709622587305,191.04289456240159,198.68998992346158
2016-11-29,3293,2121000,400201000,190.0,192.5,185.5,192.5,3.5,1595,185.51024144510225,179.29227737570514,176.2725661192754,191.086390247106,198.64327301837886
2016-11-30,3293,4755000,940218000,195.0,201.0,193.0,196.0,3.5,3588,189.00682763006816,182.33004512557693,177.9879951523819,191.23306516510286,198.62332378805147
2016-12-01,3293,2995000,591230000,199.0,201.0,194.5,198.5,2.5,2290,192.17121842004545,185.27003692092657,179.77164774782696,191.44998859301023,198.62239304248126
2016-12-02,3293,1930000,381889500,196.5,202.0,195.0,202.0,3.5,1497,195.44747894669698,188.31184838984902,181.7045479436681,191.76491430665172,198.64788441574555
2016-12-05,3293,4410000,919206500,200.0,213.5,200.0,213.0,11.0,3563,201.29831929779797,192.8006032280583,184.42589160074044,192.39879746167705,198.75620226921163
2016-12-06,3293,3155000,666799500,213.0,214.5,208.5,210.0,-3.0,2604,204.19887953186532,195.92776627750223,186.64972711371954,192.92420649267177,198.84106112001004
2016-12-07,3293,3877000,836043500,212.5,218.0,211.5,217.5,7.5,3050,208.6325863545769,199.84999059068363,189.3323595386135,193.65781226900992,198.98188330023638
2016-12-08,3293,2698000,585235500,219.5,221.0,214.0,216.5,-1.0,2096,211.25505756971793,202.87726502874116,191.69476305699493,194.33966861918873,199.11409550174403
2016-12-09,3293,2379000,504256000,218.0,218.0,209.0,209.0,-7.5,1918,210.5033717131453,203.99048956897005,193.19956626943016,194.77729045145176,199.18870610173087
2016-12-12,3293,2278000,481988000,210.5,215.0,208.5,208.5,-0.5,1791,209.83558114209686,204.81040055643004,194.5300387677406,195.18692357230395,199.25898001794422
2016-12-13,3293,3038000,623963000,209.0,210.5,202.0,208.0,-0.5,2406,209.2237207613979,205.39032772798822,195.7013397444588,195.56940346566802,199.32494998007294
2016-12-14,3293,2720000,567355000,207.0,213.5,203.0,210.0,2.0,2222,209.4824805075986,206.2284499592631,196.9447015058102,196.0001675413197,199.40551639531768
2016-12-15,3293,2703000,578528000,208.5,217.0,208.5,214.5,4.5,2273,211.15498700506575,207.73236814848798,198.47124920095715,196.55240134605643,199.5194370262964
2016-12-16,3293,1553000,331665500,214.5,216.0,211.5,213.0,-1.5,1285,211.7699913367105,208.69011939421745,199.73461883565653,197.043374440204,199.62117712421116
2016-12-19,3293,2810000,610261000,214.0,220.0,214.0,215.0,2.0,2287,212.84666089114032,209.83737041345063,201.06204328472987,197.57939311363074,199.73724371195297
2016-12-20,3293,1414000,301717000,216.0,216.0,212.0,213.5,-1.5,1122,213.06444059409355,210.5033030655505,202.14360473823163,198.0546351102388,199.8411135707307
2016-12-21,3293,3919000,815021000,215.0,217.0,202.0,205.0,-8.5,3091,210.3762937293957,209.5027025081777,202.39198693490715,198.2619594353063,199.8800485626497
2016-12-22,3293,4237000,851867500,202.0,207.0,195.5,207.0,2.0,3365,209.2508624862638,209.04766568850903,202.79268372317608,198.5227964670882,199.93378404519575
2016-12-23,3293,1667000,342634000,207.0,209.0,202.0,202.5,-4.5,1405,207.00057499084252,207.85718101787103,202.76723296463902,198.64151896060795,199.95315171277917
2016-12-26,3293,2034000,404588500,199.0,201.5,197.5,198.5,-4.0,1594,204.167049993895,206.15587537825812,202.39616922858346,198.63729451402264,199.94218453004123
2016-12-27,3293,1237000,244969500,199.5,200.5,195.5,198.5,0.0,992,202.27803332926334,204.76389803675664,202.0573719043588,198.63319617032047,199.93130011849374
2016-12-28,3293,1572000,317644500,199.0,204.5,199.0,200.5,2.0,1313,201.68535555284222,203.98864384825544,201.92194826050152,198.6889216577736,199.93559219307113
2016-12-29,3293,855000,170445000,200.0,200.5,198.0,200.0,-0.5,718,201.12357036856147,203.26343587584535,201.75482232480573,198.72805832470573,199.9360782897272
2016-12-30,3293,2079000,417164000,201.0,204.0,196.0,199.0,-1.0,1528,200.41571357904098,202.48826571660075,201.51527255743133,198.7361759866548,199.92901354791792
2017-01-03,3293,941000,188082000,198.5,202.0,197.0,200.5,1.5,815,200.44380905269398,202.12676285903697,201.42698798721992,198.78882744973976,199.93332287963173
2017-01-04,3293,2121000,435235500,202.0,208.0,201.5,204.0,3.5,1656,201.62920603512933,202.46735143012117,201.65072816224426,198.94438483929977,199.96401478242697
2017-01-05,3293,1281000,261710000,205.0,206.5,202.5,203.0,-1.0,1013,202.0861373567529,202.56419662464458,201.76805614813605,199.06544797842514,199.98692787840866
2017-01-06,3293,1644000,333757000,202.0,206.5,200.0,203.0,0.0,1292,202.39075823783526,202.64343360198194,201.87518170047204,199.182897292502,200.00966804536407
2017-01-09,3293,1155000,231975500,204.0,205.0,198.5,199.0,-4.0,925,201.26050549189017,201.98099112889432,201.625165900431,199.1774376718303,200.00204790917263
2017-01-10,3293,1846000,359831500,198.5,199.0,193.0,195.0,-4.0,1449,199.17367032792677,200.71172001454988,201.0490645177848,199.05273803983536,199.96429660419776
2017-01-11,3293,868000,168304000,193.5,195.5,192.5,192.5,-2.5,744,196.94911355195117,199.21868001190444,200.30566760319482,198.85713391924327,199.9079622902038
2017-01-12,3293,1182000,230827500,192.5,197.5,192.5,195.5,3.0,1056,196.46607570130078,198.54255637337636,199.88778346378658,198.75692096643004,199.87469465027775
2017-01-13,3293,724000,141765000,194.5,198.0,193.5,198.0,2.5,597,196.9773838008672,198.4439097600352,199.72362837997906,198.73432631071572,199.86054601140773
2017-01-16,3293,2640000,539718500,197.5,208.0,197.5,203.5,5.5,2138,199.15158920057812,199.36319889457425,200.05200852085045,198.87658522681375,199.88801358868014
2017-01-17,3293,1296000,262852000,203.0,206.0,201.0,201.5,-2.0,1097,199.9343928003854,199.75170818646984,200.1779208233852,198.95489611556556,199.90017952385992
2017-01-18,3293,2718000,561981000,203.0,209.0,203.0,206.0,4.5,2165,201.9562618669236,200.88776124347532,200.68418857787344,199.16519772405613,199.9462159048119
2017-01-19,3293,1443000,297524500,209.0,209.5,202.5,202.5,-3.5,1183,202.1375079112824,201.18089556284346,200.84208522327575,199.26474406065148,199.96548974703975
2017-01-20,3293,1038000,210756000,205.0,206.5,200.5,202.0,-0.5,857,202.09167194085492,201.32982364232646,200.94277346473004,199.34639349167682,199.98084454140172
2017-01-23,3293,624000,127248000,205.5,205.5,202.5,202.5,0.5,546,202.2277812939033,201.54258298008529,201.078184467797,199.44053099938796,199.99985703542887
2017-01-24,3293,1175000,241959500,203.5,207.5,203.5,206.0,3.5,960,203.48518752926887,202.3530224382516,201.506168427119,199.63633604418234,200.04514113327468
2017-02-02,3293,737000,149912500,208.0,208.0,202.0,202.0,-4.0,598,202.9901250195126,202.28883654038768,201.5491103030217,199.70689317719183,200.05989478509903
2017-02-03,3293,743000,151503000,204.0,205.0,202.5,204.5,2.5,645,203.49341667967505,202.6908662603172,201.80570940710678,199.84997099279803,200.09340501313602
2017-02-06,3293,4162000,901029000,205.5,221.5,205.5,213.5,9.0,3200,206.8289444531167,204.65616330389588,202.8226042412714,200.2574345452518,200.19458686209347
2017-02-07,3293,1652000,343840000,211.0,211.0,206.0,208.0,-5.5,1341,207.2192963020778,205.26413361227844,203.27281256811736,200.48855590210997,200.25349564049276
2017-02-08,3293,1346000,276479500,208.5,210.5,203.0,203.0,-5.0,1150,205.8128642013852,204.85247295550053,203.24908973610715,200.563524382644,200.2742239752815
2017-02-09,3293,983000,202255000,205.0,208.5,203.5,205.0,2.0,833,205.54190946759013,204.87929605450043,203.4013428025326,200.69595649062478,200.3098902094303
2017-02-10,3293,1926000,402786500,207.5,212.5,206.0,206.0,1.0,1485,205.69460631172674,205.08306040822762,203.62731299361673,200.85428614762105,200.3528344342648
2017-02-13,3293,1652000,347401000,208.0,212.5,207.5,212.0,6.0,1250,207.79640420781783,206.34068578854988,204.35537273330223,201.18699402381148,200.44073757060997
2017-02-14,3293,1336000,281154500,212.5,214.0,207.0,207.0,-5.0,1096,207.53093613854523,206.46056109972264,204.58534032171073,201.36051659026487,200.4902414380016
2017-02-15,3293,812000,168462000,208.0,209.0,206.0,206.5,-0.5,644,207.18729075903016,206.467731808864,204.75183246764894,201.51393400548085,200.53559810639402
2017-02-16,3293,676000,139087000,208.5,208.5,204.5,205.0,-1.5,542,206.45819383935344,206.20087147997964,204.77341225307077,201.61799567695903,200.56929170559104
2017-02-17,3293,1186000,247522000,206.5,211.0,205.5,209.0,4.0,997,207.30546255956895,206.70980393816515,205.14094162236896,201.83835401496026,200.63291969271864
2017-02-18,3293,797000,167326500,210.0,212.5,207.0,209.0,0.0,649,207.87030837304596,207.12620322213513,205.476511916076,202.05213449212562,200.69606746862266
2017-02-20,3293,3645000,785741500,210.5,220.0,208.0,208.0,-1.0,2810,207.91353891536397,207.2850753635651,205.69594566250416,202.22968271624126,200.7511914877274
2017-02-21,3293,1425000,294713000,210.0,210.5,204.0,206.5,-1.5,1126,207.44235927690931,207.14233438837147,205.76586343098205,202.35715487396538,200.79457872178227
2017-02-22,3293,1062000,222379000,208.0,212.0,206.0,211.0,4.5,862,208.62823951793953,207.8437281359403,206.22100574133142,202.61515025086194,200.87160076916504
2017-02-23,3293,927000,194242000,210.0,212.0,208.0,208.0,-3.0,726,208.418826345293,207.87214120213298,206.37570089425913,202.7758920344183,200.92540000864304
2017-02-24,3293,659000,136488500,208.5,208.5,206.0,206.0,-2.0,505,207.61255089686202,207.53175189265426,206.34303125128008,202.87213406324162,200.96369887650235
2017-03-01,3293,2680000,529406000,206.5,206.5,194.0,194.5,-11.5,2074,203.24170059790802,205.1623424576262,205.31320244682095,202.62221961359262,200.91491624347213
2017-03-02,3293,3896000,727665000,196.5,197.0,180.5,186.0,-8.5,2965,197.494467065272,201.67828019260327,203.63379353840173,202.12603395348538,200.802350837861
2017-03-03,3293,1446000,268548000,185.5,189.0,182.0,184.5,-1.5,1183,193.16297804351467,198.55495652122084,201.96998540462766,201.59988368621717,200.67931422776394
2017-03-06,3293,759000,141586500,184.5,188.0,184.5,188.0,3.5,625,191.4419853623431,196.6358735173625,200.75520406509483,201.19391700901664,200.5836212901959
2017-03-07,3293,625000,117307000,190.0,190.0,185.5,187.5,-0.5,517,190.12799024156206,194.9748056051148,199.60257762465181,200.78514336695645,200.48487697857178
2017-03-08,3293,983000,180475500,187.5,187.5,181.5,185.0,-2.5,820,188.41866016104137,193.161204586003,198.33278826598644,200.31394505749506,200.3680099825071
2017-03-09,3293,782000,145515500,184.5,189.0,183.0,185.0,0.0,643,187.27910677402758,191.67734920672973,197.17341537329196,199.85681236921164,200.25202500150704
2017-03-10,3293,568000,104776500,184.5,186.5,182.5,186.5,1.5,480,187.0194045160184,190.73601298732433,196.24529229735353,199.45810155222026,200.14823613357115
2017-03-13,3293,524000,96666000,186.5,187.0,182.5,184.0,-2.5,416,186.01293634401227,189.51128335326536,195.1804842714967,198.9966656849898,200.0263626533178
2017-03-14,3293,848000,154732500,184.0,185.5,181.0,182.5,-1.5,718,184.84195756267485,188.23650456176256,194.0778334652796,198.50422790334832,199.89408821819842
2017-03-15,3293,1440000,271193500,184.5,193.0,184.5,186.0,3.5,1181,185.2279717084499,187.82986736871482,193.37541316395095,198.13096736892,199.7892271750422
2017-03-16,3293,634000,118935500,188.0,189.0,186.5,186.5,0.5,529,185.6519811389666,187.58807330167576,192.77755114969435,197.78377431313135,199.68893112089094
2017-03-17,3293,284000,52900000,188.0,188.0,185.0,186.5,0.0,254,185.9346540926444,187.39024179228016,192.23167713667743,197.44694522915728,199.58939201809176
2017-03-20,3293,580000,109736000,188.5,191.5,187.5,188.5,2.0,500,186.78976939509627,187.59201601186558,191.90718347261853,197.17987223724214,199.5056984934269
2017-03-21,3293,804000,153772500,189.5,193.0,189.5,190.5,2.0,713,188.02651293006417,188.12074037334457,191.78481969239084,196.9804730659812,199.43773095762745
2017-03-22,3293,484000,91027000,188.5,189.5,186.0,188.5,-2.0,398,188.1843419533761,188.1896966691001,191.49918319740033,196.7273246162504,199.3551820447397
2017-03-23,3293,868000,165845500,190.0,193.0,187.0,190.5,2.0,708,188.9562279689174,188.60975182017282,191.4122977019742,196.54143432919815,199.2883504821379
2017-03-24,3293,405000,77689500,190.5,192.5,190.5,191.5,1.0,353,189.80415197927826,189.1352514892323,191.41992398875905,196.39094375220716,199.2295704784991
2017-03-27,3293,985000,192543000,196.5,198.5,192.0,192.0,0.5,800,190.53610131951885,189.65611485482643,191.47036538104086,196.25987080438009,199.17500768243497
2017-03-28,3293,592000,112974500,194.0,195.0,187.0,188.5,-3.5,511,189.85740087967923,189.44591215394888,191.21207273921124,196.02823286992097,199.0944415867185
2017-03-29,3293,754000,143463000,190.5,192.5,186.5,192.5,4.0,643,190.7382672531195,190.0012008532309,191.32406641406243,195.92291248574423,199.04467221625268
2017-03-30,3293,386000,73789000,192.0,193.0,190.0,190.5,-2.0,329,190.658844835413,190.09189160718893,191.25240846501353,195.76103450109514,198.98018412405455
2017-03-31,3293,524000,100482500,191.0,194.0,189.0,191.5,1.0,451,190.93922989027533,190.34791131497275,191.273938163708,195.63383944136095,198.92372990425037
2017-04-05,3293,989000,185754500,191.0,191.5,186.0,188.0,-3.5,804,189.95948659351689,189.92101834861407,190.98924788860296,195.4059636371412,198.84128665968998
2017-04-06,3293,288000,54116000,187.5,189.0,186.5,188.5,0.5,259,189.4729910623446,189.6626513761388,190.77279155046358,195.19981546886834,198.76323921320176
2017-04-07,3293,436000,80925000,188.5,189.0,182.5,185.0,-3.5,363,187.98199404156307,188.8148965804772,190.27080967651023,194.89534336532003,198.6593657097059
2017-04-10,3293,1362000,262719000,188.5,196.5,186.0,193.0,8.0,1139,189.6546626943754,189.5758244749359,190.50813057420498,194.83876595142988,198.61665351567038
2017-04-11,3293,605000,114553500,192.0,192.5,187.0,188.0,-5.0,503,189.10310846291694,189.28931093403847,190.29003226340456,194.63462368422302,198.53652782875966
2017-04-12,3293,634000,119728500,187.5,192.5,184.0,191.0,3.0,564,189.73540564194462,189.60034530966783,190.3517685883259,194.52612745484322,198.47964837344827
2017-04-13,3293,318000,60414000,190.5,192.5,187.5,189.5,-1.5,272,189.65693709462974,189.58210070791003,190.27770175455845,194.37609379947477,198.4118774423279
2017-04-14,3293,446000,83317500,189.5,190.5,185.0,185.0,-4.5,381,188.10462472975317,188.74899148829002,189.81877116720554,194.09621040247552,198.31065572578203
2017-04-17,3293,919000,166598500,185.0,187.0,177.5,181.0,-4.0,785,185.73641648650212,187.34008394496456,189.05192150049203,193.70527874867028,198.18000926747425
2017-04-18,3293,336000,61820500,182.5,185.0,182.5,185.0,4.0,309,185.49094432433475,186.9146141367892,188.69958050044923,193.4454196815458,198.08053749941783
2017-04-19,3293,507000,93958500,186.0,187.5,183.5,186.5,1.5,463,185.82729621622317,186.83922974828207,188.50831263084496,193.23809372090264,197.99313721640337
2017-04-20,3293,351000,65766000,187.0,188.5,185.0,188.5,2.0,324,186.7181974774821,187.14118797586715,188.50758979338016,193.09665808744285,197.921490897789
2017-04-21,3293,514000,97667500,189.0,191.0,189.0,190.0,1.5,446,187.81213165165474,187.66097198025494,188.6373645939558,193.00422053259382,197.86170606082456
2017-04-24,3293,310000,57834000,191.0,191.0,185.0,186.0,-4.0,278,187.20808776776983,187.35897707475405,188.40802854230748,192.79513932266565,197.77218375093153
2017-04-25,3293,228000,42924500,187.5,189.5,187.5,188.0,2.0,198,187.47205851184654,187.47552669752605,188.37254779949814,192.6520008354219,197.69843142073583
2017-04-26,3293,229000,43395000,189.0,190.5,188.0,189.5,1.5,203,188.1480390078977,187.84361275252132,188.47058712128091,192.55791125824513,197.63655646661707
2017-04-27,3293,285000,54023500,190.5,190.5,188.0,190.0,0.5,225,188.76535933859847,188.23568316115382,188.60357954551736,192.4815556982975,197.57892207818978
2017-04-28,3293,2959000,585640000,192.0,202.5,192.0,193.5,3.5,2214,190.34357289239898,189.19283167730768,189.02935523721152,192.5119570207364,197.54813776061854
2017-05-02,3293,844000,163922000,194.5,195.5,191.5,195.0,1.5,689,191.89571526159932,190.24868046325173,189.54854173832356,192.5862269604159,197.5289065322365
2017-05-03,3293,4316000,875729000,195.0,206.5,194.5,205.0,10.0,3178,196.26381017439954,192.93073856084231,190.8921468045563,192.95678734965722,197.58529214331398
2017-05-04,3293,4204000,875876500,207.5,212.0,206.0,206.0,1.0,3116,199.50920678293303,195.30696791341643,192.20587316937747,193.34613698101074,197.64879937242105
2017-05-05,3293,1030000,209783500,205.0,206.0,202.0,202.0,-4.0,820,200.339471188622,196.52388283824982,193.0575363720403,193.6044612502343,197.68163862244052
2017-05-08,3293,1388000,286369000,205.0,209.0,203.0,205.0,3.0,1187,201.89298079241468,198.06499504947712,194.09601147012376,193.9446265860482,197.73687153849758
2017-05-09,3293,1650000,329780500,203.0,206.5,196.0,197.5,-7.5,1354,200.42865386160977,197.96226867684493,194.3920104727217,194.0507571357184,197.73508382877307
2017-05-10,3293,1105000,222964500,199.0,205.5,198.5,205.5,8.0,912,202.11910257440653,199.33276528105495,195.3579226055285,194.3925255794283,197.793686969688
2017-05-11,3293,3545000,741486000,210.0,213.0,203.5,203.5,-2.0,2792,202.579401716271,200.09044432086313,196.06592933548254,194.66439048750507,197.8367534831243
2017-05-12,3293,738000,150612000,203.0,206.0,202.0,205.0,1.5,622,203.38626781084733,200.98309080797893,196.84280504544057,194.97291614459448,197.89081572098752
2017-05-15,3293,740000,151501000,203.5,208.0,202.0,202.0,-3.0,632,202.9241785405649,201.16798338834639,197.29125678061965,195.18267984177075,197.92182843252724
2017-05-16,3293,660000,132576000,202.5,204.5,199.0,200.0,-2.0,516,201.9494523603766,200.95562277228342,197.5267996692614,195.32648044350893,197.937512746244
2017-05-17,3293,393000,78579500,200.0,201.5,199.0,200.0,0.0,338,201.29963490691773,200.7818731773228,197.7418605675865,195.46598848997135,197.95307868778178
2017-05-18,3293,558000,110339000,197.0,199.5,196.0,198.0,-2.0,443,200.19975660461182,200.2760780541732,197.7643074747529,195.54163062459907,197.95343281089288
2017-05-19,3293,987000,200610500,199.0,206.0,199.0,204.5,6.5,826,201.63317106974122,201.04406386250537,198.35001986825264,195.80904463580507,198.0028408651503
2017-05-22,3293,961000,197726500,204.5,208.0,203.0,206.5,2.0,789,203.25544737982747,202.03605225114075,199.05871379275243,196.12817763175119,198.06697036805483
2017-05-23,3293,2862000,602124000,208.0,213.0,208.0,208.0,1.5,2197,204.836964919885,203.12040638729698,199.83621694120873,196.48256038901235,198.141936629428
2017-05-24,3293,2738000,580315500,210.0,216.0,208.0,208.5,0.5,2236,206.05797661325667,204.09851431687935,200.58958938110362,196.84128992963883,198.2201106926021
2017-05-25,3293,1766000,374650000,213.0,214.5,209.5,210.0,1.5,1455,207.3719844088378,205.17151171381036,201.40788595665984,197.234087245172,198.3090155175636
2017-05-26,3293,954000,200424500,213.0,213.0,207.0,208.5,-1.5,788,207.74798960589186,205.77669140220848,202.02459152564595,197.57038314830118,198.3859286079971
2017-05-31,3293,786000,161566000,208.0,209.5,204.0,205.0,-3.5,614,206.83199307059456,205.6354747836251,202.2833226973289,197.7921627558146,198.43584612793674
2017-06-01,3293,465000,95210000,206.0,207.0,203.5,204.0,-1.0,398,205.88799538039638,205.3381157320569,202.4325989845177,197.9774713302679,198.47783974206553
2017-06-02,3293,1587000,330722000,205.5,212.0,204.0,208.0,4.0,1218,206.59199692026425,205.82209468986474,202.91672081195097,198.2766512905584,198.54970510250277
2017-06-03,3293,678000,141788000,208.0,211.0,206.0,209.5,1.5,537,207.56133128017618,206.49080474625296,203.48917987178132,198.6116766251686,198.63234883757823
2017-06-05,3293,629000,132222500,209.0,212.0,208.5,211.0,1.5,504,208.7075541867841,207.31065842875242,204.14229466553945,198.98147732292475,198.7256896010682
2017-06-06,3293,807000,167241000,209.0,209.5,206.0,206.0,-5.0,679,207.80503612452273,207.072356896252,204.30383425984036,199.19098546253895,198.7805900569092
2017-06-07,3293,653000,134069000,206.0,207.5,203.5,206.0,0.0,544,207.2033574163485,206.87738291511528,204.45132693289773,199.3942396278363,198.83507616968726
2017-06-08,3293,477000,97884000,206.0,207.0,204.0,204.0,-2.0,419,206.135571610899,206.35422238509432,204.41208111264575,199.53172501208,198.87405672689715
2017-06-09,3293,978000,196787500,204.0,205.0,200.0,200.0,-4.0,801,204.09038107393266,205.1989092241681,204.02842188545915,199.54570336992833,198.88255441197717
2017-06-12,3293,811000,159862500,198.5,199.5,196.0,196.0,-4.0,676,201.39358738262177,203.52638027431934,203.33029824324532,199.4398614782887,198.8607992843396
2017-06-13,3293,347000,68493500,196.5,198.5,196.5,196.5,0.5,312,199.76239158841452,202.24885658807946,202.73635926557182,199.3521044192353,198.84298193125025
2017-06-14,3293,616000,119920500,198.5,199.0,192.0,193.0,-3.5,527,197.50826105894302,200.56724629933774,201.88971932943514,199.1624893619447,198.79888395441063
2017-06-15,3293,265000,51205500,194.0,195.0,192.5,193.0,0.0,235,196.00550737262867,199.1913833358218,201.11670025731036,198.978534455618,198.75511879249055
2017-06-16,3293,384000,74889000,194.0,196.0,193.0,196.0,3.0,331,196.00367158175246,198.61113182021782,200.67176980015293,198.88962297933088,198.73432544311325
2017-06-19,3293,367000,71443000,196.0,197.0,193.5,193.5,-2.5,319,195.16911438783498,197.68183512563277,200.0481376436179,198.72873871129116,198.69482110014636
2017-06-20,3293,813000,160281000,195.0,199.0,194.5,196.0,2.5,648,195.44607625855664,197.37604692097227,199.69612567460766,198.64728382438693,198.67448282769243
2017-06-21,3293,362000,70281500,196.0,197.5,193.0,194.0,-2.0,323,194.96405083903775,196.76222020806821,199.2008103985548,198.50855893410673,198.63920371201172
2017-06-22,3293,335000,65117500,196.0,196.0,193.5,193.5,-0.5,288,194.47603389269185,196.16908926114672,198.70508775520221,198.3590497121931,198.6004172689022
2017-06-23,3293,182000,35266000,194.0,195.0,193.0,193.5,0.0,159,194.15068926179455,195.6838003045746,198.2524714286629,198.21400345212763,198.5619235536652
2017-06-26,3293,545000,105009000,194.0,194.5,190.5,193.5,0.0,462,193.93379284119638,195.28674570374284,197.83921304356176,198.07328693116858,198.52372035703377
2017-06-27,3293,4395000,791684000,193.0,193.0,174.5,174.5,-19.0,3232,187.45586189413092,191.50733739397143,195.8097162571651,197.36960672426804,198.34240925999956
2017-06-28,3293,7508000,1218907500,159.0,167.5,158.5,164.5,-10.0,5157,179.8039079294206,186.59691241324936,193.0871322348029,196.3884244339914,198.08699485049013
2017-06-29,3293,2758000,456018000,167.5,168.5,163.0,164.0,-0.5,2260,174.53593861961375,182.48838288356765,190.5578163882983,195.42160579417074,197.82973451199587
2017-06-30,3293,3604000,567520500,161.5,161.5,154.0,158.5,-5.5,2740,169.19062574640915,178.126858722919,187.7701801806202,194.31946830777758,197.53290632699967
2017-07-03,3293,1888000,301190000,161.5,163.0,157.5,158.0,-0.5,1526,165.46041716427277,174.46742986420645,185.18146886056627,193.2353050747096,197.23454476981476
2017-07-04,3293,1359000,216311000,157.5,161.5,156.5,160.0,2.0,1168,163.64027810951518,171.83698807071437,182.9917759161692,192.24320641576304,196.95352933758974
2017-07-05,3293,1454000,232035000,162.5,162.5,157.5,160.0,0.0,1072,162.4268520730101,169.68480842149359,180.99249105389362,191.28072264215817,196.67463477655133
2017-07-06,3293,965000,153509500,161.0,161.0,158.0,159.0,-1.0,748,161.2845680486734,167.742115981222,179.0801005274681,190.31711898119823,196.3902979103132
2017-07-07,3293,1008000,158555000,159.0,160.0,156.0,156.0,-3.0,806,159.52304536578228,165.607185802818,177.07313526421,189.29272736981918,196.08546547325423
2017-07-10,3293,1389000,213634000,157.5,157.5,152.0,153.5,-2.5,1150,157.5153635771882,163.40587929321472,175.02329741514828,188.2242877468395,195.76406573383343
2017-07-11,3293,922000,142996000,153.5,157.0,153.0,156.5,3.0,799,157.1769090514588,162.1502648762666,173.41257590078754,187.27729408275474,195.46773316225733
2017-07-12,3293,963000,152762000,155.5,160.5,155.5,160.5,4.0,837,158.28460603430588,161.8502167169454,172.28974321376253,186.47797187132923,195.2038257421648
2017-07-13,3293,753000,121381000,161.5,162.5,160.0,160.0,-0.5,628,158.85640402287058,161.5138136775008,171.22106989082667,185.68758465128954,194.93813649128055
2017-07-14,3293,545000,86460500,160.0,160.0,157.5,158.5,-1.5,463,158.73760268191373,160.96584755431883,170.11488990032,184.87601496020628,194.66313168757276
2017-07-17,3293,566000,89271500,158.5,159.5,157.0,157.0,-1.5,457,158.1584017879425,160.2447843626245,168.97446469159652,184.04389511064787,194.3788816371005
2017-07-18,3293,743000,115908500,157.0,157.5,155.0,155.5,-1.5,653,157.27226785862834,159.38209629669277,167.80277210971857,183.19183854018075,194.08545611531108
2017-07-19,3293,1110000,175710000,156.0,160.0,156.0,159.5,4.0,913,158.01484523908556,159.40353333365772,167.0807919262648,182.48461947927984,193.82443380500683
2017-07-20,3293,1639000,267838000,161.5,165.0,161.0,162.0,2.5,1327,159.34323015939037,159.8756181820836,166.63898393267655,181.87313830079387,193.58424939893132
2017-07-21,3293,667000,107459000,163.5,164.0,159.5,159.5,-2.5,557,159.39548677292692,159.8073239671593,166.01820272113946,181.2052834261433,193.3270097808262
2017-07-24,3293,393000,62394000,159.5,161.0,157.5,158.5,-1.0,332,159.09699118195127,159.56962870040306,165.3644459627795,180.52751377163156,193.06416442398975
2017-07-25,3293,1065000,167085000,158.5,159.0,156.0,157.5,-1.0,779,158.5646607879675,159.19333257305703,164.68058109645085,179.84012530083658,192.79575563588418
2017-07-26,3293,713000,112048000,158.0,159.0,156.0,156.5,-1.0,598,157.87644052531166,158.7036357415921,163.9692262184986,179.14340514260266,192.52182540466995
2017-07-27,3293,478000,75231500,157.0,158.0,157.0,157.5,1.0,386,157.75096035020778,158.48479287948444,163.40668480819437,178.4973333473011,192.2575097412385
2017-07-28,3293,1765000,284728500,158.5,164.5,158.0,159.5,2.0,1459,158.33397356680518,158.66937599230545,163.0669730857427,177.93024876976972,192.01028325262538
2017-07-31,3293,564000,90038500,160.5,161.5,158.5,159.0,-0.5,476,158.55598237787012,158.72948944824992,162.71332325219984,177.36516671694076,191.76114903939802
2017-08-01,3293,402000,64037000,161.0,161.0,158.5,159.0,0.0,342,158.70398825191342,158.77867318493176,162.39042557809552,176.8169527850918,191.5138950843837
2017-08-02,3293,1198000,192851000,160.0,162.5,158.5,160.5,1.5,931,159.30265883460893,159.09164169676234,162.22604074521766,176.32987956762636,191.27982795167136
2017-08-03,3293,903000,144049000,161.5,162.0,158.0,159.5,-1.0,717,159.3684392230726,159.16588866098738,161.9889937238944,175.8274951029211,191.03998019354555
2017-08-04,3293,605000,96250000,160.0,161.0,158.0,158.5,-1.0,489,159.07895948204842,159.0448179953533,161.6856029652949,175.3102564431324,190.79439543736785
2017-08-07,3293,1426000,230786000,160.0,164.0,159.0,161.5,3.0,1147,159.88597298803228,159.49121472347088,161.66946357700837,174.89800998214338,190.57330566048205
2017-08-08,3293,627000,100214000,162.0,162.5,158.5,158.5,-3.0,534,159.4239819920215,159.310993864658,161.39385804857287,174.40851714685553,190.33124297625199
2017-08-09,3293,707000,111662000,158.5,160.0,157.0,157.0,-1.5,533,158.615987994681,158.89081316199292,161.01178343565348,173.88885991859118,190.0796864254878
2017-08-10,3293,822000,128776500,158.0,160.0,155.0,155.0,-2.0,632,157.41065866312067,158.1833925870851,160.48901965864013,173.32501335385712,189.81493407510678
2017-08-11,3293,513000,79822000,154.0,157.5,154.0,156.0,1.0,415,156.9404391087471,157.786412116706,160.09867012310622,172.80784877613004,189.55972702548334
2017-08-14,3293,1470000,233148500,160.5,161.0,156.0,156.0,0.0,1075,156.6269594058314,157.46160991366855,159.7422640254448,172.30612194699182,189.30644606680045
2017-08-15,3293,1324000,211885000,159.0,161.5,158.5,160.5,4.5,989,157.91797293722092,158.0140444748197,159.80815411018872,171.95370039633536,189.08903892667365
2017-08-16,3293,6034000,1024105500,161.5,174.0,161.5,171.0,10.5,4560,162.27864862481394,160.37512729757975,160.7813581006071,171.92523172778803,188.95251787817045
2017-08-17,3293,2300000,394964500,174.0,174.5,168.0,171.5,0.5,1770,165.35243241654263,162.39783142529254,161.71341391794562,171.91253824337645,188.8208007621088
2017-08-18,3293,1338000,226573000,168.5,171.5,167.0,170.5,-1.0,1083,167.06828827769507,163.87095298433024,162.47746488160251,171.87037292267865,188.6825305676778
2017-08-21,3293,2156000,375891500,173.0,176.0,171.0,175.0,4.5,1649,169.71219218513005,165.89441607808837,163.56638097885448,171.96379462647928,188.57926618603494
2017-08-22,3293,1318000,228748000,176.0,176.5,172.0,174.5,-0.5,1108,171.30812812342003,167.4590677002541,164.51713045895409,172.03950224956947,188.47300757331016
2017-08-23,3293,1310000,226091000,175.0,176.0,171.0,171.0,-3.5,1077,171.2054187489467,168.10287357293518,165.080858245132,172.00847233167187,188.3411358180399
2017-08-24,3293,929000,160104000,172.5,174.0,171.0,172.0,1.0,756,171.47027916596446,168.8114420142197,165.6825227455553,172.00821942624881,188.2178064911113
2017-08-25,3293,2150000,371989000,173.0,174.0,171.5,173.0,1.0,1357,171.98018611064296,169.5729980116343,166.31882511550702,172.03782481651004,188.10295512136707
2017-08-28,3293,1472000,243357500,166.0,167.5,163.5,165.0,0.0,1148,169.65345740709532,168.74154382770078,166.20414467068034,171.82774049362914,187.9285931959228
2017-08-29,3293,450000,73565500,165.0,165.0,163.0,163.0,-2.0,364,167.43563827139687,167.69762676811882,165.925523394969,171.56422585202827,187.74045286991583
2017-08-30,3293,715000,117579000,165.0,166.0,163.0,163.5,0.5,540,166.1237588475979,166.93442190118813,165.7146083171456,171.32350269226623,187.55750605580326
2017-08-31,3293,633000,103885500,165.0,166.0,163.0,163.5,0.0,523,165.24917256506527,166.30998155551757,165.52203368087208,171.08996529846723,187.37593997236323
2017-09-01,3293,1020000,168891000,164.5,167.0,163.5,165.0,1.5,803,165.16611504337683,166.071803090878,165.47663944775277,170.90817528955776,187.20706495370388
2017-09-04,3293,801000,132200500,165.0,167.5,163.0,164.0,-1.0,658,164.7774100289179,165.69511161980927,165.34823601751341,170.70196110180976,187.03191729367592
2017-09-05,3293,651000,107284500,166.0,166.0,164.0,165.0,1.0,560,164.85160668594526,165.56872768893484,165.31795462468617,170.5317533077259,186.86563867259156
2017-09-06,3293,3917000,672497000,167.0,175.0,167.0,171.0,6.0,2955,166.9010711239635,166.55623174549214,165.81204552688737,170.5457308209281,186.74589800336446
2017-09-07,3293,2036000,347652500,174.0,176.0,167.0,169.0,-2.0,1624,167.60071408264233,167.00055324631174,166.08925895933194,170.49958960239294,186.6119666976787
2017-09-08,3293,706000,119133500,170.0,170.5,167.5,169.0,0.0,567,168.06714272176154,167.3640890197096,166.34236687591178,170.4548257336648,186.4790461943
2017-09-11,3293,715000,121570000,172.0,172.0,169.0,169.0,0.0,576,168.37809514784104,167.66152737976242,166.5734654084412,170.41139809982405,186.3471288645317
2017-09-12,3293,648000,110413500,171.0,172.0,169.0,170.0,1.0,541,168.9187300985607,168.08670421980563,166.87142493814196,170.3991175595308,186.22375430706353
2017-09-13,3293,3193000,559319000,171.0,178.5,170.0,172.5,2.5,2380,170.1124867323738,168.8891216343864,167.36086624786876,170.46183046820153,186.12017880285927
2017-09-14,3293,811000,139477000,173.5,174.0,171.0,171.5,-1.0,665,170.57499115491586,169.3638267917707,167.72079092196714,170.4928206034791,186.00983783076222
2017-09-15,3293,974000,164270000,171.5,172.5,167.0,169.0,-2.5,771,170.04999410327724,169.29767646599421,167.83202649397,170.44825879442,185.88146169619043
2017-09-18,3293,1081000,178845500,169.0,170.0,163.5,164.5,-4.5,906,168.1999960688515,168.42537165399526,167.54228505971173,170.27069883040747,185.72009217395504
2017-09-19,3293,425000,70308500,165.5,167.0,164.5,165.5,1.0,353,167.29999737923433,167.89348589872338,167.36469505451942,170.1282899100968,185.56748770471765
2017-09-20,3293,532000,88606500,166.0,168.5,164.0,166.0,0.5,455,166.86666491948955,167.54921573531914,167.24602591934382,170.00505737546706,185.41980855222923
2017-09-21,3293,1038000,175835500,168.5,171.0,167.0,169.0,3.0,850,167.57777661299303,167.81299469253383,167.39854540461826,169.97505566276655,185.29588546881618
2017-09-22,3293,569000,95833500,171.0,171.0,167.0,167.5,-1.5,455,167.5518510753287,167.7560865666186,167.4073675433471,169.90117340417652,185.1615768992402
2017-09-25,3293,1618000,276734000,169.0,174.0,167.5,170.0,2.5,1262,168.3679007168858,168.1640708272334,167.63281384392562,169.90412345181304,185.04714990377423
2017-09-26,3293,1034000,173294500,170.5,172.0,163.5,164.5,-5.5,886,167.07860047792386,167.49787613137278,167.36039524880164,169.74280633384848,184.89207707431177
2017-09-27,3293,394000,65475500,165.5,167.5,165.0,167.0,2.5,347,167.0524003186159,167.4073531983959,167.32905653151454,169.6609315179127,184.7570425303547
2017-09-28,3293,606000,102357000,168.5,170.5,166.0,169.5,2.5,526,167.86826687907725,167.7878344350512,167.5178342244263,169.65612759200485,184.64189503955959
2017-09-29,3293,527000,88183000,169.0,169.5,166.0,166.5,-3.0,450,167.41217791938485,167.55368271958733,167.42932690056315,169.5619148280644,184.50497507699689
2017-09-30,3293,378000,62988000,168.0,168.5,166.0,166.0,-0.5,332,166.94145194625656,167.27119495238964,167.305037604862,169.4555890123013,184.36531488773653
2017-10-02,3293,714000,120489000,166.5,171.0,165.5,168.0,2.0,584,167.29430129750438,167.40370496104606,167.3654691174827,169.41213859402365,184.24180307726306
2017-10-03,3293,395000,66382000,169.5,169.5,167.0,167.0,-1.0,319,167.1962008650029,167.33030405903767,167.33368919422333,169.34013445688862,184.1116762615856
2017-10-05,3293,339000,56637500,167.5,168.5,166.5,166.5,-0.5,294,166.96413391000195,167.17933968466718,167.26119448168217,169.25535432384717,183.9787579501774
2017-10-06,3293,943000,159512000,168.5,171.0,166.5,168.5,2.0,758,167.47608927333462,167.4194597420004,167.36891670066632,169.23280643358308,183.86193713545907
2017-10-11,3293,588000,98578500,169.0,170.5,166.5,166.5,-2.0,453,167.15072618222308,167.25228524345488,167.29335872669535,169.15123012213283,183.73090364764428
2017-10-12,3293,1075000,182811500,167.0,172.0,167.0,169.5,3.0,839,167.9338174548154,167.6609606537358,167.48524057654794,169.1616411632632,183.62350060124697
2017-10-13,3293,650000,108932000,168.5,169.0,166.5,168.0,-1.5,530,167.95587830321026,167.72260417123837,167.53000226554377,169.1269653076434,183.5055873891621
2017-10-16,3293,1139000,194127500,169.0,172.0,168.5,169.0,1.0,819,168.30391886880685,167.95485795828594,167.65782815549647,169.12317529846,183.39611125792314
2017-10-17,3293,528000,89005000,169.0,171.0,167.5,167.5,-1.5,432,168.0359459125379,167.87215651132487,167.644103968062,169.07472230447613,183.27614060691994
2017-10-18,3293,630000,104962500,168.0,168.5,165.5,166.0,-1.5,528,167.35729727502527,167.53176441835672,167.50113840562184,168.98293954911864,183.14575464007527
2017-10-19,3293,339000,56711000,167.0,168.5,166.5,167.5,1.5,274,167.40486485001685,167.5259890695646,167.50103941382864,168.93867269690614,183.02767347298035
2017-10-20,3293,303000,50554500,168.5,168.5,166.0,166.5,-1.0,260,167.10324323334456,167.33944560237103,167.4139925082783,168.86587649699848,182.9029363146937
2017-10-23,3293,450000,75435000,167.5,169.5,166.5,166.5,0.0,345,166.90216215556305,167.18681912921267,167.3345148988628,168.7952533179836,182.77914056892243
2017-10-24,3293,317000,52866500,166.0,168.0,165.5,166.5,0.0,274,166.7681081037087,167.06194292390128,167.2619483859182,168.72673829356617,182.6562791306664
2017-10-25,3293,442000,73486000,167.5,167.5,165.0,165.0,-1.5,375,166.1787387358058,166.68704421046468,167.06525722192532,168.61549237435523,182.5230241938312
2017-10-26,3293,1307000,210403000,165.0,165.0,159.5,161.0,-4.0,1074,164.4524924905372,165.65303617219837,166.53784355045354,168.38816424377745,182.3605862753872
2017-10-27,3293,785000,125875500,161.0,163.0,158.0,159.0,-2.0,631,162.63499499369146,164.44339323179867,165.88237889389237,168.10792053500796,182.18427996387484
2017-10-30,3293,1233000,193035500,160.0,161.5,150.0,159.5,0.5,959,161.58999666246098,163.54459446238073,165.32738942485824,167.85096768321668,182.01307785093994
2017-10-31,3293,241000,38365000,160.0,160.5,156.5,159.0,-0.5,197,160.72666444164065,162.7183045601297,164.7771816487836,167.5867596926729,181.83939424451773
2017-11-01,3293,248000,39600500,159.5,160.5,159.0,160.0,1.0,216,160.48444296109378,162.22406736737884,164.36177454888937,167.36028925408564,181.67456862757797
2017-11-02,3293,322000,51970000,161.0,162.0,160.5,161.5,1.5,280,160.8229619740625,162.09241875512814,164.11292458811639,167.185355246501,181.5223077322755
2017-11-03,3293,393000,62533000,161.5,162.0,158.0,158.0,-3.5,307,159.881974649375,161.34834261783212,163.58136592828018,166.91116553765022,181.34478088146588
2017-11-06,3293,259000,40665000,158.0,158.5,156.0,157.5,-0.5,219,159.08798309958334,160.64864396004447,163.05255149973408,166.6302352230935,181.16482027103973
2017-11-07,3293,192000,30407000,157.5,160.0,156.5,159.0,1.5,174,159.05865539972223,160.34889051276366,162.7001557171485,166.40246700747878,180.9975386086168
2017-11-08,3293,597000,92991000,156.5,157.0,154.0,157.0,-2.0,514,158.37243693314815,159.7400013286248,162.20449000261385,166.1217963505391,180.81642510968385
2017-11-09,3293,426000,66632000,157.0,159.0,155.0,155.5,-1.5,374,157.4149579554321,158.96909199614757,161.62149087195178,165.80472780276182,180.62535775036548
2017-11-10,3293,318000,49330000,155.5,157.5,153.5,157.0,1.5,278,157.27663863695474,158.61107526957528,161.21962210047772,165.54190010715698,180.44705316357027
2017-11-13,3293,776000,124366000,159.5,161.5,159.0,159.0,2.0,638,157.8510924246365,158.68178885692524,161.0266114830449,165.34661950694334,180.28518861139239
2017-11-14,3293,273000,43219000,159.0,160.5,157.0,158.5,-0.5,242,158.06739494975767,158.64873633748428,160.80690613669316,165.14224280524354,180.12077209357057
2017-11-15,3293,248000,39639500,158.5,161.5,158.0,160.0,1.5,230,158.71159663317178,158.89442063975986,160.73674038567637,164.98874302001238,179.9689172098455
2017-11-16,3293,238000,38087500,159.5,161.5,158.5,159.0,-1.0,212,158.8077310887812,158.91361688707624,160.58571948257406,164.8099745716538,179.81066123090326
2017-11-17,3293,213000,33897000,160.0,160.5,158.5,159.0,0.0,191,158.87182072585412,158.92932290760783,160.44783083191544,164.63654249488803,179.65359963670778
2017-11-20,3293,255000,40702500,159.5,161.0,158.0,159.0,0.0,205,158.9145471505694,158.94217328804277,160.3219324987054,164.46828749504064,179.49772341303452
2017-11-21,3293,219000,35026000,161.0,161.0,159.0,159.5,0.5,192,159.1096981003796,159.04359632658046,160.25046010751362,164.31998040563644,179.34679719859653
2017-11-22,3293,281000,44821500,160.5,161.0,158.5,158.5,-1.0,234,158.90646540025307,158.94476063083854,160.09824618512113,164.14624964725922,179.18946288011657
2017-11-23,3293,1165000,190223500,160.0,167.0,158.5,164.5,6.0,892,160.77097693350206,159.95480415250427,160.48100738641494,164.15680935928134,179.07859900932323
2017-11-24,3293,929000,153585000,166.0,167.0,164.0,164.5,0.0,767,162.0139846223347,160.7812033975035,160.83048500498757,164.1670538560192,178.9685718469887
2017-11-27,3293,257000,42218500,165.5,166.0,164.0,164.0,-0.5,223,162.67598974822315,161.36643914341195,161.10609500455385,164.16206717375,178.85560149342652
2017-11-28,3293,225000,36905000,165.5,165.5,163.5,164.0,0.0,199,163.11732649881543,161.84526839006432,161.35773891720135,164.1572293476679,178.7434837463063
2017-11-29,3293,2516000,429731000,165.0,174.5,164.5,170.0,6.0,2029,165.41155099921028,163.3279468645981,162.10923988092296,164.33164041191662,178.67749518973042
2017-11-30,3293,1055000,176393000,167.5,169.0,165.5,168.5,-1.5,866,166.44103399947352,164.2683201619439,162.66495815214705,164.45606905633701,178.60068390527962
2017-12-01,3293,843000,139740500,170.0,170.0,164.0,164.0,-4.5,707,165.627355999649,164.2195346779541,162.78104874761252,164.4424550546553,178.49049006448507
2017-12-04,3293,367000,59773000,164.0,164.0,161.5,163.5,-0.5,313,164.91823733309934,164.08871019105337,162.84356624782012,164.41432206794917,178.37735429041348
2017-12-05,3293,858000,143293500,162.5,169.5,162.0,164.5,1.0,635,164.77882488873288,164.16349015631639,162.98760396540098,164.41687961815964,178.27261954105188
2017-12-06,3293,687000,111504500,165.5,165.5,160.0,160.5,-4.0,580,163.35254992582193,163.49740103698613,162.77129057710525,164.29995783851308,178.13848656338357
2017-12-07,3293,869000,136003500,159.0,159.0,153.5,157.0,-3.5,726,161.23503328388128,162.31605539389776,162.26943922257436,164.08204864930374,177.9789508157354
2017-12-08,3293,410000,64303000,156.5,158.5,155.5,157.5,0.5,334,159.99002218925418,161.44040895864362,161.85470537713312,163.88556958514542,177.82439269637135
2017-12-11,3293,281000,44301500,159.0,159.0,157.0,158.0,0.5,249,159.3266814595028,160.81488005707206,161.5195136052085,163.70988094081272,177.67477463828553
2017-12-12,3293,210000,33238500,157.5,160.0,157.0,157.5,-0.5,183,158.71778763966853,160.21217459214986,161.16999068301644,163.52451136048995,177.52251218818526
2017-12-13,3293,188000,29661500,158.0,159.0,157.0,158.0,0.5,170,158.47852509311235,159.8099610299408,160.89433931927587,163.35960057360967,177.37517247355746
2017-12-14,3293,494000,79380500,159.0,163.0,158.5,160.0,2.0,402,158.98568339540824,159.84451356995157,160.8165706828171,163.2593139893228,177.24403909639852
2017-12-15,3293,311000,49269500,159.5,160.0,157.5,157.5,-2.5,257,158.49045559693883,159.41823837541492,160.52817323213733,163.08739416874602,177.09502748057665
2017-12-18,3293,238000,37842500,157.5,161.0,157.5,158.5,1.0,209,158.4936370646259,159.25128594352128,160.35181034238627,162.95045702938046,176.95468765053457
2017-12-19,3293,311000,48841500,158.5,159.0,156.5,157.0,-1.5,278,157.99575804308392,158.8419612265174,160.0603485734831,162.77283144641387,176.80408623430412
2017-12-20,3293,262000,41423500,159.0,159.5,157.0,157.0,0.0,232,157.66383869538927,158.50705918533242,159.7942313062237,162.60050811965525,176.65462143253578
2017-12-21,3293,355000,56408000,158.0,160.5,157.5,158.0,1.0,288,157.77589246359284,158.41486660618108,159.63821119263903,162.46317951906852,176.51383183681853
2017-12-22,3293,225000,35402500,157.5,158.0,156.5,157.5,-0.5,207,157.68392830906188,158.24852722323905,159.45227978458345,162.31502490655902,176.37033121918216
2017-12-25,3293,194000,30441000,157.5,157.5,156.5,156.5,-1.0,152,157.2892855393746,157.93061318265012,159.19555980331532,162.1414420735274,176.22036645526381
2017-12-26,3293,350000,54178500,157.0,157.0,154.0,154.0,-2.5,292,156.19285702624973,157.2159562403501,158.74377199433138,161.89841395192957,176.05266557635616
2017-12-27,3293,191000,29445000,152.5,155.0,152.5,154.5,0.5,175,155.62857135083314,156.7221460148319,158.3747483426504,161.67756577426002,175.8900039493648
2017-12-28,3293,141000,22048500,155.0,158.0,155.0,156.0,1.5,137,155.75238090055544,156.59084673940794,158.16824848676777,161.50808619890898,175.7398907120111
2017-12-29,3293,156000,24325500,156.0,156.5,155.5,156.5,0.5,129,156.00158726703697,156.5743291504247,158.02318340096187,161.3585910884938,175.5946839896563
2018-01-02,3293,496000,79048000,157.5,162.0,156.5,159.5,3.0,435,157.16772484469132,157.10626930489292,158.15160223566085,161.30311075749398,175.4732146765268
2018-01-03,3293,575000,90848000,160.0,161.0,156.0,156.5,-3.0,474,156.9451498964609,156.9960385221851,158.0079846499512,161.15973431697176,175.3300206034964
2018-01-04,3293,268000,42289500,156.5,159.5,156.5,157.0,0.5,249,156.96343326430727,156.99675879087872,157.920333810825,161.03556314333082,175.1916808253568
2018-01-05,3293,236000,37042000,158.0,158.5,156.0,156.5,-0.5,207,156.80895550953818,156.90643901071894,157.79682652292718,160.90017319875378,175.05061153610882
2018-01-08,3293,757000,120825000,158.0,161.5,158.0,158.5,2.0,574,157.3726370063588,157.1961773724064,157.85797204267263,160.82852623759695,174.9257012603646
2018-01-09,3293,270000,42766500,158.0,160.0,157.0,158.0,-0.5,235,157.5817580042392,157.34232694105978,157.87032229983154,160.7440926185642,174.79796011877696
2018-01-10,3293,251000,39614500,159.0,159.0,157.0,157.5,-0.5,198,157.55450533615945,157.370994769958,157.83812036071575,160.64725403293542,174.6674094763711
2018-01-11,3293,139000,21956000,157.5,158.5,157.0,158.5,1.0,126,157.8696702241063,157.57626844814746,157.89567511195787,160.58315689762392,174.54539129164377
2018-01-12,3293,207000,32939000,158.5,160.0,158.0,159.0,0.5,184,158.24644681607086,157.83512873030247,157.99170336309197,160.53589848276948,174.4280675837823
2018-01-15,3293,330000,52770500,159.0,161.0,158.5,161.0,2.0,278,159.16429787738056,158.41055987024748,158.253294374997,160.54975225940322,174.3267236774896
2018-01-16,3293,230000,36824500,161.0,161.0,159.5,159.5,-1.5,195,159.27619858492037,158.60863989383884,158.36170355977987,160.5184163710628,174.21482387615006
2018-01-17,3293,782000,127367500,161.0,164.5,160.5,162.0,2.5,664,160.1841323899469,159.22525082223177,158.67807716327727,160.56264274804602,174.12263652614138
2018-01-18,3293,2794000,470365500,164.5,171.0,164.0,168.0,6.0,2075,162.78942159329793,160.8206597636442,159.48867914907925,160.78465341228346,174.0764279485856
2018-01-19,3293,1163000,196378500,170.0,171.5,166.5,167.0,-1.0,952,164.19294772886528,161.94417617025434,160.1418374839419,160.97018614624514,174.02302094520005
2018-01-22,3293,671000,113043500,168.0,170.0,167.0,169.0,2.0,534,165.7952984859102,163.2270532302081,160.91211248533827,161.20988208217813,173.9851113531608
2018-01-23,3293,567000,94824000,170.0,170.0,165.5,165.5,-3.5,481,165.69686565727346,163.64031627926119,161.31105922574363,161.33794530360564,173.9210727769105
2018-01-24,3293,482000,80450500,166.0,168.5,165.0,166.0,0.5,400,165.7979104381823,164.06934968303187,161.71879320611376,161.4771111154383,173.86129109557533
2018-01-25,3293,654000,107425500,166.0,167.0,163.0,163.0,-3.0,567,164.86527362545488,163.87492246793516,161.83020249253866,161.52257048512672,173.77931908730685
2018-01-26,3293,1816000,306127000,166.0,171.5,164.0,167.5,4.5,1431,165.74351575030326,164.53402747376512,162.3232283627527,161.701001216914,173.7319279998555
2018-01-29,3293,769000,127366000,168.0,168.5,164.5,164.5,-3.0,608,165.32901050020217,164.5278406603533,162.5125128529481,161.78455341939417,173.6622530715547
2018-01-30,3293,537000,87718500,165.0,165.0,162.0,162.0,-2.5,422,164.21934033346812,164.0682332675618,162.46794651790913,161.79098466060628,173.57423606724106
2018-01-31,3293,388000,63236500,161.0,166.0,160.5,164.0,2.0,309,164.14622688897876,164.0558272189142,162.60116855983009,161.8569254170061,173.50197768182792
2018-02-01,3293,301000,49469000,164.0,166.0,163.0,165.5,1.5,263,164.5974845926525,164.31840408820253,162.85324085897528,161.96567391202083,173.44158539743677
2018-02-02,3293,606000,101066000,166.0,168.5,164.5,166.0,0.5,483,165.064989728435,164.62414879943844,163.1268720886296,162.0861015564381,173.38542248877687
2018-02-05,3293,732000,118983500,163.5,164.5,160.5,164.0,-2.0,555,164.70999315229,164.51066719954053,163.20279625483573,162.14323285326086,173.31458911150307
2018-02-06,3293,1176000,184592000,161.0,161.5,152.5,156.5,-7.5,993,161.97332876819334,163.05418225416952,162.61994440658916,161.97477814122323,173.18768655217096
2018-02-07,3293,791000,126133500,160.0,162.0,158.0,158.0,1.5,622,160.64888584546222,162.1352400261387,162.218210110364,161.85612804745537,173.0730625027206
2018-02-08,3293,482000,75226000,157.0,158.0,155.0,155.0,-3.0,384,158.7659238969748,160.83792365774983,161.59053966598452,161.65146750872535,172.93666203100196
2018-02-09,3293,544000,82244500,150.0,155.0,148.0,155.0,0.0,440,157.51061593131655,159.77648299270442,161.01744926024674,161.45291623980816,172.8012909968057
2018-02-12,3293,217000,33728000,156.0,156.0,154.0,155.0,0.0,180,156.67374395421103,158.90803153948542,160.49419280283396,161.26029187444075,172.66694163079208
2018-02-21,3293,182000,28396000,157.0,157.0,155.5,155.5,0.5,166,156.282495969474,158.28838944139716,160.05991516780492,161.08834286326342,172.53737980716346
2018-02-22,3293,393000,60215000,155.0,155.0,152.5,152.5,-3.0,339,155.02166397964933,157.23595499750675,159.4025312401697,160.83197441958393,172.38615429918488
2018-02-23,3293,416000,63880000,153.5,155.5,152.5,153.5,1.0,332,154.51444265309956,156.55669045250553,158.889267654068,160.61310951153663,172.24361728560612
2018-02-26,3293,200000,30725500,154.0,155.5,153.0,153.0,-0.5,167,154.00962843539972,155.9100194611409,158.37715742327947,160.38585251119227,172.0983824381676
2018-02-27,3293,243000,37403500,154.0,155.0,153.0,154.0,1.0,206,154.00641895693315,155.56274319547893,157.99653503864647,160.1952300481716,171.9617908725965
2018-03-01,3293,309000,47045000,153.0,153.5,151.5,152.0,-2.0,256,153.33761263795543,154.91497170539185,157.47509720919896,159.95059631539036,171.81113584714296
2018-03-02,3293,229000,35056000,151.0,155.0,151.0,154.5,2.5,214,153.7250750919703,154.8395223044115,157.21639310405124,159.78789194776675,171.68048576527772
2018-03-05,3293,173000,26481000,155.0,155.0,152.0,152.0,-2.5,143,153.15005006131352,154.32324552179122,156.76279370369895,159.55541756126624,171.5319537972379
2018-03-06,3293,126000,19244000,153.0,154.0,152.0,152.5,0.5,110,152.93336670754235,153.991746336011,156.39211599033382,159.34480808182545,171.38831641008892
2018-03-07,3293,191000,29273000,152.5,154.0,152.5,152.5,0.0,159,152.78891113836156,153.72051972946355,156.05367112160914,159.14048545251723,171.24576307869202
2018-03-08,3293,307000,47045000,154.0,154.5,152.0,152.5,0.0,277,152.69260742557438,153.49860705137925,155.74465624146922,158.94226200617342,171.10428562149434
2018-03-09,3293,193000,29456000,153.0,153.5,152.0,152.5,0.0,161,152.62840495038293,153.31704213294665,155.4625122204719,158.74995567763094,170.9638759186906
2018-03-12,3293,265000,40610000,154.0,154.0,152.5,153.5,1.0,192,152.91893663358863,153.3503071996836,155.29185898390912,158.59324058277628,170.8320730815684
2018-03-13,3293,396000,61332500,154.0,156.0,153.5,155.5,2.0,334,153.7792910890591,153.74116043610476,155.30995820269965,158.50090504299192,170.71635932246224
2018-03-14,3293,233000,36316000,155.5,156.5,154.5,155.5,0.0,215,154.35286072603938,154.06094944772207,155.32648357637794,158.41132578797723,170.60151887474555
2018-03-15,3293,265000,41527500,155.0,157.5,155.0,157.0,1.5,210,155.23524048402626,154.59532227540896,155.47200674364942,158.36919665997792,170.49886590210596
2018-03-16,3293,274000,42616500,157.0,157.5,154.5,155.0,-2.0,211,155.15682698935083,154.66890004351643,155.43096267898426,158.26862362535172,170.38189332925987
2018-03-19,3293,231000,36120000,155.5,157.5,155.0,155.5,0.5,190,155.27121799290055,154.82000912651344,155.43696592428998,158.18597814399794,170.26957715318997
2018-03-20,3293,194000,30075500,156.0,156.0,154.5,155.5,0.0,156,155.3474786619337,154.9436438307837,155.44244714826476,158.1057996919383,170.15810864637345
2018-03-21,3293,166000,25990500,155.5,157.5,155.5,156.0,0.5,145,155.56498577462247,155.13570858882304,155.49093000493738,158.04293999964165,170.05125499621215
2018-03-22,3293,196000,30716500,156.0,158.0,155.5,156.0,0.0,166,155.709990516415,155.2928524817643,155.53519696102978,157.98195671607024,169.94520778869358
2018-03-23,3293,460000,71955500,154.0,158.5,153.5,156.0,0.0,382,155.80666034427665,155.42142475780716,155.57561461659242,157.92279382902336,169.83996093745816
2018-03-26,3293,714000,113846500,155.0,162.5,155.0,162.0,6.0,538,157.87110689618444,156.61752934729677,156.13425682384525,158.0445014759182,169.78079142094904
2018-03-27,3293,672000,108983000,163.0,164.5,160.0,160.0,-2.0,537,158.58073793078964,157.23252401142463,156.47040840438044,158.10287456618929,169.70697412720602
2018-03-28,3293,4904000,827044500,165.0,172.0,165.0,166.0,6.0,3011,161.0538252871931,158.82661055480196,157.29906854312998,158.33860965376573,169.67899696398183
2018-03-29,3293,1341000,225077000,168.5,169.5,166.0,167.5,1.5,1030,163.20255019146205,160.40359045392887,158.18610606111866,158.61208399245928,169.66255170387632
2018-03-30,3293,737000,123663500,169.0,169.5,166.0,166.5,-1.0,583,164.30170012764137,161.51202855321452,158.90905336015183,158.84754417178885,169.63868338913008
2018-03-31,3293,319000,53290500,167.0,168.0,166.0,168.0,1.5,262,165.5344667517609,162.69165972535734,159.69957045926907,159.12075180845187,169.62631596732533
2018-04-02,3293,531000,89689500,169.5,171.0,167.0,167.0,-1.0,426,166.02297783450726,163.4749943207469,160.33439041933264,159.35595324700554,169.60649471474173
2018-04-03,3293,762000,128383500,167.0,170.0,166.0,169.0,2.0,579,167.01531855633817,164.47954080788384,161.08792168721675,159.64383523963224,169.6019173961399
2018-04-09,3293,1048000,177687500,170.0,171.5,168.0,168.0,-1.0,782,167.34354570422545,165.1196242973595,161.68897197528486,159.89327299367307,169.58982745352753
2018-04-10,3293,1107000,182300000,168.0,168.5,163.0,163.0,-5.0,845,165.8956971361503,164.73423806147596,161.8029744122166,159.9860111132649,169.54009290670845
2018-04-11,3293,370000,60402500,163.0,164.5,162.0,163.5,0.5,323,165.09713142410018,164.5098311412076,161.95054185463255,160.09090630391373,169.49450729986538
2018-04-12,3293,210000,34107500,163.5,164.5,161.5,162.0,-1.5,184,164.06475428273345,164.05349820644258,161.95484256292536,160.1478941754387,169.4379449806211
2018-04-13,3293,467000,77101500,163.5,166.5,163.0,165.0,3.0,416,164.37650285515562,164.22558944163484,162.21963886180143,160.29273315527635,169.40445105623905
2018-04-16,3293,304000,49518000,164.5,164.5,162.0,162.5,-2.5,263,163.75100190343707,163.91184590679214,162.24401809121,160.35862171780542,169.35234199166368
2018-04-17,3293,261000,41975000,162.5,163.0,160.0,160.0,-2.5,226,162.5006679356247,163.2006011964663,162.0488860832787,160.34791659190077,169.28175827851905
2018-04-18,3293,243000,39305500,162.0,163.0,160.5,161.5,1.5,214,162.16711195708314,162.89140097892698,162.00115685864577,160.38230714139627,169.2230280273604
2018-04-19,3293,231000,37337000,162.5,163.5,161.0,161.5,0.0,175,161.9447413047221,162.63841898275845,161.9575780013722,160.41567110732473,169.16474102338034
2018-04-20,3293,950000,157523500,162.0,167.5,162.0,164.5,3.0,750,162.79649420314806,162.97688825862056,162.17865817516594,160.5375913727777,169.12953543075105
2018-04-23,3293,365000,59320000,164.0,164.5,161.5,161.5,-3.0,309,162.36432946876536,162.70836312068954,162.11964442080367,160.5663199885157,169.0719540312737
2018-04-24,3293,477000,75935500,162.0,162.0,156.0,158.0,-3.5,356,160.9095529791769,161.852297098746,161.76141447116856,160.48971342169432,168.98839211405652
2018-04-25,3293,197000,31291000,158.0,161.5,156.5,160.0,2.0,177,160.6063686527846,161.5155158080649,161.60824799541479,160.47509511059897,168.92055519244101
2018-04-26,3293,352000,57049500,160.5,163.5,160.0,160.5,0.5,297,160.57091243518974,161.33087657023492,161.51187860450915,160.47583854013334,168.85700383249807
2018-04-27,3293,233000,37330000,161.0,163.0,157.5,160.5,0.0,194,160.54727495679316,161.17980810291948,161.4238891606388,160.4765597777413,168.79393210546036
2018-04-30,3293,172000,27559500,160.5,161.0,158.5,160.0,-0.5,150,160.36484997119544,160.9652975387523,161.3000727118876,160.46233411273408,168.72756280655122
2018-05-02,3293,169000,27168000,161.0,162.5,159.5,159.5,-0.5,154,160.07656664746364,160.69887980443372,161.14354464998434,160.4336077213092,168.65792082310554
2018-05-03,3293,484000,79173000,159.5,166.0,159.5,161.5,2.0,376,160.55104443164242,160.8445380218094,161.174540767377,160.46544032664323,168.6038987791576
2018-05-04,3293,458000,75209500,164.0,166.0,161.5,163.0,1.5,377,161.36736295442827,161.23644019966224,161.33327635282248,160.54109882435537,168.56160520346583
2018-05-07,3293,223000,36150000,163.5,165.0,160.5,161.5,-1.5,199,161.41157530295217,161.28436016336002,161.3477740612727,160.56972274004625,168.50831006985476
2018-05-08,3293,378000,60286000,160.0,160.5,158.0,159.0,-2.5,314,160.60771686863478,160.86902195184,161.14361979507507,160.52286534482099,168.43654923913888
2018-05-09,3293,324000,51289500,160.0,160.5,156.0,160.5,1.5,228,160.57181124575652,160.80192705150546,161.0876528563729,160.52218279721438,168.3766507543152
2018-05-10,3293,1629000,270301500,162.0,169.0,160.0,168.5,8.0,1168,163.21454083050435,162.20157667850447,161.7322047819057,160.76032659431246,168.37758169201848
2018-05-11,3293,1525000,257913000,171.5,172.0,167.0,169.0,0.5,1137,165.14302722033622,163.4376536460491,162.36418697478345,161.00628699448222,168.3822791886825
2018-05-14,3293,4118000,716992000,171.5,178.0,168.5,178.0,9.0,2657,169.42868481355748,166.0853529831311,163.72382289001968,161.5135620095723,168.45486576084338
2018-05-15,3293,2365000,424327000,180.0,184.0,175.5,177.0,-1.0,1827,171.95245654237166,168.06983425892543,164.87827307349622,161.97584374062984,168.51935734000682
2018-05-16,3293,1506000,268198000,177.0,181.0,175.0,177.5,0.5,1085,173.80163769491443,169.7844098482117,165.97581454536612,162.4392513901633,168.5871357751766
2018-05-17,3293,5258000,987330500,180.0,194.0,179.0,188.5,11.0,4119,178.70109179660963,173.18724442126413,167.9344393675082,163.21718418448677,168.7374215429111
2018-05-18,3293,2699000,508216500,191.0,193.0,185.0,186.0,-2.5,2165,181.13406119773975,175.51683634467065,169.50535768337704,163.8972682386812,168.867705153908
2018-05-21,3293,1683000,310721500,187.0,190.0,181.5,183.5,-2.5,1330,181.92270746515985,176.96832064563964,170.72228310221382,164.48242441066085,168.97813756784075
2018-05-22,3293,1432000,260440000,184.5,185.5,179.5,180.0,-3.5,1113,181.28180497677323,177.51953507370516,171.52904109332567,164.9456356222829,169.06132143525326
2018-05-23,3293,1232000,225965500,181.5,186.5,180.0,183.5,3.5,987,182.02120331784883,178.60689233303148,172.56999404173214,165.49949724549833,169.17029259423248
2018-05-24,3293,1187000,219495500,184.0,188.0,182.0,186.0,2.5,931,183.34746887856588,179.95109372702575,173.73782064679892,166.11145255160287,169.29730925389865
2018-05-25,3293,3333000,639777000,190.0,195.0,188.0,188.0,2.0,2654,184.89831258571058,181.4145312312029,174.97801015577292,166.76484202767443,169.4384616368881
2018-05-28,3293,3065000,596634000,191.5,198.0,191.0,194.5,6.5,2348,188.0988750571404,183.79370737098418,176.67557449005355,167.59275719102743,169.62760532264744
2018-05-29,3293,1465000,279051000,195.0,196.5,188.0,188.0,-6.5,1181,188.06591670476027,184.55848784898706,177.66030714309238,168.20192861816093,169.76626490511802
2018-05-30,3293,723000,134738000,185.5,189.0,184.5,188.0,0.0,585,188.04394446984017,185.1842173309894,178.55941086978,168.79291582358897,169.90387800017373
2018-05-31,3293,1246000,237502500,192.0,194.0,186.0,191.0,3.0,811,189.02929631322678,186.24163236171862,179.64120122892956,169.4558138587057,170.06309401526676
2018-06-01,3293,387000,73270000,191.5,191.5,188.0,188.5,-2.5,312,188.85286420881786,186.65224465958795,180.41153155684873,170.02429702710256,170.2022404755289
2018-06-04,3293,562000,105501500,189.5,191.0,186.5,188.0,-0.5,459,188.5685761392119,186.89729108511742,181.07139837799232,170.56088517554727,170.33656318892113
2018-06-05,3293,375000,70512500,189.0,189.5,186.5,188.5,0.5,327,188.54571742614127,187.18869270600516,181.71736373642779,171.09638114045632,170.47364573089155
2018-06-06,3293,1012000,194170500,190.0,194.0,189.0,192.5,4.0,855,189.8638116174275,188.15438494127696,182.65498428108623,171.7352951362636,170.63988236688482
2018-06-07,3293,1125000,209812000,189.5,189.5,185.0,185.0,-7.5,910,188.242541078285,187.58086040649934,182.85889869142656,172.1312564754796,170.74826061317248
2018-06-08,3293,808000,146674500,185.0,185.0,180.0,180.0,-5.0,656,185.49502738552334,186.20252215077218,182.61029880521556,172.3661443418832,170.81808506137494
2018-06-11,3293,674000,121701000,181.5,184.0,178.0,182.5,2.5,551,184.49668492368224,185.52933630517725,182.60070760476205,172.66864749585685,170.90625045713816
2018-06-12,3293,458000,84628000,184.5,186.5,182.5,184.0,1.5,406,184.33112328245483,185.2512751587814,182.72238520434797,173.00689682433872,171.00507120840504
2018-06-13,3293,430000,79044500,186.0,186.5,181.5,182.0,-2.0,380,183.55408218830323,184.66013422082113,182.65956909962208,173.27534766540325,171.0880518030586
2018-06-14,3293,323000,58583500,183.0,184.0,180.0,180.0,-2.0,299,182.3693881255355,183.81283708976275,182.42830222139406,173.47608355598823,171.1553117894506
2018-06-15,3293,246000,44360000,180.0,182.0,179.0,180.5,0.5,220,181.746258750357,183.21050307344225,182.2606237673598,173.68575270357067,171.22583773820946
2018-06-19,3293,393000,70003500,180.0,180.0,177.0,177.0,-3.5,332,180.16417250023798,182.08132069645276,181.80317822237197,173.78468545868796,171.26941632131732
2018-06-20,3293,600000,104522000,177.0,177.5,171.5,176.0,-1.0,476,178.77611500015865,180.97562602437046,181.29855402912224,173.85081425096593,171.305118839647
2018-06-21,3293,279000,49109000,177.5,178.0,174.5,175.0,-1.0,195,177.51741000010577,179.889148565394,180.75085367876378,173.8851183031759,171.33300473519685
2018-06-22,3293,246000,43267000,175.0,178.0,172.5,175.5,0.5,217,176.84494000007052,179.0911215535042,180.29425770669735,173.93332372696167,171.36445375606328
2018-06-25,3293,361000,62509000,175.0,176.0,172.0,172.5,-3.0,305,175.39662666671367,177.89273581650343,179.61649616698455,173.8905379440673,171.37302391639489
2018-06-26,3293,436000,75173000,171.5,177.0,170.0,176.0,3.5,347,175.59775111114246,177.54860203168462,179.30201823942068,173.9535069606623,171.40794449061076
2018-06-27,3293,655000,116380000,176.0,182.0,175.0,176.0,0.0,503,175.73183407409496,177.2670380259238,179.01488621860148,174.01459630512016,171.44260151332313
2018-06-28,3293,301000,52802500,175.0,178.0,173.5,175.0,-1.0,259,175.48788938272997,176.85484929393766,178.66576567785353,174.04401134078822,171.46944980378862
2018-06-29,3293,305000,54011000,176.0,178.0,175.5,178.0,3.0,239,176.32525958848666,177.06305851322173,178.6078730102141,174.16210055449602,171.51873697508077
2018-07-02,3293,413000,74594000,179.0,182.5,177.0,180.0,2.0,358,177.5501730589911,177.59704787445415,178.72892753106504,174.3363662095857,171.58274650734432
2018-07-03,3293,294000,52350000,181.0,181.0,176.0,176.0,-4.0,243,177.03344870599406,177.3066755336443,178.49162948488546,174.3860269197473,171.61608426955306
2018-07-04,3293,196000,34756000,176.5,179.0,176.5,176.5,0.5,179,176.8556324706627,177.16000725479986,178.31844431228672,174.4491305937847,171.65294401091492
2018-07-05,3293,543000,93767000,176.0,177.0,170.0,170.0,-6.5,411,174.57042164710847,175.85818775392715,177.59510132860962,174.31632072531352,171.64046896177595
2018-07-06,3293,982000,162089000,171.0,172.5,162.0,163.5,-6.5,779,170.88028109807232,173.6112445259404,176.36944034351313,173.99344547978177,171.57903146017765
2018-07-09,3293,389000,63792500,164.5,165.5,163.0,164.5,1.0,321,168.7535207320482,171.95465461213306,175.33731509625113,173.71005904754946,171.525604807648
2018-07-10,3293,572000,95287000,166.0,169.0,164.5,168.5,4.0,421,168.66901382136547,171.32653559174523,174.7427659574467,173.55453489687633,171.50277005438272
2018-07-11,3293,638000,108727500,167.0,174.0,166.0,170.0,1.5,521,169.1126758809103,171.085347302337,174.33035152636438,173.44842937756658,171.49142839359493
2018-07-12,3293,259000,43945500,170.0,172.0,168.0,170.0,0.0,219,169.40845058727353,170.88801142918481,173.953799219724,173.34549118719147,171.48017233024706
2018-07-13,3293,423000,73579000,175.0,176.0,173.0,173.0,3.0,364,170.605633724849,171.2720093511512,173.8708601571393,173.33517801742457,171.49164272775462
2018-07-16,3293,266000,46291500,173.0,176.0,171.5,175.5,2.5,237,172.23708914989933,172.04073492366916,174.0125244913011,173.39979956914323,171.5218944807527
2018-07-17,3293,574000,101990000,176.5,179.5,176.0,176.5,1.0,474,173.65805943326623,172.85151039209296,174.2288267094488,173.49234286558672,171.55946508844514
2018-07-18,3293,284000,49884500,177.0,178.0,174.0,174.5,-2.0,246,173.93870628884414,173.1512357753488,174.2524069955837,173.5224221830319,171.58165780475875
2018-07-19,3293,297000,51605000,175.0,176.0,170.5,174.5,0.0,235,174.12580419256275,173.39646563437628,174.27393682205468,173.55160361040407,171.60368302887377
2018-07-20,3293,255000,44626500,175.5,177.5,173.0,173.0,-1.5,213,173.75053612837516,173.3243809735806,174.1631597070934,173.53513783098902,171.6142212701653
2018-07-23,3293,173000,29634000,173.5,173.5,170.0,170.0,-3.0,137,172.50035741891676,172.7199480692932,173.80114581952006,173.42961132857144,171.60203846812632
2018-07-24,3293,115000,19753000,170.5,172.5,170.5,172.0,2.0,98,172.33357161261117,172.58904842033078,173.64452444390963,173.38693636353946,171.60504195138574
2018-07-25,3293,160000,27913000,176.0,176.0,173.0,174.0,2.0,139,172.88904774174077,172.84558507117973,173.67543536183052,173.40523677059798,171.62311710646964
2018-07-26,3293,70000,12157000,174.0,175.0,173.0,173.0,-1.0,65,172.9260318278272,172.8736605127834,173.61670185210613,173.39314015058014,171.6335086754774
2018-07-27,3293,117000,20258500,175.0,175.0,172.5,172.5,-0.5,104,172.78402121855146,172.80572223773189,173.51959734322733,173.36647925056283,171.6400482326436
2018-07-30,3293,308000,53264000,171.5,175.0,171.0,174.5,2.0,288,173.35601414570098,173.11377273996246,173.6048497481641,173.40031569084454,171.66163277428404
2018-07-31,3293,484000,83878000,173.5,175.0,171.5,172.5,-2.0,419,173.070676097134,173.00217769633292,173.5087758570194,173.37344059559544,171.66796007410076
2018-08-01,3293,216000,37312000,172.5,174.0,172.0,173.5,1.0,186,173.213784064756,173.0926908424542,173.50801273901772,173.37721848826422,171.68178679052264
2018-08-02,3293,158000,27227000,173.5,174.0,171.5,171.5,-2.0,136,172.64252270983732,172.80311068928071,173.33340293562486,173.3211821154802,171.68041481474512
2018-08-03,3293,160000,27463000,171.5,173.0,171.0,171.0,-0.5,135,172.09501513989156,172.47527238213877,173.13049833252705,173.25189309710768,171.6752796085961
2018-08-06,3293,528000,88609500,168.0,169.5,166.0,167.5,-3.5,441,170.56334342659437,171.57067740356808,172.64088978187252,173.0801947957015,171.64376806438028
2018-08-07,3293,180000,30370500,168.0,170.0,167.5,169.0,1.5,153,170.04222895106292,171.10328151201026,172.32429067040533,172.9583979361283,171.62381509785666
2018-08-08,3293,140000,23716000,169.0,170.0,169.0,169.0,0.0,122,169.69481930070862,170.72086669164474,172.03522191645703,172.84023680370657,171.60401271975962
2018-08-09,3293,110000,18560000,169.0,169.5,168.0,169.0,0.0,95,169.46321286713908,170.40798183861844,171.77128957589557,172.72560286926756,171.58435979357276
2018-08-10,3293,241000,41275000,170.0,172.5,169.0,171.0,2.0,203,169.9754752447594,170.51562150432417,171.70422091712203,172.67409233585659,171.57994953097975
2018-08-13,3293,391000,65602500,171.0,171.0,166.0,167.5,-3.5,318,169.1503168298396,169.96732668535614,171.3386364895462,172.51964181836834,171.54915745904782
2018-08-14,3293,178000,29786500,168.0,168.5,166.5,167.0,-0.5,167,168.4335445532264,169.42781274256413,170.96136375132477,172.35487639095436,171.51482419520596
2018-08-15,3293,940000,152980000,166.0,166.0,160.0,163.5,-3.5,746,166.78902970215094,168.35002860755247,170.31254951207913,172.09055172256765,171.45433495599687
2018-08-16,3293,441000,70757000,162.0,162.5,158.5,160.5,-3.0,360,164.69268646810062,166.92275067890657,169.45928433711572,171.74456510398355,171.37166072991388
2018-08-17,3293,290000,46893000,162.0,164.0,160.0,160.5,0.0,258,163.2951243120671,165.75497782819627,168.68021613388825,171.40890644416314,171.28961046025415
2018-08-20,3293,417000,66451000,161.5,162.0,158.0,159.0,-1.5,351,161.86341620804473,164.5268000412515,167.83845820920232,171.03849132642694,171.19685868319564
2018-08-21,3293,372000,59098000,158.0,161.0,158.0,159.0,0.0,325,160.90894413869648,163.52192730647852,167.0698966257934,170.67913337638433,171.10480691954888
2018-08-22,3293,352000,56678500,159.0,164.5,159.0,160.5,1.5,304,160.77262942579765,162.9724859780279,166.49860126702876,170.37527864873107,171.02477064091076
2018-08-23,3293,348000,55951500,160.5,162.0,160.0,161.0,0.5,225,160.84841961719843,162.613852163841,166.02046202641756,170.09541958458985,170.94911199456428
2018-08-24,3293,617000,99587500,162.5,163.5,160.0,161.0,0.0,419,160.89894641146563,162.3204244976881,165.5839001110769,169.82391452236328,170.87402435686946
2018-08-27,3293,684000,103487000,150.5,153.0,150.0,152.0,0.0,407,157.93263094097708,160.44398367992662,164.40269140576586,169.291857372442,170.73157889002516
2018-08-28,3293,222000,34098500,153.0,154.5,153.0,154.0,2.0,207,156.62175396065138,159.27235028357632,163.4981095443949,168.83538401804074,170.60530282293064
2018-08-29,3293,304000,46569500,154.5,154.5,151.5,153.0,-1.0,242,155.41450264043425,158.1319229592897,162.58523045357796,168.36268598765147,170.47243261294625
2018-08-30,3293,246000,37540000,153.0,154.0,152.0,152.0,-1.0,194,154.27633509362283,157.0170278757825,161.6647756315277,167.8742475999604,170.33301802718816
2018-08-31,3293,170000,25903500,151.5,153.5,151.5,152.0,0.0,127,153.5175567290819,156.1048409892766,160.82436035922095,167.40038946264815,170.19465562698298
2018-09-03,3293,150000,22681500,153.5,153.5,150.0,150.0,-2.0,128,152.34503781938793,154.9948699003172,159.88311163233217,166.88097485182283,170.04224313168498
2018-09-04,3293,123000,18544500,151.0,151.5,150.0,150.5,0.5,87,151.73002521292528,154.17762082753225,159.0671888816946,166.39199052788783,169.89475450427605
2018-09-05,3293,84000,12728000,152.5,152.5,151.0,151.0,0.5,78,151.4866834752835,153.59987158616275,158.36569419632986,165.93252812407027,169.75215258348905
2018-09-06,3293,190000,28576000,151.0,151.5,150.0,150.0,-1.0,146,150.99112231685567,152.9453494795877,157.63824252708378,165.45693026962041,169.60307973380233
2018-09-07,3293,528000,76345000,150.0,150.0,140.5,142.5,-7.5,445,148.16074821123712,151.04619502875357,156.3218736116852,164.77164876903473,169.39852818864156
2018-09-10,3293,478000,66560500,144.0,144.0,136.5,137.0,-5.5,367,144.44049880749142,148.492341387162,154.64171068892995,163.94264432816803,169.15401099476503
2018-09-11,3293,285000,39957000,137.5,143.0,137.5,141.5,4.5,249,143.4603325383276,147.2210065894962,153.49895323771864,163.27271464673018,168.94530147782342
2018-09-12,3293,221000,31381000,143.5,143.5,140.5,142.0,0.5,207,142.97355502555175,146.27173266413325,152.49904426052572,162.6377082393651,168.74194071195305
2018-09-13,3293,73000,10451000,142.5,143.5,142.5,143.5,1.5,73,143.14903668370115,145.76778127065447,151.71651867265393,162.06643336654824,168.55143549903264
2018-09-14,3293,177000,25744000,145.0,146.5,144.0,145.5,2.0,173,143.93269112246745,145.7190937668991,151.1759518315536,161.5719129675468,168.37746240092673
2018-09-17,3293,101000,14645000,145.0,146.0,144.0,144.5,-1.0,92,144.12179408164496,145.49744035473563,150.5954342809837,161.06230362523198,168.1972551375235
2018-09-18,3293,121000,17241000,143.0,144.5,141.5,141.5,-3.0,98,143.24786272109665,144.77063301751096,149.8045269522025,160.47835426328476,167.99576641950446
2018-09-19,3293,76000,10815000,143.0,144.0,141.0,142.0,0.5,75,142.8319084807311,144.2668815597817,149.12587243461968,159.9267615987091,167.79957195596103
2018-09-20,3293,113000,16062500,142.5,143.5,141.5,141.5,-0.5,105,142.38793898715406,143.76381218527592,148.46275309247883,159.376709013673,167.60108462044434
2018-09-21,3293,108000,15317000,141.5,143.0,141.0,142.0,0.5,101,142.25862599143605,143.4431190606803,147.90077456269807,158.8580012819216,167.40786888745984
2018-09-25,3293,106000,15140500,143.0,143.5,142.0,143.0,1.0,102,142.50575066095737,143.3625519587384,147.47462025289823,158.3846281093269,167.22365855623372
2018-09-26,3293,601000,90172000,144.0,156.0,144.0,151.0,8.0,524,145.3371671073049,144.75117887533142,147.7811750135158,158.16419144934702,167.10121585014895
2018-09-27,3293,611000,93086000,152.0,154.5,150.0,150.5,-0.5,527,147.05811140486995,145.79641907981662,148.0175945775579,157.93540961503814,166.9759236550535
2018-09-28,3293,160000,23896500,150.0,151.0,148.0,148.5,-2.0,134,147.53874093657996,146.28797924712268,148.05954287516155,157.6537555966788,166.8364827218078
2018-10-01,3293,169000,25259500,148.5,151.0,148.5,150.0,1.5,152,148.35916062438665,146.9628921112822,148.2282782773214,157.42528528036001,166.70941492768097
2018-10-02,3293,80000,11955000,150.5,150.5,148.5,149.0,-1.0,70,148.5727737495911,147.33327536377635,148.29538451407606,157.17378422721495,166.57575896596262
2018-10-03,3293,102000,15096500,150.5,150.5,147.0,147.0,-2.0,97,148.04851583306075,147.27267984308975,148.18274238241727,156.8700891756563,166.428017388861
2018-10-04,3293,44000,6479500,148.5,148.5,146.5,147.0,0.0,42,147.69901055537383,147.2231016898007,148.0798952187288,156.57545964802475,166.28139084253
2018-10-05,3293,569000,80887500,144.0,144.5,138.0,141.5,-5.5,478,145.63267370358255,146.18253774620058,147.50773041710022,156.1254459271882,166.0943614776807
2018-10-08,3293,232000,32478500,142.0,143.0,138.5,139.0,-2.5,183,143.42178246905505,144.87662179234593,146.76792777213498,155.6142385860781,165.88987573067934
2018-10-09,3293,180000,25165500,142.0,142.0,138.5,140.0,1.0,168,142.28118831270336,143.98996328464668,146.17941231368846,155.14814191186682,165.6944804421459
2018-10-11,3293,806000,104680000,135.0,135.0,126.0,129.0,-11.0,653,137.85412554180223,141.26451541471093,144.68555037336773,154.36760036225886,165.41754096711085
2018-10-12,3293,321000,41984000,126.5,133.5,126.5,132.5,3.5,254,136.06941702786816,139.67096715749076,143.62593729742272,153.71483617234068,165.16910669566096
2018-10-15,3293,238000,31798000,134.0,136.0,132.0,134.0,1.5,221,135.3796113519121,138.63988221976518,142.78889927155987,153.126333600032,164.93386815456162
2018-10-16,3293,142000,19269500,134.0,136.5,134.0,135.5,1.5,134,135.41974090127474,138.06899454344423,142.15508194359813,152.60017438809075,164.71172575339511
2018-10-17,3293,171000,23655500,137.5,139.5,137.5,139.0,3.5,160,136.61316060084982,138.238268262818,141.8807269919809,152.19419903322236,164.51767499299214
2018-10-18,3293,136000,19037000,140.5,141.5,138.0,138.0,-1.0,126,137.07544040056655,138.19494676048745,141.5432724709391,151.77049159939483,164.31754159681861
2018-10-19,3293,143000,19536000,136.5,139.0,134.5,139.0,1.0,123,137.71696026704436,138.34132007676246,141.32211834303135,151.3892828949353,164.12646581118224
2018-10-22,3293,44000,6108500,136.5,140.0,136.5,139.5,0.5,42,138.31130684469625,138.55198915371474,141.16367326972428,151.0343789279223,163.94060569185257
2018-10-23,3293,84000,11495500,136.5,139.0,136.0,136.0,-3.5,81,137.5408712297975,138.08799112576662,140.71465820279172,150.58559149723806,163.729733196065
2018-10-24,3293,120000,16404500,135.5,138.0,135.0,138.0,2.0,112,137.69391415319834,138.0719927392636,140.47860096776637,150.20990219881304,163.53554653043435
2018-10-25,3293,179000,24067000,134.5,136.5,133.0,133.5,-4.5,171,136.29594276879888,137.24072133212476,139.87176610100408,149.7110991481022,163.30886316039334
2018-10-26,3293,170000,22851000,134.5,135.5,133.0,133.5,0.0,134,135.36396184586593,136.56059018082937,139.31769948352547,149.22718574069614,163.08389060823944
2018-10-29,3293,76000,10093000,134.5,134.5,131.0,133.0,-0.5,74,134.57597456391062,135.9132101479513,138.768334311045,148.74279213649626,162.85684237723387
2018-10-30,3293,79000,10538000,133.0,134.5,131.0,133.0,0.0,79,134.05064970927376,135.3835355755965,138.26674002312805,148.2728580428695,162.63150771778305
2018-10-31,3293,178000,24311500,134.5,138.0,134.5,137.5,4.5,148,135.20043313951584,135.76834728912442,138.20006697763864,147.95128019084353,162.4418359614224
2018-11-01,3293,132000,18420000,139.0,141.0,137.0,140.5,3.0,119,136.9669554263439,136.6286477820109,138.40006115349615,147.72885391648998,162.2762371994494
2018-11-02,3293,133000,18612500,142.5,142.5,138.0,140.0,-0.5,123,137.97797028422926,137.24162091255437,138.53918627058346,147.49814185928133,162.1081146545479
2018-11-05,3293,48000,6704000,140.0,141.0,139.0,140.0,0.0,48,138.65198018948618,137.74314438299902,138.66621355140228,147.27431672915353,161.94126095904187
2018-11-06,3293,556000,80998500,143.5,148.0,143.0,144.0,4.0,472,140.43465345965745,138.880754495181,139.13002106867165,147.17657593126836,161.80585521595475
2018-11-07,3293,232000,34026500,146.0,149.0,145.5,146.5,2.5,200,142.45643563977163,140.26607185969354,139.77088880183064,147.1563796348126,161.69033932753246
2018-11-08,3293,183000,26903000,149.0,149.5,145.0,145.0,-1.5,172,143.30429042651443,141.12678606702198,140.2255941234106,147.0920100934749,161.564374502419
2018-11-09,3293,99000,14295500,145.5,145.5,143.0,145.0,0.0,96,143.86952695100962,141.8310067821089,140.64075985180966,147.0295620309831,161.43936035523095
2018-11-12,3293,63000,9077500,145.0,145.0,143.5,143.5,-1.5,57,143.74635130067307,142.13446009445272,140.88938942991317,146.92420197035673,161.30396895632353
2018-11-13,3293,75000,10635000,140.5,143.0,140.5,143.0,-0.5,68,143.49756753378205,142.2918309863704,141.07292078383375,146.80706161303266,161.165825794389
2018-11-14,3293,103000,14776000,145.5,146.0,141.0,142.0,-1.0,92,142.9983783558547,142.23877080703033,141.1535363678482,146.66356723652422,161.02117805254457
2018-11-15,3293,126000,17910500,142.0,144.0,141.0,144.0,2.0,105,143.33225223723647,142.55899429666118,141.40105494455705,146.58405776677722,160.8927163313933
2018-11-16,3293,212000,30892500,145.5,148.5,143.5,143.5,-0.5,193,143.38816815815764,142.7300862427228,141.5835719058999,146.49199634090328,160.76145054776015
2018-11-19,3293,59000,8505500,144.5,145.5,143.5,144.0,0.5,52,143.59211210543842,142.96097965313683,141.79369608799556,146.41760839042857,160.63494903419215
2018-11-20,3293,56000,8009000,143.0,144.0,142.5,143.0,-1.0,49,143.3947414036256,142.96807426165742,141.89859208034378,146.31559022952024,160.5018550792171
2018-11-21,3293,51000,7273000,143.0,143.0,142.0,143.0,0.0,46,143.2631609357504,142.97387894135608,141.994366682053,146.216617386848,160.36976560692113
2018-11-22,3293,159000,22764500,142.5,145.5,141.5,144.0,1.0,146,143.50877395716694,143.16044640656406,142.16876957926578,146.1504497036585,160.24622020611417
2018-11-23,3293,166000,24030000,147.0,147.0,142.0,142.0,-2.0,157,143.00584930477797,142.94945615082514,142.15409396367747,146.02655568265376,160.10851288380388
2018-11-26,3293,74000,10582500,142.5,144.0,142.0,143.0,1.0,69,143.00389953651865,142.9586459415842,142.22765101031422,145.9362107369029,159.97939203185064
2018-11-27,3293,60000,8652000,143.0,145.0,143.0,145.0,2.0,54,143.6692663576791,143.3298012249325,142.46872483550428,145.90826414774162,159.86634001651592
2018-11-28,3293,427000,63403500,144.5,151.0,144.5,148.0,3.0,368,145.11284423845274,144.17892827494478,142.94970528459086,145.97070402392845,159.77678273337241
2018-11-29,3293,146000,21793000,150.0,151.0,148.0,148.0,0.0,139,146.07522949230182,144.8736685885912,143.38886134680035,146.03128002321418,159.68790135425263
2018-11-30,3293,115000,17132500,150.0,150.0,148.0,148.0,0.0,101,146.71681966153454,145.4420924815746,143.78982992533946,146.09004778371525,159.5996907779941
2018-12-03,3293,255000,38755500,149.5,153.5,149.5,151.5,3.5,216,148.3112131076897,146.5435302121974,144.46027949704907,146.25153889464912,159.5385610362734
2018-12-04,3293,111000,16679000,152.0,152.0,150.0,150.0,-1.5,101,148.87414207179313,147.17197926452513,144.94199432339263,146.36343325600288,159.466571896377
2018-12-05,3293,176000,26136500,148.0,151.5,146.5,150.0,0.0,148,149.2494280478621,147.6861648527933,145.3818209039672,146.47198748716698,159.39512607074397
2018-12-06,3293,356000,52943500,152.5,153.0,144.5,145.5,-4.5,303,147.99961869857472,147.28868033410362,145.39209734710047,146.44297293531125,159.29025719473836
2018-12-07,3293,123000,18225000,148.0,149.5,147.5,147.5,2.0,118,147.83307913238315,147.32710209153933,145.5753932299613,146.47452598201838,159.20127412157052
2018-12-10,3293,49000,7205000,146.0,148.0,146.0,146.5,-1.0,49,147.38871942158877,147.17671989307763,145.6557938186603,146.4752864004656,159.1054154489549
2018-12-11,3293,85000,12606000,148.0,149.0,147.5,148.0,1.5,77,147.59247961439252,147.32640718524533,145.85963783442898,146.52080023925765,159.02160099273635
2018-12-12,3293,273000,41071500,148.5,153.0,148.0,152.0,4.0,225,149.06165307626168,148.17615133338253,146.39358237056558,146.68435844107086,158.96860777769683
2018-12-13,3293,284000,42842500,152.0,153.0,149.5,149.5,-2.5,257,149.20776871750778,148.41685109094934,146.6637056426903,146.76840744282993,158.89714658692176
2018-12-14,3293,850000,130436000,153.0,155.0,151.5,151.5,2.0,736,149.97184581167184,148.97742361986764,147.08425297810854,146.90964901170068,158.84131906551104
2018-12-17,3293,144000,21671500,151.5,152.0,150.0,150.0,-1.5,132,149.98123054111457,149.16334659807353,147.33779619740343,147.00189829493348,158.77459212916756
2018-12-18,3293,154000,22839000,149.5,149.5,147.5,148.0,-2.0,138,149.32082036074306,148.95182903478744,147.39537913675966,147.03169237568173,158.693274452721
2018-12-19,3293,119000,17650000,149.5,149.5,147.5,148.0,0.0,107,148.88054690716203,148.77876921028064,147.44795486399795,147.06059708088526,158.61257049458726
2018-12-20,3293,233000,34277000,149.0,150.0,145.0,145.0,-3.0,207,147.58703127144136,148.0917202629569,147.2350892236503,146.99908672026183,158.50983411349603
2018-12-21,3293,139000,20275000,145.0,147.0,145.0,147.0,2.0,108,147.39135418096092,147.89322566969201,147.21464668246333,146.99911398234357,158.42296744094133
2018-12-22,3293,69000,10205000,147.5,148.5,147.0,148.0,1.0,57,147.5942361206406,147.91263918429345,147.2829382752926,147.0289911769005,158.34430353572668
2018-12-24,3293,71000,10472500,147.5,148.5,147.0,147.5,-0.5,65,147.56282408042708,147.83761387805828,147.30181320787585,147.04305114176913,158.26245973545704
2018-12-25,3293,99000,14476000,147.0,147.0,145.5,146.0,-1.5,88,147.04188272028472,147.50350226386587,147.1886120593649,147.01191528679095,158.16991286952907
2018-12-26,3293,70000,10253000,147.5,148.0,145.0,145.0,-1.0,59,146.36125514685648,147.04832003407208,146.99829796724623,146.95185811405094,158.07051730070245
2018-12-27,3293,83000,12131000,148.0,148.0,145.5,145.5,0.5,81,146.07417009790433,146.76680730060443,146.86801118748568,146.9085190658703,157.9756454720179
2018-12-28,3293,45000,6546500,145.5,146.0,145.0,145.0,-0.5,44,145.7161133986029,146.44556960958545,146.70557543205214,146.85154834748613,157.87771607222908
2019-01-02,3293,37000,5379000,145.5,146.5,144.5,145.0,0.0,36,145.47740893240191,146.182738771479,146.55726452491717,146.79627824756116,157.78052576225
2019-01-03,3293,45000,6520000,144.5,145.5,144.5,144.5,-0.5,44,145.1516059549346,145.87678626757372,146.37837195753306,146.72773262823097,157.68029537913867
2019-01-04,3293,96000,13658500,144.0,144.0,140.5,142.5,-2.0,87,144.26773730328975,145.26282512801487,146.0411222220954,146.60153165425393,157.5657271121263
2019-01-07,3293,129000,18660500,145.0,146.0,143.0,146.0,3.5,113,144.84515820219318,145.39685692292124,146.0375463766958,146.58357548547022,157.4784386056197
2019-01-08,3293,236000,35070000,149.0,150.0,147.5,148.5,2.5,189,146.06343880146213,145.96106475511738,146.25167277872225,146.6407821873965,157.41067680482254
2019-01-09,3293,155000,23249000,150.0,151.0,149.0,149.5,1.0,140,147.20895920097476,146.6045075269142,146.5341360153551,146.72613197284736,157.35097358365408
2019-01-10,3293,68000,10129500,148.5,150.5,148.0,149.0,-0.5,63,147.80597280064984,147.0400516129298,146.7485589705416,146.7940086303743,157.28794736792838
2019-01-11,3293,107000,16001500,149.0,150.0,148.5,149.5,0.5,103,148.37064853376657,147.4873149560335,146.98781471223364,146.87478449215416,157.22917040666098
2019-01-14,3293,104000,15544000,149.0,151.5,147.5,149.5,0.0,91,148.74709902251104,147.85325769130012,147.20626560682203,146.9531491341794,157.17083704510128
2019-01-15,3293,1198000,185725000,154.0,157.0,153.0,153.5,4.0,975,150.33139934834068,148.87993811106372,147.75354685840273,147.14857751823374,157.1431326145722
2019-01-16,3293,246000,37808000,153.5,155.0,152.5,154.0,0.5,223,151.55426623222712,149.81085845450667,148.2967166968025,147.35309759231632,157.11941085899053
2019-01-17,3293,251000,38922500,155.0,155.5,154.0,155.5,1.5,224,152.86951082148474,150.84524782641455,148.9230891579501,147.59628870896358,157.10718889024344
2019-01-18,3293,569000,89558500,156.0,160.0,155.5,155.5,0.0,486,153.7463405476565,151.69156640343007,149.49499444856315,147.83222038929304,157.0950591627699
2019-01-21,3293,281000,43514500,157.0,157.0,153.5,153.5,-2.0,234,153.664227031771,152.02037251189734,149.843255800862,148.00140784035892,157.06792664078674
2019-01-22,3293,133000,20494000,154.5,156.0,153.0,153.5,0.0,117,153.60948468784733,152.28939569155236,150.1612335573088,148.1655449197512,157.0409988925544
2019-01-23,3293,103000,15870500,153.5,155.0,153.5,154.0,0.5,86,153.7396564585649,152.60041465672467,150.49503933493412,148.33970775796757,157.01804795751625
2019-01-24,3293,347000,54220000,156.0,159.0,154.0,154.0,0.0,326,153.82643763904326,152.85488471913837,150.7998185232007,148.50867170549094,156.99527023708217
2019-01-25,3293,181000,27820000,154.0,155.0,153.0,153.5,-0.5,157,153.7176250926955,152.97217840656776,151.03461691248762,148.65766657995388,156.96889083906646
2019-01-28,3293,135000,20770000,154.0,155.0,153.0,153.5,0.0,103,153.64508339513034,153.06814596900998,151.24899805053218,148.8022138462239,156.94271053084708
2019-01-29,3293,153000,23604000,153.0,155.0,153.0,155.0,1.5,131,154.09672226342022,153.41939215646272,151.5751721330946,148.98722238812766,156.92804856457653
2019-01-30,3293,206000,31921500,155.0,156.0,154.0,154.0,-1.0,141,154.0644815089468,153.52495721892404,151.78602673021683,149.13685754072085,156.90595008484388
2019-02-11,3293,335000,51496500,155.0,156.0,152.0,153.5,-0.5,201,153.87632100596454,153.52041954275603,151.93506788411102,149.2671005992068,156.8802448011847
2019-02-12,3293,150000,23067500,153.5,155.0,153.0,154.0,0.5,125,153.91754733730968,153.60761598952766,152.11462719853614,149.40838117833496,156.85850710457197
2019-02-13,3293,347000,54210000,154.5,159.0,154.0,159.0,5.0,307,155.61169822487312,154.58804944597716,152.71335526822864,149.69469815808617,156.8746693151035
2019-02-14,3293,964000,157290500,164.0,167.0,160.5,160.5,1.5,839,157.24113214991542,155.66294954670857,153.3904548101218,150.01724448172538,156.9020303014046
2019-02-15,3293,405000,64238500,160.0,160.5,157.5,158.0,-2.5,371,157.4940880999436,156.08786781094338,153.79128482663296,150.25553569122613,156.9103168651676
2019-02-18,3293,278000,44749500,160.0,163.5,159.0,162.5,4.5,254,159.1627253999624,157.2537100271355,154.54856440692575,150.62104208850297,156.95250315297767
2019-02-19,3293,337000,54027500,162.5,162.5,159.0,159.5,-3.0,292,159.2751502666416,157.66212638583812,154.9791240237148,150.88608560824915,156.97172954427595
2019-02-20,3293,209000,33316500,160.0,160.5,158.5,159.5,0.0,182,159.35010017776105,157.99628522477664,155.37224367382655,151.14321738113722,156.99081083073423
2019-02-21,3293,380000,61616000,160.5,164.0,160.5,163.0,3.5,356,160.5667334518407,158.90605154754454,156.03552683262424,151.4971511906555,157.03616320182303
2019-02-22,3293,435000,71188500,166.0,166.0,162.0,163.0,0.0,392,161.37782230122713,159.65040581162734,156.64113319500476,151.84051981182995,157.08117329086588
2019-02-25,3293,636000,105399000,165.0,167.0,164.0,166.5,3.5,507,163.08521486748475,160.89578657314965,157.4984259606565,152.2781162353574,157.1522587754631
2019-02-26,3293,3909000,694261500,168.0,183.0,168.0,178.5,12.0,2789,168.22347657832316,164.0965526507588,159.32464979016464,153.06085903430196,157.31337380357283
2019-02-27,3293,7204000,1388798000,190.0,196.0,187.0,196.0,17.5,4920,177.48231771888211,169.89717944152994,162.5138106779764,154.3426244362631,157.60534834090436
2019-03-04,3293,6089000,1264309500,204.5,215.0,200.5,209.0,13.0,4597,187.98821181258808,177.0067831794336,166.55608801032628,155.97418788592688,157.99323250436922
2019-03-05,3293,1713000,354749500,209.0,209.0,205.0,209.0,0.0,1376,194.99214120839204,182.82373169226386,170.24686296595007,157.55704794903355,158.3781892401853
2019-03-06,3293,1503000,312006500,209.0,210.0,205.5,206.0,-3.0,1129,198.66142747226135,187.0375986573068,173.35583140369354,159.00310621921165,158.7375991327122
2019-03-07,3293,5078000,1040835500,210.0,216.5,196.5,200.0,-6.0,4100,199.1076183148409,189.39439890143285,175.67271562945933,160.22689409326503,159.04901347888043
2019-03-08,3293,2140000,427263000,201.5,204.5,195.0,202.5,2.5,1745,200.23841220989394,191.77723546480868,178.00552296602808,161.48877785167502,159.3769454526247
2019-03-11,3293,1004000,204459500,206.0,207.0,200.0,205.0,2.5,834,201.8256081399293,194.1813744712071,180.35286879506913,162.78762030386383,159.7212703926049
2019-03-12,3293,1700000,352432500,207.5,210.5,204.0,205.0,0.0,1387,202.88373875995288,196.148397294624,182.4960975954979,164.04769133956938,160.0629966537928
2019-03-13,3293,3269000,688209000,208.0,215.0,206.0,210.0,5.0,2592,205.2558258399686,198.66687051378327,184.88774128284592,165.4194020458509,160.4398796979151
2019-03-14,3293,5530000,1220825500,211.0,230.0,211.0,226.5,16.5,4260,212.33721722664572,203.72743951127723,188.50619856259846,167.24270347731803,160.93844664359122
2019-03-15,3293,4323000,967984500,227.0,235.0,214.5,221.0,-5.5,3504,215.2248114844305,206.86790505468136,191.33174651367685,168.84739889590554,161.39174138590374
2019-03-18,3293,1101000,240625000,221.0,223.5,216.0,217.0,-4.0,914,215.81654098962034,208.71010413564838,193.56376855596582,170.2847899736397,161.81142635657616
2019-03-19,3293,880000,193617500,222.0,222.0,217.0,222.0,5.0,770,217.87769399308021,211.12644883825777,196.03648433370793,171.82852758636687,162.26567974256426
2019-03-20,3293,1037000,226208000,224.0,224.0,215.5,216.5,-5.5,905,217.41846266205349,212.10345814039272,197.8159204786029,173.16200437483354,162.67499536714868
2019-03-21,3293,2293000,479305000,218.5,218.5,203.5,206.5,-10.0,1924,213.77897510803567,211.08464756941223,198.57105782828958,174.15716842334598,163.00575011909473
2019-03-22,3293,1667000,345062500,207.5,211.5,203.5,210.0,3.5,1409,212.51931673869043,210.8874389204282,199.56487888669918,175.2271036942909,163.36042370310156
2019-03-25,3293,851000,175365500,206.0,208.5,202.0,207.5,-2.5,695,210.84621115912697,210.2715409348958,200.25488941829056,176.19047373326728,163.693552580814
2019-03-26,3293,815000,170174500,208.5,211.5,206.5,210.5,3.0,703,210.730807439418,210.31307894673293,201.14576859930878,177.21463869645333,164.04680878775127
2019-03-27,3293,1207000,249663500,214.0,214.0,203.0,203.5,-7.0,1040,208.32053829294532,209.0743373200542,201.35048437328194,177.99927634730548,164.34456872142863
2019-03-28,3293,1455000,290682000,202.0,203.5,197.0,201.5,-2.0,1211,206.0470255286302,207.69718508004436,201.363485732127,178.7007904861919,164.62498707070085
2019-03-29,3293,727000,147941000,203.0,206.0,200.5,204.0,2.5,605,205.36468368575348,207.0249696109454,201.59274784237684,179.45599077018616,164.92215697960123
2019-04-01,3293,649000,131709000,205.0,206.0,200.5,203.5,-0.5,581,204.743122457169,206.38406604531895,201.7585958560832,180.17372238898656,165.21331051183066
2019-04-02,3293,666000,134812500,204.0,206.0,200.0,201.0,-2.5,588,203.495414971446,205.40514494617005,201.69263099903247,180.79540231767353,165.4833987343829
2019-04-03,3293,1138000,226125000,201.5,202.5,196.5,200.0,-1.0,942,202.33027664763065,204.4223913195937,201.54544569476877,181.3686738902803,165.74390138544416
2019-04-08,3293,3763000,808998500,207.0,220.0,207.0,220.0,20.0,2862,208.22018443175378,207.25468380694028,203.1501895473976,182.52184780400327,166.153381374988
2019-04-09,3293,3758000,837044500,221.5,229.5,217.0,223.5,3.5,2799,213.31345628783586,210.20837766022387,204.91973828240648,183.74507622776437,166.586186043856
2019-04-10,3293,4415000,1017539000,223.5,235.0,221.0,226.0,2.5,3617,217.54230419189057,213.07958172200136,206.75280451871896,185.0064172358908,167.03459218692123
2019-04-11,3293,7418000,1786798000,234.0,248.5,228.0,248.5,22.5,5568,227.86153612792705,219.51965777254657,210.3829954301347,186.9017480646702,167.64942545343504
2019-04-12,3293,7816000,2011536500,252.0,264.0,252.0,254.0,5.5,6319,236.57435741861804,225.78881090481082,214.17577843620995,188.90468095826213,168.3011279028431
2019-04-15,3293,2449000,628375000,256.0,262.5,251.0,257.0,3.0,2034,243.38290494574537,231.4635725584816,217.899623789583,190.93737704906027,168.97055335263295
2019-04-16,3293,4040000,1075572500,256.5,273.0,254.0,266.0,9.0,3459,250.9219366304969,237.74292300239404,222.08226519918446,193.17805236102862,169.7028510631791
2019-04-17,3293,2535000,679295500,269.5,276.0,261.0,266.0,0.0,2243,255.9479577536646,242.88057336559513,225.90119866012495,195.35184184278896,170.42962199855134
2019-04-18,3293,1588000,418670500,266.0,271.0,258.0,258.0,-8.0,1394,256.6319718357764,245.629560026396,228.69239877663583,197.22193611613855,171.09053051176983
2019-04-19,3293,1883000,478785500,260.0,263.0,250.5,252.5,-5.5,1657,255.25464789051762,246.87873093068765,230.76262496997185,198.8720275753583,171.70494160224703
2019-04-22,3293,976000,249807500,256.0,261.5,252.5,252.5,0.0,872,254.33643192701174,247.9007798523808,232.65283149432213,200.47286257310878,172.31471562789045
2019-04-23,3293,1282000,330018000,256.5,260.5,253.0,256.5,4.0,1099,255.0576212846745,249.46427442467518,234.7264983209028,202.14531443659808,172.95007626466108
2019-04-24,3293,1110000,287364500,259.0,264.5,254.5,254.5,-2.0,936,254.87174752311634,250.37986089291607,236.44593324951995,203.7081408713265,173.56554738719194
2019-04-25,3293,734000,185604000,254.5,255.0,250.0,254.5,0.0,668,254.74783168207756,251.12897709420406,238.01585209738778,205.22431577068988,174.17637344464708
2019-04-26,3293,1702000,429810500,254.5,261.0,245.0,245.0,-9.5,1385,251.49855445471837,250.0146176225306,238.6231693063106,206.41164962828122,174.7108913809139
2019-04-29,3293,1038000,255710500,248.0,251.0,240.5,248.0,3.0,880,250.33236963647892,249.64832350934321,239.43854588837053,207.6530929229594,175.26401672898245
2019-04-30,3293,652000,163505500,246.5,256.0,245.5,256.0,8.0,548,252.22157975765262,250.8031737803717,240.87867233286005,209.09628417899046,175.87334490461276
2019-05-02,3293,2182000,574241500,255.5,268.0,255.0,262.5,6.5,1875,255.64771983843508,252.92986945666777,242.75878778217657,210.69042494976685,176.52713098080437
2019-05-03,3293,1565000,411903000,260.5,267.0,258.0,266.0,3.5,1317,259.0984798922901,255.3062568281827,244.77976275763947,212.3414570408186,177.2023979167983
2019-05-06,3293,1983000,500338500,260.5,262.0,245.0,245.0,-21.0,1737,254.39898659486005,253.43239195033132,244.79891382219256,213.31633892019715,177.71407793252058
2019-05-07,3293,1097000,275703500,250.5,255.0,248.5,250.0,5.0,964,252.9326577299067,252.80832068663472,245.25118218548016,214.41137357929574,178.25963206133176
2019-05-08,3293,1220000,298053000,247.0,247.5,241.5,245.0,-5.0,1046,250.28843848660446,251.3886260163375,245.22934025630798,215.32446690528693,178.7633329514349
2019-05-09,3293,1482000,361213500,246.0,251.5,238.0,242.5,-2.5,1335,247.69229232440298,249.77251219518521,244.99200632097686,216.1356768484127,179.24436440085805
2019-05-10,3293,2141000,533324000,248.0,252.0,245.5,251.0,8.5,1807,248.794861549602,249.99569179606064,245.5144405539354,217.17640291263916,179.78591636764403
2019-05-13,3293,2123000,537814500,252.5,258.5,245.5,248.0,-3.0,1800,248.52990769973465,249.63283874223143,245.73057615794102,218.09651028838127,180.30073964034105
2019-05-14,3293,1543000,383107500,242.5,256.0,239.0,255.5,7.5,1367,250.8532717998231,250.69959533455298,246.5800912746418,219.2130323693251,180.86828122796112
2019-05-15,3293,3715000,991360000,259.0,271.5,257.5,267.0,11.5,3121,256.2355145332154,253.66330527372517,248.35573551162946,220.6395090150169,181.5183319356746
2019-05-16,3293,2090000,556410000,269.0,273.0,258.5,261.5,-5.5,1833,257.9903430221436,255.0881588603206,249.49871503235732,221.85922516382237,182.12196716634875
2019-05-17,3293,3117000,827141000,266.5,271.5,255.5,267.0,5.5,2620,260.9935620147624,257.25394815844413,251.02056589910887,223.20671097982768,182.76255609339518
2019-05-20,3293,4573000,1200950500,270.0,277.0,248.5,251.5,-15.5,3818,257.82904134317494,256.20777576599977,251.0622558209255,224.05128677147462,183.28132925495447
2019-05-21,3293,1939000,482592500,252.0,256.0,243.0,253.5,2.0,1672,256.3860275621166,255.71545289945436,251.27423357562762,224.93035283799776,183.81128148699256
2019-05-22,3293,1254000,316238000,254.0,257.5,247.0,247.0,-6.5,1101,253.25735170807775,254.13082509955356,250.90256109079044,225.58914827566946,184.28817747576997
2019-05-23,3293,1624000,399964000,245.0,251.0,241.0,250.5,3.5,1433,252.33823447205182,253.47067508145292,250.8675557785478,226.33275578982858,184.78788934387737
2019-05-24,3293,1420000,349551500,249.0,251.0,242.0,245.0,-5.5,1227,249.89215631470123,251.93055233937056,250.35733353693493,226.88998696028145,185.24232036769715
2019-05-27,3293,1371000,334829000,243.5,249.5,239.0,249.5,4.5,1172,249.76143754313415,251.4886337322123,250.28278279459278,227.56491272266112,185.7272839875636
2019-05-28,3293,779000,193030500,249.0,250.0,245.5,248.0,-1.5,663,249.17429169542277,250.85433668999187,250.08427994288905,228.1749153279548,186.1972667499216
2019-05-29,3293,1774000,452708000,245.5,264.0,244.0,263.0,15.0,1508,253.78286113028184,253.06263910999334,251.20738603481175,229.2144700942845,186.77691001973352
2019-05-30,3293,2527000,666372000,265.0,268.0,258.5,261.5,-1.5,2113,256.35524075352123,254.59670472635818,252.10239594482812,230.17821725564914,187.3408578686412
2019-05-31,3293,1599000,423616500,261.5,268.0,259.0,267.0,5.5,1420,259.9034938356808,256.8518493215658,253.39783977571264,231.27737494951037,187.94205894133069
2019-06-03,3293,2065000,554109500,266.5,271.5,261.0,270.0,3.0,1781,263.2689958904539,259.2424221721902,254.8415058821724,232.43327420474887,188.56136415686782
2019-06-04,3293,3070000,819923500,271.0,275.5,255.0,256.5,-13.5,2646,261.01266392696925,258.7437999590647,254.9857227619835,233.15168392998024,189.07410857832542
2019-06-05,3293,1147000,298466500,260.0,262.5,257.5,261.0,4.5,1048,261.0084426179795,259.15401814832563,255.50870339137626,233.98297694699576,189.61694549471542
2019-06-06,3293,5629000,1536942500,270.0,277.0,266.0,276.0,15.0,4423,266.0056284119863,262.21692393953913,257.290555270387,235.2372164411153,190.26889307588738
2019-06-10,3293,5627000,1637470000,284.5,299.5,279.0,297.0,21.0,4757,276.3370856079909,268.54111958689566,260.74355046426643,237.0808816219775,191.07441086399388
2019-06-11,3293,3619000,1081178000,297.0,305.0,291.5,300.5,3.5,3097,284.3913904053273,274.35182511655097,264.2006330325911,238.97398963326177,191.90026436690712
2019-06-12,3293,2827000,861589500,298.5,308.5,297.0,308.0,7.5,2375,292.26092693688486,280.4696750953599,268.0092736384527,241.03446755465694,192.7764887867795
2019-06-13,3293,3070000,950052500,307.5,315.5,302.0,304.0,-4.0,2645,296.17395129125657,284.74791598711266,271.1389020177177,242.91403568735376,193.61591151291702
2019-06-14,3293,1239000,377240500,304.0,307.0,302.0,306.0,2.0,1079,299.4493008608377,288.6119312621831,274.170301842264,244.7971988011641,194.46409331281953
2019-06-17,3293,1956000,606169000,305.5,315.0,302.0,310.0,4.0,1678,302.9662005738918,292.50067103269527,277.28592776902366,246.74355107575622,195.33606241989258
2019-06-18,3293,3314000,1035830500,311.0,320.0,303.0,303.0,-7.0,2856,302.9774670492612,294.4096399358416,279.52193404997814,248.42284805856946,196.1486204393651
2019-06-19,3293,3176000,996343000,308.5,320.0,306.0,320.0,17.0,2644,308.6516446995075,299.0624326747795,283.0417658717192,250.5594794598062,197.08334783227554
2019-06-20,3293,1407000,444916000,316.5,319.5,313.0,318.5,-1.5,1219,311.93442979967165,302.59653582481957,286.1250905785262,252.587554699812,197.99969992410743
2019-06-21,3293,2016000,625655500,315.0,317.5,305.0,305.0,-13.5,1705,309.6229531997811,303.033529311216,287.7663870499587,254.15210530578776,198.80724935864248
2019-06-24,3293,1224000,375980500,305.0,311.0,303.0,308.0,3.0,1061,309.08196879985405,303.936523981904,289.52583165431014,255.75950514740603,199.63134558989802
2019-06-25,3293,1086000,334736000,308.0,311.0,305.0,309.0,1.0,912,309.0546458665694,304.85715598519414,291.2192375974136,257.34877365046856,200.4567693967667
2019-06-26,3293,1371000,428638000,307.0,317.0,307.0,313.0,4.0,1169,310.3697639110463,306.3376730787952,293.11321693676894,259.010004287768,201.30615226924394
2019-06-27,3293,3938000,1228638000,318.0,322.0,306.0,306.0,-7.0,3322,308.9131759406975,306.27627797355973,294.23380676835427,260.4126907269391,202.0962945162685
2019-06-28,3293,2513000,757729500,305.0,307.5,297.5,299.0,-7.0,2093,305.608783960465,304.9533183420034,294.64825835371477,261.5645507052394,202.82764323690043
2019-07-01,3293,1307000,394849500,302.5,306.0,300.0,302.0,3.0,1078,304.4058559736433,304.41635137073007,295.28754023600044,262.77157904239647,203.57611385398042
2019-07-02,3293,2409000,708346000,302.0,303.0,290.0,295.0,-7.0,2057,301.27057064909553,302.7042874851428,295.2625367372178,263.73362145904133,204.26610544753527
2019-07-03,3293,3095000,931453500,293.0,308.5,291.0,307.0,12.0,2611,303.1803804327304,303.48532612420775,296.28318571659014,265.02515514683114,205.04145559510104
2019-07-04,3293,2786000,865639000,313.5,315.0,306.5,307.0,0.0,2315,304.4535869551536,304.12435773798813,297.2150826107997,266.27813559020933,205.8109540434399
2019-07-05,3293,2248000,705462000,311.5,317.0,310.5,311.5,4.5,1999,306.80239130343574,305.46538360380845,298.4572493402954,267.6280419905016,206.60860722047053
2019-07-08,3293,893000,277480500,310.0,313.0,308.5,310.0,-1.5,789,307.8682608689572,306.2898593122069,299.4609667889654,268.8928765579493,207.3889196188066
2019-07-09,3293,1187000,369744500,312.5,315.0,309.0,310.0,0.0,1052,308.57884057930477,306.9644303463511,300.37740445949015,270.1199548696523,208.16334286696656
2019-07-10,3293,2682000,821577000,313.0,314.5,301.0,303.5,-6.5,2221,306.8858937195365,306.33453391974183,300.648934506491,271.11637412727464,208.88286480759322
2019-07-11,3293,1318000,404954000,305.0,309.5,305.0,309.5,6.0,1156,307.757262479691,306.9100732070615,301.4185923754918,272.2621540040724,209.64223941281892
2019-07-12,3293,894000,277745500,310.5,313.0,307.0,312.0,2.5,781,309.171508319794,307.83551444214123,302.33871477762295,273.44835836215975,210.4147508134769
2019-07-15,3293,2317000,735957000,315.0,320.0,311.0,320.0,8.0,1952,312.78100554652934,310.04723908902463,303.8744787100036,274.83795960508036,211.2418092979035
2019-07-16,3293,1662000,526251000,324.5,324.5,312.5,312.5,-7.5,1367,312.6873370310196,310.4931956182929,304.6245240395685,275.962199616869,212.00602205791932
2019-07-17,3293,933000,291353500,311.0,316.5,309.0,310.0,-2.5,835,311.7915580206797,310.4035236876942,305.09195673177993,276.978253359649,212.74559924993503
2019-07-18,3293,667000,205575500,310.5,312.0,306.5,307.0,-3.0,604,310.19437201378645,309.7847011990225,305.2578735377121,277.874424901152,213.45695321786005
2019-07-19,3293,547000,168941000,308.0,311.5,307.0,308.0,1.0,478,309.46291467585763,309.4602100719275,305.49631931704147,278.77369579962505,214.1704856464045
2019-07-22,3293,547000,168213500,307.5,310.0,304.0,309.0,1.0,481,309.30860978390507,309.37653551339525,305.8009872025161,279.6759735369497,214.88618009435618
2019-07-23,3293,1720000,540803500,311.0,319.5,307.5,307.5,-1.5,1433,308.7057398559367,309.0353472382325,305.9487274457756,280.5065414910706,215.58515232005914
2019-07-24,3293,1074000,327958500,309.0,309.5,303.5,306.0,-1.5,938,307.8038265706245,308.4834659221902,305.9531859287516,281.2675402525312,216.26752852896436
2019-07-25,3293,447000,136423000,308.0,308.0,304.0,304.5,-1.5,421,306.702551047083,307.7591993908829,305.82682193494713,281.96104651364965,216.9334339740288
2019-07-26,3293,679000,207030000,304.5,308.5,301.0,306.5,2.0,567,306.63503403138867,307.530254047086,305.8853591579952,282.6935525878691,217.60940805724366
2019-07-29,3293,489000,150558000,307.0,312.0,304.0,310.5,4.0,433,307.9233560209258,308.0702078567067,306.28663227469127,283.52359579420136,218.31046912850974
2019-07-30,3293,595000,183804500,310.5,312.0,305.5,305.5,-5.0,557,307.11557068061717,307.6028973373055,306.2182294681964,284.1796078600461,218.96850332376627
2019-07-31,3293,500000,153578000,306.0,310.5,303.5,309.5,4.0,460,307.9103804537448,307.94782509415904,306.503600818788,284.9354404612387,219.6517599024548
2019-08-01,3293,361000,111676500,307.5,311.0,306.5,311.0,1.5,337,308.94025363582983,308.5027659861301,306.8945920519369,285.7134870146346,220.3411805824363
2019-08-02,3293,495000,151964000,310.5,310.5,305.0,306.0,-5.0,438,307.9601690905532,308.04771762501554,306.816801438725,286.31905456643653,220.9876622384179
2019-08-05,3293,416000,127934500,307.0,312.0,305.0,306.0,0.0,371,307.30677939370213,307.67540532955815,306.745775226662,286.9065454749011,221.6292647875619
2019-08-06,3293,6082000,1984836500,314.0,336.5,308.0,336.5,30.5,4493,317.0378529291348,312.9162407241839,309.3330991199957,288.386947102516,222.49621373256144
2019-08-07,3293,7614000,2734744500,346.5,370.0,343.0,370.0,33.5,5579,334.6919019527565,323.29510604705956,314.6084818052135,290.8231576367692,223.60944985533456
2019-08-08,3293,2754000,1019296500,367.0,374.0,364.0,373.0,3.0,2369,347.46126796850433,332.3323594930487,319.6860051264993,293.27619770731343,224.73692570548297
2019-08-12,3293,4488000,1752313500,382.0,401.0,380.0,389.0,16.0,3746,361.30751197900287,342.63556685794896,325.7133090285428,296.13362464142347,225.9766470209133
2019-08-13,3293,1936000,758707000,389.0,396.5,385.0,395.0,6.0,1681,372.53834131933525,352.15637288377644,331.7382386782348,299.08485972675413,227.25229496792528
2019-08-14,3293,2731000,1086000500,400.5,410.5,385.0,392.5,-2.5,2407,379.1922275462235,359.4915778139989,337.02187009751873,301.87337137670175,228.49944745873339
2019-08-15,3293,1419000,536210500,389.0,389.0,372.5,373.0,-19.5,1076,377.12815169748234,361.94765457509,340.1504031325171,303.9965543206808,229.590017666592
2019-08-16,3293,1081000,417670500,385.0,394.0,377.0,394.0,21.0,854,382.7521011316549,367.77535374325544,344.8329767731678,306.683224340959,230.83084772193845
2019-08-19,3293,767000,301526000,397.5,398.0,388.0,394.0,0.0,636,386.5014007544366,372.54347124448174,349.10837009724014,309.28969525615423,232.06231302215025
2019-08-20,3293,847000,332369000,395.0,400.0,386.0,392.0,-2.0,702,388.3342671696244,376.08102192730325,352.8380770453062,311.758659576866,233.26938990500196
2019-08-21,3293,624000,238451500,392.0,392.0,377.5,383.0,-9.0,552,386.5561781130829,377.3390179405208,355.46085295441003,313.885266753676,234.39943224534156
2019-08-22,3293,806000,309367000,383.0,392.0,375.0,392.0,9.0,672,388.37078540872193,380.0046510422443,358.63817008880915,316.2170498356558,235.58887049254653
2019-08-23,3293,623000,243538000,393.0,394.0,385.5,394.0,2.0,508,390.2471902724813,382.5492599436544,361.713111820217,318.53892894503923,236.7844261869424
2019-08-26,3293,707000,270242500,379.0,387.0,379.0,381.0,0.0,576,387.16479351498754,382.26757631753543,363.3902325315025,320.4034385287694,237.87284561194662
2019-08-27,3293,893000,351709000,385.0,399.5,383.5,396.5,15.5,806,390.2765290099917,384.8552897143472,366.26934274615445,322.67497767716435,239.07003168279985
2019-08-28,3293,669000,264655000,401.0,401.0,391.0,396.5,0.0,576,392.3510193399945,386.9725097662841,368.8980955508367,324.87870968680124,240.2581823870806
2019-08-29,3293,1791000,685845500,391.5,391.5,377.0,383.5,-13.0,1596,389.4006795599963,386.3411443542324,370.16782637250304,326.6285989498818,241.33925270868755
2019-08-30,3293,1190000,453128500,386.0,389.0,377.5,378.0,-5.5,1063,385.60045303999755,384.8245726534629,370.84888494880715,328.16207360809426,242.3706545750371
2019-09-02,3293,898000,340299000,380.0,386.0,373.5,378.0,0.0,818,383.0669686933317,383.58374126192416,371.4707210402152,329.64977290337504,243.39427227635755
2019-09-03,3293,721000,275263000,381.5,384.5,378.0,384.5,6.5,639,383.54464579555446,383.75033375975613,372.60370181932694,331.2870931152146,244.45922116483788
2019-09-04,3293,5239000,2138786000,389.0,422.5,388.0,422.5,38.0,4137,396.52976386370295,390.79572762161865,376.9425103567768,334.00986645505895,245.80292515604665
2019-09-05,3293,6387000,2562909000,425.0,430.0,380.5,380.5,-42.0,5151,391.1865092424686,388.9237771449607,377.25185728227444,335.397631635505,246.81950685298216
2019-09-06,3293,3646000,1420502000,384.0,397.0,382.0,386.0,5.5,3195,389.4576728283124,388.3921813004224,378.01256534468536,336.9081500941466,247.86992566918607
2019-09-09,3293,2596000,990530500,392.0,394.0,374.0,384.0,-2.0,2224,387.6384485522083,387.5936028821638,378.53321183645187,338.3138769570079,248.89732245658845
2019-09-10,3293,1323000,500068500,382.0,382.0,375.0,375.0,-9.0,1168,383.42563236813885,385.30385690358855,378.2259760245865,339.408985107545,249.8490407776708
2019-09-11,3293,1179000,452162000,379.0,387.5,378.0,385.0,10.0,1054,383.95042157875923,385.2486101938452,378.8150215876659,340.7699109252302,250.86904801708462
2019-09-12,3293,723000,277943500,388.5,391.0,380.5,382.0,-3.0,680,383.30028105250614,384.65795379496427,379.0919762322167,342.00065985283527,251.85871557921985
2019-09-16,3293,671000,253699500,380.5,383.5,376.0,379.0,-3.0,618,381.8668540350041,383.6292349231526,379.08397829898047,343.105117767676,252.8182724427729
2019-09-17,3293,425000,161288500,379.0,383.0,377.0,380.5,1.5,397,381.4112360233361,383.060283118943,379.20711062080824,344.2213829089394,253.7819081224501
2019-09-18,3293,997000,382711000,381.0,387.5,381.0,381.0,0.5,888,381.2741573488907,382.6856861882261,379.3630140450858,345.31925207583674,254.74204466492216
2019-09-19,3293,516000,197748500,382.0,386.0,379.5,386.0,5.0,486,382.8494382325938,383.2882886994577,379.9401432585566,346.5336027601401,255.73267074292275
2019-09-20,3293,456000,175234500,388.5,388.5,381.0,381.0,-5.0,427,382.2329588217292,382.8722362086472,380.03230471433426,347.56245043894194,256.67808454863655
2019-09-23,3293,433000,166327500,381.0,387.5,380.5,381.0,0.0,392,381.8219725478195,382.5318296252568,380.1164521304791,348.5605862467347,257.61636315581666
2019-09-24,3293,2794000,1108288500,384.5,404.0,383.0,394.5,13.5,2478,386.0479816985463,384.70786060248287,381.3671954234809,349.93191203041425,258.64944720747087
2019-09-25,3293,1212000,473969000,394.5,399.5,386.0,388.5,-6.0,1087,386.8653211323642,385.39734049294054,381.98743929969993,351.0831982384616,259.62945137949
2019-09-26,3293,631000,245932500,394.5,394.5,386.5,389.0,0.5,591,387.5768807549095,386.0523694942241,382.5972271866825,352.21504306716423,260.6058328785127
2019-09-27,3293,544000,210432500,389.0,391.0,383.0,389.0,0.0,489,388.05125383660635,386.58830231345604,383.1539900400145,353.3131014830698,261.5748454605616
2019-10-01,3293,687000,270837500,389.0,398.0,389.0,396.0,7.0,629,390.7008358910709,388.29952007464584,384.27103438436103,354.58733725969455,262.5893749287838
2019-10-02,3293,5708000,2381480500,399.0,434.0,399.0,408.5,12.5,5015,396.6338905940473,391.9723346065284,386.37790095963396,356.19667047582305,263.6905871934722
2019-10-03,3293,2091000,866747000,408.0,424.0,407.0,416.0,7.5,1908,403.08926039603153,396.34100104170506,388.95373565879623,357.98184449147016,264.8400921957856
2019-10-04,3293,895000,370564000,415.0,421.5,410.5,414.5,-1.5,791,406.892840264021,399.6426372159405,391.1751499493357,359.6689536111278,265.9696009339306
2019-10-07,3293,1426000,583976500,417.5,421.5,403.0,407.0,-7.5,1246,406.928560176014,400.98033954031496,392.55122386678477,361.08182066751203,267.03398130424057
2019-10-08,3293,1897000,742662500,401.0,401.5,383.5,389.5,-17.5,1723,401.11904011734265,398.8930050784395,392.28590005228176,361.93012452818334,267.9582531434539
2019-10-09,3293,745000,290601500,394.0,394.5,387.0,387.5,-2.0,686,396.57936007822843,396.8215496096323,391.8697348303442,362.6934043930137,268.86045500652216
2019-10-14,3293,914000,355782500,394.0,397.5,385.5,386.0,-1.5,769,393.052906718819,394.8539951351537,391.35932310596644,363.38912366486403,269.7445270442088
2019-10-15,3293,734000,281619500,387.5,388.0,380.5,383.0,-3.0,667,389.70193781254596,392.6987232923985,390.6324254445781,363.97452295845017,270.59928533066756
2019-10-16,3293,546000,210024000,386.0,388.5,382.0,382.0,-1.0,478,387.13462520836396,390.7535008755988,389.8817797537452,364.512596899989,271.4400454413795
2019-10-17,3293,750000,290772500,383.0,389.5,383.0,389.5,7.5,650,387.92308347224264,390.5255916254899,389.8485815142891,365.25848952984006,272.3310639663502
2019-10-18,3293,541000,211645000,391.5,396.0,388.5,388.5,-1.0,480,388.1153889814951,390.15730223903716,389.7313135565248,365.95226596178514,273.2078106533966
2019-10-21,3293,248000,96384500,391.0,391.5,386.5,389.5,1.0,231,388.5769259876634,390.0377927410304,389.7111993342183,366.6551833957617,274.0854875541257
2019-10-22,3293,409000,158100000,390.0,390.0,385.5,385.5,-4.0,385,387.5512839917756,389.2127395153885,389.34500808776454,367.2177152346942,274.9263517990002
2019-10-23,3293,305000,117431500,386.0,387.5,383.5,383.5,-2.0,268,386.2008559945171,388.17405960349964,388.83674651491543,367.70375358589735,275.74577555900777
2019-10-24,3293,672000,256850000,385.5,386.0,380.0,386.0,2.5,582,386.1339039963447,387.77877603922695,388.5900729049228,368.24991019527357,276.5778829132794
2019-10-25,3293,230000,88740000,387.0,387.5,384.0,384.5,-1.5,206,385.58926933089646,387.1826349411857,388.23441439145125,368.73498750287735,277.3923894573301
2019-10-28,3293,521000,202701000,386.5,393.0,385.5,388.0,3.5,469,386.3928462205976,387.33124677006106,388.2140305313251,369.3100625027915,278.2271638765201
2019-10-29,3293,452000,173903000,386.5,389.0,382.0,382.0,-6.0,412,384.92856414706506,386.3619291755045,387.6736800503403,369.6888666071858,279.0103550925463
2019-10-30,3293,485000,187888000,383.0,389.0,383.0,388.5,6.5,436,386.11904276471006,386.7506693254128,387.74553395900637,370.25039297712055,279.8366920352441
2019-10-31,3293,970000,382467500,391.0,398.0,389.5,392.0,3.5,891,388.07936184314,387.70509308442865,388.11548752778845,370.89963497780354,280.68320756705356
2019-11-01,3293,1896000,767370000,393.0,411.0,393.0,406.5,14.5,1743,394.2195745620933,391.1223488872598,389.7141407862416,371.9623324411527,281.6327682646607
2019-11-04,3293,1253000,513413000,411.0,417.0,402.0,402.0,-4.5,1127,396.81304970806224,393.10010363503073,390.7824763700467,372.8589792339541,282.5412002022859
2019-11-05,3293,828000,330248500,406.0,408.0,393.0,396.0,-6.0,756,396.5420331387082,393.6273575195706,391.2361740769992,373.54975597323903,283.3974930309479
2019-11-06,3293,579000,231597000,398.0,405.0,394.0,405.0,9.0,535,399.36135542580547,395.6951106978305,392.4330285050862,374.48856922776923,284.31524780052564
2019-11-07,3293,2466000,1019765000,419.5,423.0,405.0,405.0,0.0,2252,401.2409036172036,397.3869087527704,393.5258086350787,375.3993582060448,285.22607611901225
2019-11-08,3293,1665000,653777000,405.0,407.0,387.0,389.0,-16.0,1487,397.1606024114691,395.8620162522667,393.1322600581153,375.80534751332704,286.00927554452915
2019-11-11,3293,837000,322345500,386.5,392.5,381.0,382.5,-6.5,726,392.2737349409794,393.4325587518546,392.2077157052357,376.00518788606354,286.73750742721194
2019-11-12,3293,711000,276876500,388.0,395.0,386.0,390.0,7.5,657,391.5158232939863,392.80845716060827,392.0157404265196,376.42294347155416,287.516846993799
2019-11-13,3293,626000,240699000,389.0,389.0,382.0,385.0,-5.0,574,389.34388219599083,391.3887376768613,391.40567604160486,376.67897500971674,288.2525689032798
2019-11-14,3293,398000,152490000,384.0,386.0,382.0,383.0,-2.0,389,387.2292547973272,389.8635126447047,390.674747690161,376.86766232285953,288.96764385495317
2019-11-15,3293,1730000,651072000,382.5,385.0,373.5,376.0,-7.0,1525,383.4861698648848,387.3428739820311,389.3986826736253,376.841761955013,289.6244918258592
2019-11-18,3293,2377000,854914500,377.0,377.0,352.0,356.5,-19.5,2132,374.4907799099232,381.7350787125709,386.53792765852745,376.23454518023647,290.1292126422678
2019-11-19,3293,1193000,428745000,352.5,366.5,352.5,361.0,4.5,1072,369.9938532732821,377.96506440119435,384.31723829691634,375.77978263754284,290.66408650911865
2019-11-20,3293,567000,203497500,361.5,363.5,355.5,359.5,-1.5,511,366.4959021821881,374.60777996461354,382.1592175754454,375.2938189767207,291.1836028373517
2019-11-21,3293,792000,287781000,360.0,366.0,355.0,366.0,6.5,688,366.3306014547921,373.04272906195655,380.75406822105884,375.01639154457973,291.74825489140943
2019-11-22,3293,404000,146982000,366.5,367.5,361.0,361.0,-5.0,354,364.55373430319474,370.85314195978265,379.0363231583581,374.59799179698035,292.27090957147425
2019-11-25,3293,275000,99408500,362.0,363.5,358.0,362.5,1.5,255,363.86915620212983,369.3343888761858,377.598382014153,374.2368577134884,292.8009404426329
2019-11-26,3293,1109000,413614000,364.5,378.5,363.5,377.0,14.5,987,368.24610413475324,370.7281363532429,377.546348795531,374.31933957278727,293.43640504306586
2019-11-27,3293,498000,186579500,380.0,380.5,371.5,373.0,-4.0,451,369.8307360898355,371.14120247083514,377.15101411765875,374.2799563019578,294.036885005005
2019-11-28,3293,294000,109186500,374.5,374.5,369.0,371.0,-2.0,271,370.220490726557,371.1155292943197,376.61614332481884,374.1820471586158,294.6177387030804
2019-11-29,3293,389000,144850500,371.0,376.5,369.5,370.0,-1.0,339,370.14699381770464,370.91270578626154,376.04082651396504,374.0572099300004,295.1866614298496
2019-12-02,3293,869000,311642500,371.0,373.0,350.0,358.0,-12.0,766,366.09799587846976,368.56494109785035,374.4720589910116,373.5778902305974,295.6607243624545
2019-12-03,3293,826000,291557500,358.0,358.0,350.0,353.0,-5.0,756,361.7319972523132,365.7349518073321,372.6049234265758,372.96362485057955,296.0934736125492
2019-12-04,3293,1793000,611489000,353.0,353.0,336.0,339.5,-13.5,1512,354.32133150154215,360.96496056963537,369.7262344329605,371.9647106759354,296.42107003811486
2019-12-05,3293,891000,305640500,342.5,346.0,340.0,343.0,3.5,796,350.54755433436145,357.69860410242893,367.40221404748564,371.100092446803,296.77260913216685
2019-12-06,3293,2650000,968576500,351.0,377.0,349.0,374.5,31.5,2233,358.5317028895743,360.7534033565328,368.01941282596516,371.2015822245104,297.3592309500373
2019-12-09,3293,803000,296295500,372.0,372.0,365.5,367.5,-7.0,733,361.52113525971623,361.98005729170865,367.9742464932725,371.09108723273397,297.88859524475396
2019-12-10,3293,2176000,819209000,380.0,386.0,368.5,373.5,6.0,1938,365.51409017314415,364.0745923295798,368.45474679820535,371.162995076533,298.4592473561143
2019-12-11,3293,720000,268836500,372.0,377.0,370.0,372.0,-1.5,651,367.67606011542944,365.5155755423835,368.7630296853179,371.187980298129,299.01427190437005
2019-12-12,3293,683000,253706500,374.5,377.0,367.0,367.5,-4.5,602,367.6173734102863,365.87637998922287,368.6532010170294,371.07789133400576,299.5311453239597
2019-12-13,3293,655000,240950000,371.0,373.5,361.0,361.5,-6.0,576,365.57824894019086,365.0806745366369,368.0311835372877,370.7919841300056,299.99883479321284
2019-12-16,3293,1148000,424039500,362.0,378.0,358.0,378.0,16.5,1023,369.7188326267939,367.4296428027029,368.8980371427409,371.0071487828412,300.58752283250936
2019-12-17,3293,1219000,464164500,375.0,384.5,375.0,381.5,3.5,1097,373.64588841786264,369.98788956584787,369.99385999989386,371.3203682221594,301.19818303754704
2019-12-18,3293,676000,256987000,383.5,384.5,376.5,378.0,-3.5,596,375.0972589452418,371.4446369175119,370.6900460868596,371.51976021552775,301.77781939198064
2019-12-19,3293,611000,227798500,379.5,379.5,370.0,370.0,-8.0,526,373.3981726301612,371.18197565978244,370.6300420793066,371.47439423894485,302.29270377392794
2019-12-20,3293,393000,146630500,371.0,377.0,370.5,371.5,1.5,358,372.7654484201075,371.2397982670947,370.7056905941495,371.4751585900211,302.8150229907285
2019-12-23,3293,189000,70494500,374.0,374.5,372.0,372.5,1.0,170,372.676965613405,371.4689258548957,370.86171749900603,371.505750870916,303.3409473455155
2019-12-24,3293,855000,324571500,375.5,385.0,374.0,380.0,7.5,773,375.11797707560333,373.02003024491466,371.65635075996204,371.7593105464111,303.91950623347384
2019-12-25,3293,1590000,615608000,380.0,393.0,376.0,387.0,7.0,1358,379.0786513837356,375.56184292765744,372.990581128661,372.2142565002496,304.5465288279382
2019-12-26,3293,554000,213196000,387.0,389.5,381.5,381.5,-5.5,491,379.88576758915707,376.64150784990153,373.73053059573397,372.49144287337646,305.1273097424443
2019-12-27,3293,430000,164062000,383.5,385.0,380.0,380.5,-1.0,378,380.0905117261047,377.3430518771922,374.3191801091484,372.73050428014136,305.69616023495416
2019-12-30,3293,539000,208298000,383.5,389.0,382.0,386.5,6.0,489,382.22700781740315,379.0079515358845,375.3783818387877,373.1415340031222,306.3060005350677
2019-12-31,3293,1535000,603020500,388.0,398.5,387.0,390.0,3.5,1303,384.8180052116021,381.0065058020873,376.6498268962844,373.6447717940738,306.93765336121817
2020-01-02,3293,1471000,585560500,396.0,406.5,393.0,393.0,3.0,1275,387.5453368077347,383.1871411107987,378.07158107921623,374.22253980022083,307.5871805056618
2020-01-03,3293,907000,353490500,399.0,399.0,383.5,385.5,-7.5,775,386.86355787182316,383.60766090883527,378.7175305505887,374.5591804031993,308.1752017848644
2020-01-06,3293,721000,280064000,386.0,392.5,380.0,386.0,0.5,646,386.5757052478821,384.0426316526834,379.350788763581,374.9006974060889,308.76255875252576
2020-01-07,3293,804000,313353000,389.0,393.0,385.0,391.0,5.0,725,388.05047016525475,385.30760771583186,380.36376365370444,375.3812736029221,309.383218686469
2020-01-08,3293,3243000,1300721000,400.5,405.0,393.0,405.0,14.0,2822,393.70031344350315,388.8880426765897,382.50604507512145,376.265414689402,310.1048547718541
2020-01-09,3293,6873000,2958750000,414.5,445.0,414.5,440.5,35.5,5779,409.30020896233543,398.27203491720974,387.5489976772848,378.18286499718107,311.0889690754627
2020-01-10,3293,6454000,2961496000,449.5,471.0,445.0,457.5,17.0,5264,425.36680597489027,409.0407558413534,393.63169353143394,380.550540668907,312.19395798810075
2020-01-13,3293,3110000,1431337500,458.0,474.0,448.5,457.5,0.0,2709,436.07787064992687,417.85152750656187,399.1854593113093,382.8475394549098,313.29060736177547
2020-01-14,3293,2270000,1057346000,460.0,471.0,458.0,469.5,12.0,1979,447.21858043328456,427.24215886900515,405.2997671972824,385.43418006819604,314.46954617413945
2020-01-15,3293,1804000,836302000,469.5,473.0,455.5,461.5,-8.0,1576,451.9790536221897,433.47085725645877,410.1867439627361,387.7048015586976,315.5792099765988
2020-01-16,3293,1002000,461165500,461.5,464.5,457.0,463.5,2.0,895,455.8193690814598,438.9307013916481,414.8226792703243,389.96734479575144,316.69559329753014
2020-01-17,3293,1107000,507810500,466.0,467.5,451.5,451.5,-12.0,931,454.37957938763986,441.2160284113484,418.01201150768736,391.8041404734902,317.712985046228
2020-01-20,3293,1264000,584248500,452.0,467.5,452.0,466.0,14.5,1120,458.25305292509324,445.72220506383053,422.1848800722363,394.0189422504009,318.832132328898
2020-01-30,3293,4879000,2377594000,470.0,502.0,467.0,485.0,19.0,4186,467.16870195006214,452.86362232495225,427.647064413781,396.7347947205382,320.0862294433969
2020-01-31,3293,2840000,1400577500,490.0,503.0,486.0,486.0,1.0,2471,473.4458013000414,458.88841826587003,432.7212327256261,399.399427713955,321.3384088438241
2020-02-03,3293,3501000,1631107500,486.5,499.0,443.0,455.5,-30.5,2988,467.46386753336094,458.27234221753,434.7019950973108,401.07407166279216,322.3509491544367
2020-02-04,3293,1661000,775598000,463.0,480.0,457.5,480.0,24.5,1477,471.64257835557396,462.2228254507064,438.64095204537074,403.43006952360435,323.5407533117617
2020-02-05,3293,2139000,1011051500,483.0,486.5,465.5,472.5,-7.5,1880,471.92838557038266,464.09140264148704,441.5852170849037,405.491858493049,324.66497404148424
2020-02-06,3293,1952000,929740000,473.0,485.0,463.0,485.0,12.5,1705,476.2855903802551,467.8929657975803,445.3604155992599,407.86523585146546,325.87504970909566
2020-02-07,3293,4946000,2452525000,500.0,508.0,481.5,481.5,-3.5,4349,478.0237269201701,470.36697201620206,448.502988155846,410.0632885126157,327.04957763581945
2020-02-10,3293,2259000,1102507500,482.0,498.5,475.0,498.5,17.0,1997,484.8491512801134,475.48206801325625,452.85055440316376,412.70319034806005,328.3435430876246
2020-02-11,3293,2360000,1160948000,498.5,500.0,487.0,491.0,-7.5,2065,486.89943418674227,478.3035101926642,456.1678974985408,415.04040854662543,329.57113898885007
2020-02-12,3293,2072000,1001589000,488.0,493.5,476.5,478.0,-13.0,1857,483.93295612449486,478.2483265212707,458.0663411943199,416.9197993362784,330.69135680780215
2020-02-13,3293,1163000,559998000,482.5,486.5,476.0,479.5,1.5,1051,482.4553040829966,478.4759035174033,459.9301376122051,418.7878650277328,331.8144409073659
2020-02-14,3293,2171000,1068597000,490.0,498.5,486.5,498.0,18.5,1844,487.63686938866437,482.0257392415118,463.2405604285351,421.15240637018854,333.0686715420273
2020-02-17,3293,4964000,2563862500,499.5,530.0,495.0,530.0,32.0,4113,501.7579129257762,490.74833210669146,469.04572908692336,424.4015882695859,334.5549457190686
2020-02-18,3293,2173000,1129419000,527.0,529.0,512.0,520.0,-10.0,1808,507.83860861718415,496.0668171782021,473.47653525327786,427.25527220183704,335.9545310343964
2020-02-19,3293,3290000,1765976000,520.0,550.0,516.0,547.0,27.0,2786,520.8924057447895,505.3273958730744,479.86988001386237,430.8297416883494,337.54732702658964
2020-02-20,3293,4502000,2502486000,545.0,574.0,540.0,555.0,8.0,3866,532.2616038298596,514.3587784416063,486.40293392570044,434.536316563324,339.18847927544556
2020-02-21,3293,3127000,1752895000,567.0,570.0,552.0,560.0,5.0,2679,541.5077358865731,522.6571823613143,492.8026788017265,438.2815011435233,340.8549813186497
2020-02-24,3293,4950000,2883706000,560.0,598.0,556.0,598.0,38.0,4150,560.3384905910488,536.355876477439,501.9502719494024,443.04921752729877,342.7956984407731
2020-02-25,3293,3354000,2032699000,596.0,615.0,592.0,610.0,12.0,3004,576.8923270606991,549.7457171179046,511.3459004755413,448.03282297424505,344.81233467895595
2020-02-26,3293,3595000,2237107000,605.0,630.0,601.0,630.0,20.0,3111,594.5948847071328,564.3374049146493,521.6636482602769,453.4646790048646,346.964694417228
2020-02-27,3293,4959000,3093696000,636.0,648.0,589.0,610.0,-20.0,4319,599.7299231380886,572.6396949301676,529.3450701506875,458.1373751539731,348.9498665348338
2020-03-02,3293,2681000,1594012000,604.0,606.0,585.0,597.0,-13.0,2377,598.8199487587257,577.0688413065008,535.2281075288886,462.2825281344515,350.82194301381617
2020-03-03,3293,2653000,1609976000,614.0,622.0,594.0,594.0,-3.0,2280,597.2132991724837,580.1472337962279,540.3387068742027,466.21439296625897,352.6572491042779
2020-03-04,3293,3018000,1751218000,594.0,594.0,563.0,582.0,-12.0,2647,592.1421994483225,580.4841003787319,543.9614280155763,469.67067974338556,354.3881377902834
2020-03-05,3293,3701000,2276417000,614.0,639.0,602.0,635.0,53.0,3138,606.4281329655483,590.3960821280534,551.8778255794392,474.60588333313524,356.5059631654511
2020-03-06,3293,2726000,1711198000,626.0,642.0,612.0,612.0,-23.0,2488,608.2854219770322,594.3240671956801,557.1058407464445,478.70720024856405,358.43422004722123
2020-03-09,3293,2921000,1781716000,602.0,629.0,590.0,590.0,-22.0,2560,602.1902813180214,593.5378731601019,559.9662024206667,482.0293733754726,360.1818863110158
2020-03-10,3293,2871000,1689862000,577.0,611.0,576.0,602.0,12.0,2506,602.1268542120143,595.076441676447,563.6213152536523,485.6105861105331,362.0069286784798
2020-03-11,3293,2880000,1731235000,609.0,617.0,580.0,581.0,-21.0,2552,595.0845694746762,592.5170886443657,565.1325052315956,488.4580313012635,363.659706575246
2020-03-12,3293,3985000,2168139000,579.0,579.0,523.0,524.0,-57.0,3466,571.3897129831174,580.059436163572,561.5557656462395,489.518985590778,364.8698219973196
2020-03-13,3293,6534000,3372176500,477.0,570.0,475.5,570.0,46.0,5713,570.9264753220783,578.2304477701953,562.2900468943926,491.9214039313518,366.4179742841323
2020-03-16,3293,5210000,2881492000,570.0,583.0,514.0,515.0,-55.0,4710,552.2843168813855,566.7340027210688,558.1778689035758,492.6103172468338,367.53934806312
2020-03-17,3293,6581000,3429578500,509.0,545.0,490.0,524.0,9.0,5906,542.856211254257,558.9641840445108,555.2058803032648,493.5473227021522,368.72018317207755
2020-03-18,3293,4435000,2323733500,539.0,547.0,497.0,497.5,-26.5,3972,527.7374741695047,547.7888778545997,550.1879776681983,493.66531306925214,369.6921063179487
2020-03-19,3293,6988000,3315250000,492.0,506.0,448.0,448.0,-49.5,6135,501.15831611300314,529.6454455173998,541.3020665666158,492.3021693955431,370.28310928913396
2020-03-20,3293,6337000,3004390000,469.5,489.5,452.0,474.5,26.5,5699,492.2722107420021,519.6190008778726,535.4931912129971,491.7707613538851,371.06965186053674
2020-03-23,3293,3514000,1633152500,453.0,491.0,436.0,466.5,-8.0,3180,483.6814738280014,509.9610007182594,529.4937832814321,491.01641026869453,371.7898809030987
2020-03-24,3293,4267000,2131929000,487.0,513.0,483.0,513.0,46.5,3832,493.45431588533427,510.5135460422122,528.0595412569597,491.67263682783795,372.8556176509999
2020-03-25,3293,5102000,2720643000,545.0,552.0,512.0,512.0,-1.0,4567,499.63621059022284,510.7838103981736,526.6630594085284,492.279423788201,373.9057639328791
2020-03-26,3293,3803000,1973701000,521.0,535.0,506.0,535.0,23.0,3493,511.4241403934819,515.186753962142,527.3880107643085,493.5546648691502,375.12156948810264
2020-03-27,3293,4108000,2218726000,547.0,552.0,525.0,540.0,5.0,3683,520.9494269289879,519.6982532417526,528.4847054804557,494.9410927835039,376.3659350014
2020-03-30,3293,3764000,2055326000,533.0,557.0,529.0,554.0,14.0,3390,531.9662846193253,525.9349344705248,530.7034267430247,496.70404523772766,377.7065694542196
2020-03-31,3293,3427000,1900294000,565.0,568.0,546.0,552.0,-2.0,3100,538.6441897462169,530.6740372940658,532.5553026784138,498.3546707530194,379.02199157154627
2020-04-01,3293,1826000,1015075000,554.0,563.0,547.0,560.0,8.0,1693,545.7627931641446,536.0060305133266,534.9417980976822,500.1948298350188,380.38786333327045
2020-04-06,3293,4511000,2653977000,568.0,611.0,560.0,604.0,44.0,3978,565.1751954427631,548.3685704199944,540.9468591326663,503.2934916309884,382.0755021005665
2020-04-07,3293,3744000,2288109000,617.0,629.0,592.0,600.0,-4.0,3396,576.7834636285087,557.7561030709045,546.0819148602606,506.18025307483947,383.7202152922603
2020-04-08,3293,3696000,2229048000,604.0,620.0,592.0,592.0,-8.0,3340,581.8556424190058,563.9822661489219,550.0747918289336,508.74203656514277,385.292138195715
2020-04-09,3293,2842000,1687264000,600.0,607.0,580.0,589.0,-3.0,2577,584.2370949460038,568.5309450309361,553.4595925394611,511.13779666767584,386.829556020653
2020-04-10,3293,3546000,2112043000,597.0,605.0,584.0,593.0,4.0,3150,587.1580632973358,572.9798641162205,556.8978888403776,513.5814445283422,388.38555937144054
2020-04-13,3293,1725000,1026367000,594.0,608.0,580.0,580.0,-13.0,1583,584.7720421982239,574.2562524587258,558.9067680716491,515.5640879752574,389.8317060931655
2020-04-14,3293,1208000,710909000,589.0,596.0,584.0,585.0,5.0,1129,584.8480281321492,576.2096611025938,561.175744761071,517.6368017670408,391.30467434906615
2020-04-15,3293,2068000,1229746000,594.0,607.0,585.0,585.0,0.0,1923,584.8986854214328,577.8079045384859,563.2474191296735,519.647643505338,392.7665258634128
2020-04-16,3293,1156000,680245000,585.0,594.0,583.0,587.0,2.0,1051,585.5991236142885,579.4791946223976,565.3128609444846,521.6581616096563,394.23243887576444
2020-04-17,3293,3743000,2134803000,600.0,602.0,545.0,547.0,-40.0,3399,572.7327490761924,573.5738865092344,563.7204382536598,522.4146343974278,395.3854016012304
2020-04-20,3293,1991000,1086744000,552.0,557.0,538.0,546.0,-1.0,1855,563.8218327174616,568.5604525984645,562.1795305794285,523.1186751616837,396.5221155514098
2020-04-21,3293,1640000,901702000,546.0,556.0,542.0,550.0,4.0,1499,559.2145551449744,565.1858248532891,561.120440963826,523.9211027687976,397.68043920762557
2020-04-22,3293,2415000,1362268000,555.0,577.0,547.0,577.0,27.0,2225,565.1430367633162,567.3338566981456,562.5012721843628,525.5055474622663,399.03379438341705
2020-04-23,3293,1664000,962484000,583.0,587.0,572.0,577.0,0.0,1544,569.0953578422108,569.0913372984828,563.762031124853,527.0426952992136,400.37693555788184
2020-04-24,3293,1008000,574462000,575.0,575.0,566.0,566.0,-11.0,952,568.0635718948072,568.529275971486,563.9566371139963,528.2055999171475,401.6269209498978
2020-04-27,3293,1117000,630634000,568.0,573.0,560.0,561.0,-5.0,1038,565.7090479298714,567.1603167039431,563.6995382345184,529.1845372330536,402.829736640842
2020-04-28,3293,2300000,1324003000,562.0,587.0,562.0,571.0,10.0,2098,567.4726986199142,567.8584409395897,564.3343609967342,530.4327600022161,404.0989461756281
2020-04-29,3293,1305000,749302000,572.0,578.0,568.0,578.0,7.0,1201,570.9817990799428,569.7023607687553,565.5226774318007,531.8526776140902,405.41140695920825
2020-04-30,3293,2762000,1562468000,583.0,584.0,553.0,558.0,-20.0,2532,566.6545327199618,567.5746588107997,564.8685315681658,532.6331947002368,406.56301898215764
2020-05-04,3293,3272000,1731639000,550.0,550.0,518.0,518.0,-40.0,2989,550.4363551466412,558.5610844815634,560.7930070839775,532.1963829181402,407.4040528011602
2020-05-05,3293,2331000,1222620000,525.0,533.0,513.0,530.0,12.0,2138,543.6242367644275,553.3681600303701,558.1153542940664,532.130819248942,408.32930523284955
2020-05-06,3293,1483000,773244000,528.0,532.0,516.0,520.0,-10.0,1336,535.749491176285,547.30122184303,554.8009756597997,531.7687052415108,409.1721029292054
2020-05-07,3293,1019000,530887000,524.0,527.0,518.0,521.0,1.0,954,530.8329941175233,542.5191815079337,551.8617603850346,531.4472513537045,410.0160870580416
2020-05-08,3293,2158000,1129499000,530.0,533.0,516.0,517.0,-4.0,1925,526.2219960783489,537.879330324673,548.830302960249,531.0159901192656,410.8235128160941
2020-05-11,3293,2962000,1502160500,520.0,522.0,498.5,505.0,-12.0,2631,519.1479973855659,531.9012702656415,545.0189722680534,530.2393933992875,411.5342787571047
2020-05-12,3293,2751000,1422437000,504.0,525.0,504.0,522.0,17.0,2569,520.0986649237105,530.1010393082522,543.017322505614,529.9934413575177,412.36798231365486
2020-05-13,3293,2100000,1108458000,522.0,534.0,517.0,531.0,9.0,1900,523.7324432824737,530.2644867067518,541.9723379399084,530.023487884159,413.2633182961933
2020-05-14,3293,2386000,1281844000,533.0,545.0,529.0,529.0,-2.0,2173,525.4882955216491,530.034580032797,540.8443085538294,529.9929360070199,414.1368026864107
2020-05-15,3293,1423000,759069000,540.0,542.0,526.0,531.0,2.0,1310,527.3255303477661,530.2101109359248,539.9882817230616,530.0229976187507,415.01878908123024
2020-05-18,3293,1366000,734606000,531.0,544.0,531.0,537.0,6.0,1222,530.5503535651774,531.4446362203022,539.7284311384476,530.2312663465491,415.93940199382473
2020-05-19,3293,1148000,620058000,548.0,548.0,534.0,536.0,-1.0,1041,532.3669023767849,532.2728841802473,539.4042197351043,530.4034673511297,416.84551971462605
2020-05-20,3293,903000,483263000,540.0,542.0,530.0,530.0,-6.0,811,531.5779349178566,531.8596325111114,538.5864614972692,530.3914235496035,417.69951579225153
2020-05-21,3293,1069000,562152000,535.0,537.0,521.0,522.0,-8.0,973,528.3852899452378,530.0669720545457,537.1441604975066,530.1409332943914,418.4866892579704
2020-05-22,3293,999000,524141000,525.0,532.0,520.0,521.0,-1.0,882,525.9235266301586,528.418431680992,535.7403204542452,529.8680696139618,419.2603746220612
2020-05-25,3293,938000,487525000,525.0,528.0,512.0,521.0,0.0,816,524.2823510867723,527.0696259208116,534.4585534582238,529.6033511180226,420.0282208513287
2020-05-26,3293,503000,263192000,528.0,528.0,520.0,521.0,0.0,455,523.1882340578483,525.9660575715732,533.2882444618565,529.3465346667383,420.7902720147149
2020-05-27,3293,581000,304053000,525.0,526.0,519.0,526.0,5.0,521,524.1254893718989,525.9722289221962,532.654484073869,529.2466381095222,421.5843076976227
2020-05-28,3293,6530000,3693495000,532.0,578.0,532.0,578.0,52.0,5174,542.0836595812659,535.4318236636151,536.5975724152717,530.7019623450589,422.76480348858405
2020-05-29,3293,5643000,3272439000,577.0,596.0,560.0,560.0,-18.0,4948,548.0557730541773,539.8987648156851,538.6325661182915,531.5765306332661,423.80054082074565
2020-06-01,3293,2028000,1166313000,566.0,583.0,566.0,577.0,17.0,1843,557.7038487027849,546.644443940106,541.968864716701,532.9324550919746,424.956763154174
2020-06-02,3293,1749000,1015317000,577.0,588.0,573.0,583.0,6.0,1586,566.1358991351899,553.254545041905,545.5367895239443,534.4270086713186,426.1495423001802
2020-06-03,3293,3304000,1957290000,590.0,604.0,581.0,581.0,-2.0,2815,571.0905994234599,558.2991732161041,548.6205469566448,535.8172472184434,427.3182249998015
2020-06-04,3293,3679000,2212881000,605.0,615.0,588.0,599.0,18.0,3064,580.3937329489733,565.6993235404489,553.0013689604149,537.7032995402809,428.61393650923696
2020-06-05,3293,1435000,858167000,600.0,604.0,591.0,601.0,2.0,1295,587.2624886326488,572.1176283512764,557.175162963857,539.5927532853472,429.9149634035069
2020-06-08,3293,1067000,639703000,603.0,608.0,595.0,595.0,-6.0,933,589.8416590884325,576.2780595601353,560.4642792278695,541.2467009484711,431.1608882080087
2020-06-09,3293,3836000,2360430000,611.0,627.0,606.0,606.0,11.0,3265,595.2277727256217,581.6820487310198,564.4239071210982,543.1796352485168,432.48042867436334
2020-06-10,3293,1366000,831368000,610.0,614.0,602.0,612.0,6.0,1191,600.8185151504144,587.194403507198,568.5609586757853,545.2339744948297,433.8352933636134
2020-06-11,3293,1564000,955414000,619.0,622.0,599.0,599.0,-13.0,1435,600.2123434336096,589.3408755967984,571.2078318344127,546.8389304800586,435.0818194514352
2020-06-12,3293,1230000,726483000,588.0,601.0,581.0,601.0,2.0,1092,600.4748956224064,591.4607163973805,573.7984551531594,548.4556788239374,436.3340321348206
2020-06-15,3293,1349000,823222000,603.0,617.0,602.0,609.0,8.0,1172,603.3165970816043,594.6496770524022,576.8594590528846,550.2629719933722,437.6371715149351
2020-06-16,3293,2221000,1379055000,619.0,630.0,611.0,630.0,21.0,1870,612.2110647210695,601.07700849742,581.4803756569817,552.6431817846147,439.08896644689787
2020-06-17,3293,2333000,1469730000,639.0,644.0,619.0,622.0,-8.0,2083,615.4740431473797,604.8811887706164,585.0038212520267,554.7135345671636,440.4694270774873
2020-06-18,3293,5972000,4000782000,637.0,684.0,636.0,684.0,62.0,4573,638.3160287649198,619.2664271759588,593.6121846214156,558.5728320427706,442.30739366558174
2020-06-19,3293,6007000,4341164000,708.0,744.0,700.0,727.0,43.0,5183,667.8773525099465,638.8543495076027,605.2111250891186,563.6005086982103,444.45601710961506
2020-06-22,3293,2951000,2177902000,734.0,750.0,721.0,740.0,13.0,2618,691.918235006631,657.2444677789476,616.9318968204996,568.8661651549802,446.6865377352029
2020-06-23,3293,2657000,1986838000,748.0,764.0,732.0,750.0,10.0,2378,711.278823337754,674.1091100009571,628.5030362274126,574.2731452996077,448.9756959409749
2020-06-24,3293,3859000,3001730000,757.0,798.0,755.0,782.0,32.0,3489,734.852548891836,693.7256354553285,641.8505982945941,580.4739469324552,451.48908691500526
2020-06-29,3293,2845000,2139090000,769.0,776.0,729.0,736.0,-46.0,2555,735.2350325945573,701.4118835543597,650.0375027907163,585.1165156807401,453.6363390892316
2020-06-30,3293,2459000,1828806000,751.0,768.0,727.0,733.0,-3.0,2211,734.4900217297048,707.155177453567,657.2516329828279,589.5309480484792,455.74474407723744
2020-07-01,3293,2447000,1830685000,739.0,758.0,736.0,750.0,17.0,2162,739.6600144864699,714.9451451892821,665.3167083756255,594.321069002256,457.9655384615602
2020-07-02,3293,6042000,4794726000,763.0,825.0,756.0,817.0,67.0,5125,765.4400096576466,733.5005733366854,678.5065598212233,600.9682012708454,460.6752325109069
2020-07-03,3293,4788000,3956233000,830.0,855.0,805.0,805.0,-12.0,4357,778.6266731050977,746.5004690936518,689.5059894019864,607.058702725447,463.2739100013906
2020-07-06,3293,3541000,2926758000,820.0,842.0,808.0,826.0,21.0,3110,794.4177820700651,760.9549292584423,701.3750338018137,613.5942638381202,466.0114653976065
2020-07-07,3293,2717000,2243568000,846.0,846.0,807.0,815.0,-11.0,2443,801.2785213800433,770.7813057569074,711.2554656451343,619.6063753653406,468.64534113045477
2020-07-08,3293,2211000,1834967000,812.0,842.0,812.0,831.0,16.0,1975,811.1856809200289,781.7301592556515,721.6680338499052,625.9166328171215,471.3800932728664
2020-07-09,3293,3667000,3069842000,840.0,865.0,812.0,818.0,-13.0,3294,813.4571206133526,788.324675754624,730.0447265586091,631.6504646733268,473.99609256892023
2020-07-10,3293,2752000,2247221000,827.0,833.0,790.0,805.0,-13.0,2403,810.6380804089017,791.3565528901469,736.5625764230779,636.8250776681529,476.4942352665133
2020-07-13,3293,2449000,2036873000,822.0,845.0,814.0,845.0,40.0,2269,822.0920536059344,801.1099069101201,745.9919176036798,643.0392544541781,479.27541084940754
2020-07-14,3293,2597000,2135556000,835.0,844.0,806.0,808.0,-37.0,2404,817.3947024039563,802.3626511082801,751.3839247685772,647.9634558137549,481.7563511448837
2020-07-15,3293,3430000,2702496000,821.0,825.0,760.0,780.0,-28.0,3022,804.9298016026376,798.2967145431383,753.872279136527,651.9048451924488,484.00724660794117
2020-07-16,3293,1947000,1516578000,786.0,798.0,766.0,767.0,-13.0,1746,792.2865344017583,792.6064028080222,755.0138200811768,655.3405214553608,486.14304097316426
2020-07-17,3293,3761000,2821279000,771.0,780.0,726.0,733.0,-34.0,3305,772.5243562678389,781.7688750247454,753.0995748567267,657.658714844753,488.00611236204605
2020-07-20,3293,2374000,1776154000,738.0,773.0,721.0,773.0,40.0,2214,772.6829041785593,780.1745341111554,754.8300466083157,661.1017382822231,490.15700962723815
2020-07-21,3293,4507000,3336593000,760.0,760.0,727.0,729.0,-44.0,4145,758.1219361190396,770.8700733636725,752.583955598897,663.1285520648433,491.95959823382503
2020-07-22,3293,3148000,2365466000,734.0,766.0,731.0,758.0,29.0,2843,758.0812907460264,768.530060024823,753.0549159816015,665.9605355852958,493.96745032262635
2020-07-23,3293,1645000,1228354000,758.0,759.0,736.0,751.0,-7.0,1539,755.7208604973509,765.3427763839461,752.8762276353754,668.4990270603616,495.9073186220782
2020-07-24,3293,1846000,1350752000,748.0,748.0,716.0,734.0,-17.0,1698,748.4805736649006,759.6440897686832,751.234816536647,670.4542799839329,497.70424451927005
2020-07-27,3293,1937000,1388495000,740.0,746.0,706.0,709.0,-25.0,1775,735.320382443267,750.4360734471045,747.56222379433,671.6048984918752,499.29892946629445
2020-07-28,3293,2917000,2102163000,715.0,740.0,695.0,715.0,6.0,2678,728.5469216288446,743.9931510021764,744.7307260730838,672.9002746562969,500.926862074096
2020-07-29,3293,1300000,944594000,722.0,736.0,718.0,722.0,7.0,1184,726.3646144192297,739.994396274508,742.7541411971634,674.3659380993926,502.59533858674433
2020-07-30,3293,1361000,994587000,724.0,747.0,712.0,745.0,23.0,1228,732.5764096128198,740.9045060427792,742.9494332669753,676.4744175591122,504.4248077294859
2020-07-31,3293,2118000,1593921000,747.0,764.0,736.0,750.0,5.0,1919,738.3842730752132,742.5582322168193,743.5625260263688,678.6692110648104,506.27820540699923
2020-08-03,3293,1795000,1348978000,744.0,765.0,732.0,750.0,0.0,1611,742.2561820501421,743.9112809046703,744.1223063719019,680.7984883464578,508.11761517751245
2020-08-04,3293,1375000,1049476000,755.0,769.0,755.0,763.0,13.0,1257,749.170788033428,747.3819571038212,745.7638449482582,683.2522648137277,510.04125581768216
2020-08-05,3293,814000,619307000,766.0,767.0,756.0,756.0,-7.0,769,751.4471920222853,748.9488739940355,746.6539453875401,685.4238389983925,511.8975482266053
2020-08-06,3293,2917000,2309065000,788.0,812.0,772.0,772.0,16.0,2578,758.2981280148568,753.1399878133018,748.8579501364497,688.0082020133659,513.8605855984799
2020-08-07,3293,1466000,1125152000,780.0,786.0,752.0,757.0,-15.0,1357,757.8654186765713,753.8418082108833,749.5659544724107,690.0676586696834,515.6956000467933
2020-08-10,3293,1059000,810942000,765.0,776.0,757.0,761.0,4.0,974,758.9102791177141,755.1432976270863,750.5602193008967,692.1850419929764,517.5469540087042
2020-08-11,3293,1174000,876706000,765.0,766.0,735.0,737.0,-24.0,1093,751.6068527451428,751.8445162403434,749.3810697964709,693.5228019334845,519.2032034124121
2020-08-12,3293,1995000,1472307000,732.0,761.0,714.0,761.0,24.0,1823,754.7379018300952,753.5091496511901,750.3914115532996,695.537046651888,521.028084896092
2020-08-13,3293,1338000,1001405000,764.0,768.0,733.0,733.0,-28.0,1242,747.4919345533968,749.7802133509738,748.8791148964909,696.655343766757,522.627872934612
2020-08-14,3293,739000,549400000,733.0,754.0,730.0,751.0,18.0,659,748.6612897022645,750.0019927417059,749.0635396881004,698.2775723110329,524.351436157747
2020-08-17,3293,856000,647527000,754.0,764.0,741.0,762.0,11.0,796,753.1075264681764,752.1834486068502,750.1884492804395,700.1797343315991,526.145010224481
2020-08-18,3293,2596000,2039103000,777.0,797.0,771.0,794.0,32.0,2353,766.7383509787843,759.7864579510592,753.99814934301,702.9803392769245,528.1665573171264
2020-08-19,3293,2408000,1962700000,806.0,833.0,795.0,810.0,16.0,2160,781.1589006525229,768.9161928690485,758.8678754870961,706.1749560149268,530.2936021675631
2020-08-20,3293,2797000,2206848000,817.0,827.0,750.0,761.0,-49.0,2533,774.4392671016819,767.476885074676,759.0532776186529,707.8115244920932,532.0347825285627
2020-08-21,3293,3052000,2528204000,806.0,837.0,804.0,837.0,76.0,2252,795.2928447344547,780.1174514247349,765.8312534779005,711.6678968953144,534.336406811366
2020-08-24,3293,4617000,3963133000,852.0,893.0,820.0,838.0,0.0,3929,809.5285631563031,790.6415511656921,772.1067966537353,715.4390044506781,536.6282075146764
2020-08-25,3293,4628000,4119353000,863.0,917.0,855.0,908.0,70.0,4183,842.3523754375354,811.9794509537481,783.9235969447149,721.1870938700608,539.4310134956977
2020-08-26,3293,4057000,3715698000,936.0,955.0,890.0,910.0,2.0,3752,864.9015836250236,829.8013689621575,794.8867624277831,726.8233000231934,542.2277605636547
2020-08-27,3293,2307000,2113115000,901.0,930.0,901.0,903.0,-7.0,2128,877.6010557500157,843.110210969038,804.2879135210194,732.0823059926503,544.9505699178912
2020-08-28,3293,2605000,2333553000,920.0,920.0,878.0,890.0,-13.0,2302,881.7340371666771,851.6356271564856,811.7411384322351,736.796267007795,547.5547165600203
2020-08-31,3293,1719000,1520482000,903.0,908.0,870.0,880.0,-10.0,1603,881.1560247777848,856.7927858553064,817.6766916120407,741.0710053060698,550.0637375671145
2020-09-01,3293,3717000,3414915000,882.0,953.0,880.0,953.0,73.0,3331,905.1040165185232,874.2850066088871,829.4439358196894,747.3972439536498,553.1047659628343
2020-09-02,3293,4133000,3936383000,980.0,995.0,920.0,924.0,-29.0,3771,911.4026776790155,883.3240963163622,837.6662022701512,752.6689680147349,555.9039752763224
2020-09-03,3293,2305000,2163191000,936.0,952.0,924.0,945.0,21.0,2119,922.6017851193436,894.5378969861146,846.9995759857902,758.410192850116,558.8405490478218
2020-09-04,3293,2104000,1936892000,918.0,935.0,907.0,920.0,-25.0,1925,921.7345234128958,899.1673702613665,853.3474389435476,763.2337691829483,561.5662807531213
2020-09-07,3293,4673000,4003648000,885.0,897.0,828.0,828.0,-92.0,4271,890.4896822752638,886.2278483956635,851.1433138180217,765.1670895058454,563.5771012757392
2020-09-08,3293,2351000,1953905000,834.0,850.0,810.0,815.0,-13.0,2159,865.3264548501759,873.2773305055429,848.0004169642807,766.6546390728352,565.4746325868657
2020-09-09,3293,2576000,2124060000,825.0,836.0,810.0,834.0,19.0,2372,854.8843032334506,866.1359976863532,846.7829894021694,768.664948354243,567.50123913338
2020-09-10,3293,2498000,2048336000,850.0,850.0,798.0,806.0,-28.0,2265,838.589535488967,855.202179925198,843.2366424976329,769.7794275078477,569.3012297814299
2020-09-11,3293,1935000,1567640000,806.0,825.0,794.0,825.0,19.0,1779,834.0596903259781,849.7108744842529,841.6508474978388,771.4278028061209,571.2310318208154
2020-09-14,3293,1763000,1442307000,830.0,831.0,804.0,815.0,-10.0,1627,827.7064602173187,843.3998063962069,839.3333824980267,772.7284654089233,573.0707976183941
2020-09-15,3293,1022000,841168000,815.0,832.0,815.0,818.0,3.0,971,824.4709734782125,838.7816597787148,837.4783057590679,774.0798545011942,574.9193199005194
2020-09-16,3293,1333000,1108921000,823.0,842.0,823.0,842.0,24.0,1219,830.3139823188084,839.3668125462212,837.8714965626272,776.1073215310092,576.9350231465532
2020-09-17,3293,1762000,1481259000,845.0,858.0,823.0,823.0,-19.0,1630,827.8759882125389,836.3910284469083,836.5783229484857,777.5071029778447,578.792117311485
2020-09-18,3293,672000,555743000,828.0,832.0,822.0,828.0,5.0,592,827.9173254750259,834.8653869111068,835.8323818225305,779.0143536352225,580.6729315204549
2020-09-21,3293,816000,668644000,825.0,833.0,807.0,813.0,-15.0,748,822.9448836500172,830.8898620181783,833.8469573162234,780.0288505416338,582.4263433580363
2020-09-22,3293,918000,747731000,815.0,827.0,803.0,812.0,-1.0,837,819.2965891000115,827.4553416512368,831.9472218974214,780.9832132120328,584.158974728919
2020-09-23,3293,739000,603217000,821.0,828.0,808.0,811.0,-1.0,675,816.5310594000076,824.4634613510119,830.1257243411239,781.8792366982407,585.870982466814
2020-09-24,3293,1767000,1389296000,803.0,805.0,773.0,780.0,-31.0,1615,804.3540396000051,816.3791956508279,825.7669657027653,781.8231400803827,587.3361071274418
2020-09-25,3293,1794000,1376895000,784.0,792.0,752.0,760.0,-20.0,1623,789.5693597333367,806.1284328052228,820.0480991199162,781.1717030630579,588.6392308472347
2020-09-28,3293,1137000,859370000,771.0,773.0,748.0,758.0,-2.0,1050,779.0462398222245,797.3778086588187,814.6526122399234,780.4800104343099,589.9174253314064
2020-09-29,3293,1254000,965068000,765.0,783.0,759.0,763.0,5.0,1200,773.6974932148163,791.127297993579,810.1610807407997,779.9582190780618,591.2237089138109
2020-09-30,3293,731000,558005000,765.0,771.0,755.0,771.0,8.0,692,772.7983288098775,787.4677892674737,806.7557693720345,779.6908095533436,592.5805111106878
2020-10-05,3293,795000,604824000,774.0,774.0,754.0,757.0,-14.0,723,767.532219206585,781.9281912188421,802.429180730988,779.0134719547362,593.821412913626
2020-10-06,3293,1825000,1424399000,762.0,794.0,758.0,790.0,33.0,1660,775.0214794710566,783.3957928154163,801.3483824065543,779.3414280157889,595.3020060237118
2020-10-07,3293,943000,741002000,787.0,790.0,781.0,789.0,-1.0,874,779.6809863140378,784.4147395762496,800.2746100233757,779.6297435974071,596.763877676363
2020-10-08,3293,3309000,2683581000,810.0,826.0,790.0,794.0,5.0,3048,784.4539908760252,786.1575141987497,799.7289917604734,780.0587064750964,598.2524521844659
2020-10-12,3293,2220000,1800796000,799.0,827.0,790.0,803.0,9.0,2003,790.6359939173501,789.2197843444316,800.0134272595626,780.7435212071831,599.7977166962813
2020-10-13,3293,1705000,1338941000,802.0,809.0,770.0,778.0,-25.0,1554,786.4239959449001,787.1798235545349,798.0992161935137,780.6616250517447,601.1426395891395
2020-10-14,3293,1432000,1110786000,770.0,791.0,768.0,768.0,-10.0,1311,780.2826639632667,783.6925829082559,795.4818930462517,780.2836660949763,602.4019404224291
2020-10-15,3293,862000,660949000,772.0,776.0,761.0,767.0,-1.0,794,775.8551093088445,780.6575678340275,793.0052066944037,779.8871387488576,603.6441899286749
2020-10-16,3293,943000,723263000,769.0,778.0,759.0,760.0,-7.0,865,770.570072872563,776.9016464096588,790.1351887209772,779.293492816056,604.8242337782698
2020-10-19,3293,1112000,839043000,765.0,770.0,748.0,751.0,-9.0,1008,764.0467152483753,772.1922561533572,786.7321288321966,778.4489109409498,605.9274471082451
2020-10-20,3293,710000,537029000,751.0,765.0,749.0,765.0,14.0,671,764.3644768322503,770.8845732163832,784.8423784989621,778.0474509128617,607.1279946772395
2020-10-21,3293,1052000,811619000,765.0,779.0,759.0,778.0,13.0,981,768.9096512215002,772.1782871770407,784.2473890642698,778.0460344677016,608.4175947174112
2020-10-22,3293,1135000,889077000,776.0,790.0,776.0,780.0,2.0,1022,772.6064341476668,773.6004167812151,783.8780508847681,778.1043617970239,609.7125562667138
2020-10-23,3293,588000,457661000,782.0,788.0,771.0,772.0,-8.0,544,772.4042894317779,773.3094319119033,782.8451768947882,777.9221420418888,610.9373671628141
2020-10-26,3293,447000,344334000,777.0,781.0,762.0,762.0,-10.0,420,768.9361929545186,771.2531715642845,781.0325528169806,777.4468542197429,612.0774625049816
2020-10-27,3293,662000,498995000,755.0,759.0,748.0,757.0,-5.0,599,764.957461969679,768.6616858253236,778.942765615504,776.8365003624372,613.1712175049439
2020-10-28,3293,368000,278363000,760.0,763.0,751.0,754.0,-3.0,358,761.3049746464527,765.9959247661739,776.7738294750253,776.154813784454,614.2340762407556
2020-10-29,3293,743000,548700000,740.0,743.0,731.0,743.0,-11.0,674,755.2033164309685,761.8148475359604,773.8369747380666,775.1651178505897,615.2058945332782
2020-10-30,3293,851000,640856000,745.0,762.0,744.0,752.0,9.0,788,754.1355442873123,760.0303298021495,771.9381073695391,774.4736217953482,616.2383028764233
2020-11-02,3293,452000,339119000,757.0,761.0,744.0,744.0,-8.0,426,750.7570295248748,757.1157243835769,769.5087067287096,773.5639614432482,617.2025420999975
2020-11-03,3293,368000,277823000,754.0,760.0,751.0,757.0,13.0,354,752.8380196832499,757.094683586563,768.4209931001262,773.069514833002,618.2576172539598
2020-11-04,3293,366000,277346000,763.0,763.0,752.0,760.0,3.0,351,755.2253464554999,757.6229229344606,767.6887328305501,772.6793800618676,619.3273710860053
2020-11-05,3293,1263000,979482000,772.0,784.0,768.0,775.0,15.0,1129,761.8168976369999,760.7823914918314,768.3244951931109,772.7486522988268,620.502258851394
2020-11-06,3293,875000,678814000,787.0,787.0,762.0,762.0,-13.0,787,761.8779317579999,761.003774856953,767.7745390893622,772.4277970063245,621.5701663317608
2020-11-09,3293,531000,408575000,768.0,774.0,764.0,774.0,12.0,487,765.9186211719999,763.3667248829615,768.3158835163741,772.4747284389715,622.7205801707663
2020-11-10,3293,3429000,2497221000,773.0,773.0,697.0,725.0,-49.0,3204,752.2790807813333,756.3909567224231,764.5492849497329,771.0575723661664,623.492500320421
2020-11-11,3293,2070000,1453587000,723.0,723.0,691.0,692.0,-33.0,1942,732.1860538542222,744.6835100456188,758.240651475843,768.6976448328479,624.0095380538518
2020-11-12,3293,2347000,1595797000,694.0,698.0,671.0,673.0,-19.0,2180,712.4573692361481,731.650144582779,750.8284209127263,765.8409987184345,624.3792773892944
2020-11-13,3293,1603000,1093803000,670.0,697.0,670.0,680.0,7.0,1518,701.638246157432,722.2592092040919,744.6694277898805,763.2785808462424,624.7990564278658
2020-11-16,3293,1105000,751887000,685.0,687.0,671.0,686.0,6.0,1027,696.4254974382881,715.6666257124389,739.5677384168474,760.9717575373994,625.2609503416178
2020-11-17,3293,912000,628194000,694.0,696.0,683.0,690.0,4.0,841,694.2836649588587,710.9999664919955,735.2575002936433,758.8531976109099,625.7495469428131
2020-11-18,3293,599000,411826000,687.0,696.0,682.0,685.0,-5.0,556,691.1891099725725,706.2726998570872,730.8872828768048,756.6486245478976,626.1967201734334
2020-11-19,3293,619000,426820000,688.0,696.0,683.0,688.0,3.0,573,690.1260733150483,702.9503907921622,727.1579539309956,754.599411874826,626.663160021181
2020-11-20,3293,1888000,1334725000,691.0,717.0,684.0,708.0,20.0,1724,696.0840488766988,703.8685015572237,725.4920448935178,753.2083846546819,627.2770229644174
2020-11-23,3293,1153000,810120000,712.0,714.0,696.0,699.0,-9.0,1036,697.0560325844659,702.9833194559103,723.1883888158206,751.5902239187213,627.8183284514784
2020-11-24,3293,842000,583575000,702.0,705.0,690.0,690.0,-9.0,776,694.7040217229772,700.6227159184721,720.302441962271,749.7517097718938,628.2876240858068
2020-11-25,3293,1042000,711427000,691.0,694.0,674.0,677.0,-13.0,918,688.8026811486515,696.327676660568,716.5370122264213,747.5800169428821,628.655264658744
2020-11-26,3293,1324000,923189000,682.0,706.0,680.0,706.0,29.0,1239,694.5351207657676,698.0862809041012,715.6207502936891,746.3388224072737,629.2389985103762
2020-11-27,3293,1099000,778757000,710.0,715.0,701.0,708.0,2.0,1026,699.0234138438451,699.8887752851737,714.9580763551074,745.1943799473551,629.833421163128
2020-11-30,3293,1025000,713285000,710.0,716.0,678.0,678.0,-30.0,901,692.0156092292301,695.9089979605966,711.744330585098,743.1885775608669,630.1969425128402
2020-12-01,3293,638000,438410000,686.0,693.0,681.0,688.0,10.0,596,690.6770728194867,694.4709983313973,709.6796061863939,741.5411573351694,630.6331920033093
2020-12-02,3293,391000,268127000,693.0,693.0,682.0,687.0,-1.0,373,689.4513818796578,693.112634998416,707.7074665180119,739.9130630863583,631.0586018749824
2020-12-03,3293,1004000,679899000,685.0,685.0,672.0,676.0,-11.0,873,684.9675879197719,690.0012468168858,704.9502955164456,738.0052104569148,631.3977822381901
2020-12-04,3293,1281000,854989000,675.0,678.0,660.0,672.0,-4.0,1173,680.6450586131813,686.7282928501793,702.085052428059,736.0349056671562,631.7042140703546
2020-12-07,3293,584000,387705000,665.0,669.0,661.0,662.0,-10.0,543,674.4300390754541,682.2322396046922,698.5993956951844,733.824908483062,631.932861511333
2020-12-08,3293,1930000,1341214000,672.0,713.0,670.0,696.0,34.0,1730,681.6200260503027,684.7354687674754,698.3733612869075,732.695806737299,632.4163870848324
2020-12-09,3293,1227000,838621000,695.0,696.0,675.0,683.0,-13.0,1141,682.0800173668684,684.4199289915707,697.0365472619591,731.2123498197677,632.7981502011733
2020-12-10,3293,881000,609394000,685.0,702.0,684.0,684.0,1.0,832,682.7200115779123,684.3435782658306,695.9029344565713,729.8030259445508,633.1845792562588
2020-12-11,3293,616000,421047000,686.0,696.0,675.0,678.0,-6.0,545,681.1466743852749,683.1902003993159,694.3461575473042,728.2566669611314,633.5228088467776
2020-12-14,3293,879000,608098000,681.0,699.0,675.0,695.0,17.0,762,685.7644495901833,685.3374366903494,694.403013412756,727.2639306339335,633.986787647934
2020-12-15,3293,1253000,871742000,701.0,712.0,680.0,680.0,-15.0,1170,683.8429663934555,684.3669936557404,693.1505774638207,725.8530670329205,634.3340571751194
2020-12-16,3293,687000,473236000,687.0,695.0,683.0,692.0,12.0,616,686.561977595637,685.7548129910604,693.0505272495755,724.842527718505,634.7692718379486
2020-12-17,3293,944000,645749000,685.0,697.0,676.0,683.0,-9.0,831,685.3746517304247,685.2539379017767,692.176568358308,723.5934970403407,635.1332773335113
2020-12-18,3293,949000,655975000,684.0,696.0,684.0,689.0,6.0,841,686.5831011536164,685.9350401014536,691.900345022803,722.5608553376439,635.5398186366546
2020-12-21,3293,594000,409886000,689.0,695.0,682.0,692.0,3.0,542,688.3887341024109,687.0377600830075,691.909010672994,721.6485909992068,635.9659332129817
2020-12-22,3293,727000,497608000,688.0,694.0,680.0,680.0,-12.0,669,685.5924894016073,685.7581673406424,690.8734445275162,720.4053494768424,636.2982657925063
2020-12-23,3293,397000,271585000,683.0,688.0,678.0,688.0,8.0,359,686.3949929344049,686.1657732787074,690.623579785993,719.438025611862,636.68846756011
2020-12-24,3293,1299000,909638000,691.0,705.0,689.0,702.0,14.0,1147,691.5966619562699,689.0447235916697,691.6128337176458,718.917487533896,637.1813847860714
2020-12-25,3293,1566000,1111968000,708.0,720.0,701.0,708.0,6.0,1418,697.0644413041799,692.4911374840934,693.03780469872,718.5915923836304,637.7158649008935
2020-12-28,3293,497000,351631000,713.0,713.0,704.0,706.0,-2.0,468,700.0429608694533,694.9472943051674,694.1649521162226,718.2157239542684,638.2312168639056
2020-12-29,3293,501000,353244000,708.0,711.0,700.0,704.0,-2.0,428,701.3619739129689,696.5932407951369,695.0201736713336,717.7913739854843,638.7275850385176
2020-12-30,3293,5649000,4260776000,705.0,774.0,705.0,772.0,68.0,4456,724.907982608646,710.3035606505666,701.7140716129568,719.4095419262161,639.7334145853968
2020-12-31,3293,3390000,2600597000,775.0,788.0,752.0,758.0,-14.0,3072,735.9386550724306,718.9756405322818,706.6085001683518,720.5614958985678,640.6259925885258
2021-01-04,3293,1591000,1229484000,776.0,780.0,764.0,779.0,21.0,1419,750.2924367149537,729.8891604355033,712.9034131971908,722.3059288568195,641.6703247199332
2021-01-05,3293,1268000,971546000,778.0,778.0,760.0,763.0,-16.0,1098,754.5282911433025,735.9093130835936,717.2596381365655,723.5206772491532,642.5860203824243
2021-01-06,3293,2199000,1668479000,767.0,784.0,732.0,742.0,-21.0,1875,750.352194095535,737.0167107047583,719.4109739507772,724.0722988238053,643.3363145682173
2021-01-07,3293,3003000,2319199000,775.0,787.0,756.0,769.0,27.0,2690,756.5681293970233,742.8318542129841,723.7230631724487,725.4134242320499,644.2847197412874
2021-01-08,3293,2218000,1731669000,775.0,794.0,766.0,785.0,16.0,2048,766.0454195980155,750.4987898106234,729.051492461801,727.1921279863171,645.3467218564475
2021-01-11,3293,2203000,1757348000,793.0,816.0,785.0,788.0,3.0,2016,773.3636130653437,757.3171916632373,734.1774496390357,729.0072883449345,646.4233503707385
2021-01-12,3293,1139000,890285000,794.0,794.0,773.0,780.0,-8.0,1030,775.5757420435624,761.4413386335577,738.1620192356413,730.5294588421007,647.4314760283178
2021-01-13,3293,979000,768701000,785.0,794.0,778.0,790.0,10.0,890,780.3838280290416,766.6338225183654,742.6696697368899,732.3046988766648,648.5074648884814
2021-01-14,3293,911000,715189000,790.0,799.0,776.0,776.0,-14.0,853,778.9225520193611,768.3367638786626,745.5679593249864,733.60903622363,649.4696727006439
2021-01-15,3293,1680000,1280683000,780.0,781.0,748.0,763.0,-13.0,1416,773.615034679574,767.3664431734512,747.0837889489006,734.4863784259097,650.3265053595069
2021-01-18,3293,1273000,988751000,766.0,786.0,758.0,774.0,11.0,1158,773.7433564530494,768.5725444146419,749.4243290403006,735.6658895176736,651.2598902247181
2021-01-19,3293,786000,608006000,777.0,782.0,770.0,770.0,-4.0,708,772.4955709686996,768.8320817937979,751.2135178194048,736.6907883380416,652.156041996607
2021-01-20,3293,2209000,1735555000,772.0,794.0,766.0,791.0,21.0,1951,778.663713979133,772.8626123767438,754.6732119220653,738.3119588354134,653.2039209249344
2021-01-21,3293,1422000,1123117000,797.0,798.0,781.0,789.0,-2.0,1297,782.1091426527554,775.7966828536994,757.6581500157988,739.8250346910727,654.2287969934255
2021-01-22,3293,3602000,2952911000,793.0,838.0,793.0,810.0,21.0,3160,791.406095101837,782.0154677893904,762.2096152318163,741.9198097749213,655.4044287142298
2021-01-25,3293,4106000,3485278000,826.0,870.0,825.0,856.0,46.0,3608,812.937396734558,795.4672009185922,770.3653008638323,745.3251885876102,656.9183575541224
2021-01-26,3293,2337000,1991646000,850.0,869.0,840.0,843.0,-13.0,2167,822.9582644897054,804.1095280243027,776.6813616582817,748.2408545999203,658.3227473084308
2021-01-27,3293,1581000,1345433000,855.0,865.0,842.0,843.0,0.0,1482,829.6388429931369,811.1805229289749,782.4481997749529,751.0694858058929,659.7165378947823
2021-01-28,3293,1426000,1173507000,826.0,842.0,808.0,808.0,-35.0,1307,822.425895328758,810.6022460327977,784.6700954466961,752.7689041400454,660.8356583635009
2021-01-29,3293,1701000,1355635000,820.0,827.0,773.0,776.0,-32.0,1519,806.9505968858386,804.310928572289,783.9161741035051,753.4623696881038,661.7048232060405
2021-02-01,3293,930000,725720000,784.0,792.0,769.0,777.0,1.0,877,796.9670645905591,799.3453051955091,783.3147676597221,754.1649855183097,662.5749754837308
2021-02-02,3293,1062000,849194000,785.0,811.0,783.0,805.0,28.0,948,799.6447097270394,800.3734315235984,785.2004400371376,755.6824486371661,663.6498813291366
2021-02-03,3293,1694000,1395266000,812.0,835.0,804.0,832.0,27.0,1581,810.4298064846929,806.1237167011259,789.26996699043,757.9605844987432,664.9204482625016
2021-02-04,3293,1602000,1312323000,830.0,842.0,806.0,806.0,-26.0,1505,808.9532043231286,806.1012227554667,790.7247524695231,759.3945969017658,665.9851995963695
2021-02-05,3293,1378000,1125201000,822.0,830.0,806.0,808.0,2.0,1219,808.6354695487524,806.4464549817454,792.2269479069558,760.845504456937,667.0570094107366
2021-02-17,3293,1149000,936004000,826.0,828.0,808.0,812.0,4.0,1021,809.7569796991683,807.4561904396099,793.9463437411335,762.3725043238941,668.1509187736744
2021-02-18,3293,2698000,2272648000,817.0,867.0,815.0,850.0,38.0,2381,823.1713197994455,815.191428541499,798.8205747201654,764.9882504634793,669.5233646697222
2021-02-19,3293,1397000,1161302000,842.0,849.0,823.0,828.0,-22.0,1279,824.780879866297,817.5202597157719,801.3579160488466,766.8691982108381,670.7194147476866
2021-02-22,3293,2092000,1787498000,840.0,878.0,835.0,855.0,27.0,1903,834.8539199108646,824.3347579492679,806.0224450880773,769.4999684134997,672.1102116175155
2021-02-23,3293,1458000,1245469000,850.0,869.0,839.0,846.0,-9.0,1331,838.5692799405764,828.2738928675828,809.4987542108532,771.7835514459325,673.4225873788927
2021-02-24,3293,1299000,1097903000,856.0,865.0,831.0,837.0,-9.0,1204,838.0461866270509,829.8604578007496,811.8901668881704,773.7303111042629,674.6571338892406
2021-02-25,3293,1448000,1234584000,850.0,861.0,838.0,859.0,22.0,1340,845.0307910847006,835.1585563824315,815.986674115286,776.2756749518968,676.0484008032842
2021-02-26,3293,1435000,1200391000,844.0,851.0,826.0,828.0,-31.0,1336,839.3538607231337,833.8570006765349,817.0313111487393,777.8196846548252,677.1952053255235
2021-03-02,3293,5072000,3900170000,830.0,836.0,746.0,746.0,-82.0,4609,808.2359071487558,817.8830005535285,810.854675396675,776.8698433218453,677.7144867947649
2021-03-03,3293,2289000,1706915000,750.0,757.0,724.0,753.0,7.0,2030,789.8239380991705,806.0860913619779,805.8238340578337,776.1573106853723,678.2826793472572
2021-03-04,3293,1836000,1348689000,737.0,750.0,727.0,735.0,-18.0,1661,771.5492920661137,793.1613474779818,799.665239791935,774.9287342470029,678.7107345974665
2021-03-05,3293,2545000,1918883000,753.0,770.0,741.0,748.0,13.0,2343,763.6995280440758,784.950193391076,795.1726102448102,774.1248914336595,679.2336724495611
2021-03-08,3293,923000,692171000,753.0,757.0,745.0,748.0,0.0,813,758.4663520293839,778.2319764108804,791.0706441365659,773.3450439281771,679.7526636008852
2021-03-09,3293,954000,717693000,750.0,762.0,746.0,752.0,4.0,875,756.3109013529225,773.4625261543567,787.6731968203428,772.7078784377837,680.2979265171049
2021-03-10,3293,965000,734939000,757.0,769.0,756.0,761.0,9.0,893,757.8739342352817,771.19661230811,785.3537884011826,772.3583895291931,680.906998769806
2021-03-11,3293,756000,577762000,765.0,771.0,761.0,762.0,1.0,717,759.2492894901878,769.5245009793628,783.3230241923841,772.0491838716052,681.5190214206
2021-03-12,3293,699000,533117000,768.0,771.0,754.0,754.0,-8.0,623,757.4995263267919,766.7018644376604,780.773196001742,771.5104022634977,682.0660476740294
2021-03-15,3293,581000,434828000,754.0,756.0,745.0,747.0,-7.0,527,753.9996842178613,763.1197072671768,777.8363963494166,770.7787484645872,682.5561152387537
2021-03-16,3293,677000,513065000,752.0,765.0,747.0,757.0,10.0,639,754.9997894785741,762.0070332185992,776.0245357972934,770.3674425402712,683.1179558784612
2021-03-17,3293,701000,528225000,757.0,763.0,749.0,750.0,-7.0,640,753.3331929857161,759.823936269763,773.7615326844852,769.7594591808602,683.6227260227747
2021-03-18,3293,1016000,757405000,755.0,758.0,741.0,744.0,-6.0,907,750.222128657144,756.9468569479878,771.1735733206169,768.9905201008345,684.0784035622255
2021-03-19,3293,1091000,799458000,742.0,742.0,729.0,730.0,-14.0,903,743.4814191047627,752.04742841199,767.5932625970851,767.8266239784215,684.4249816485483
2021-03-22,3293,865000,641391000,731.0,753.0,727.0,750.0,20.0,807,745.6542794031751,751.6751687007192,766.0634136755995,767.2944859492148,684.9198874474272
2021-03-23,3293,460000,341841000,750.0,752.0,739.0,740.0,-10.0,430,743.7695196021167,749.5524107551339,763.7970298777212,766.4797251746114,685.3355864100881
2021-03-24,3293,435000,322132000,738.0,746.0,735.0,744.0,4.0,394,743.8463464014111,748.5428815269278,762.0755490187889,765.808688602235,685.7783367013327
2021-03-25,3293,804000,591956000,742.0,749.0,731.0,731.0,-13.0,753,739.5642309342741,745.35326670385,759.3733273649812,764.7696232708249,686.1196322733981
2021-03-26,3293,1041000,774037000,745.0,754.0,738.0,739.0,8.0,949,739.3761539561827,744.1981273031499,757.6017336810697,764.0003807851286,686.5187293883158
2021-03-29,3293,1297000,978851000,745.0,766.0,745.0,750.0,11.0,1212,742.9174359707885,745.2530132480317,756.9407133609767,763.5824589706472,686.9978333174606
2021-03-30,3293,732000,550122000,755.0,757.0,745.0,753.0,3.0,695,746.2782906471923,746.6615562938441,756.5980426339353,763.2665646730159,687.4959628773288
2021-03-31,3293,653000,494173000,753.0,761.0,750.0,759.0,6.0,580,750.5188604314616,748.9049096949634,756.806908491854,763.1392045335228,688.0356159876886
2021-04-01,3293,578000,439965000,763.0,766.0,758.0,760.0,1.0,504,753.679240287641,750.9221988413337,757.084568622997,763.0454969355072,688.5787434141967
2021-04-06,3293,876000,672587000,766.0,773.0,763.0,768.0,8.0,778,758.4528268584273,754.0272535974549,758.0337365688234,763.1933925493727,689.1781491242782
2021-04-07,3293,753000,570722000,770.0,770.0,752.0,757.0,-11.0,688,757.9685512389516,754.5677529433722,757.943846432404,763.0085151598391,689.6900121497554
2021-04-08,3293,1339000,1031502000,774.0,776.0,764.0,770.0,13.0,1178,761.979034159301,757.3736160445773,758.992207612195,763.217216199844,690.2961252656063
2021-04-09,3293,1857000,1457125000,777.0,797.0,769.0,790.0,20.0,1671,771.3193561062006,763.3056858546541,761.6885373850477,764.0167022834307,691.0486073390734
2021-04-12,3293,1285000,1003915000,796.0,799.0,769.0,769.0,-21.0,1164,770.5462374041338,764.3410156992625,762.3243167428695,764.1654574391492,691.6369197365144
2021-04-13,3293,1241000,973670000,789.0,795.0,773.0,773.0,4.0,1152,771.3641582694225,765.9153764812147,763.2526370260982,764.4291751275329,692.2509807196351
2021-04-14,3293,1064000,812230000,779.0,783.0,750.0,760.0,-13.0,973,767.5761055129484,764.8398534846302,762.9697990238288,764.2969609446214,692.7622940726944
2021-04-15,3293,405000,309576000,760.0,773.0,756.0,769.0,9.0,370,768.0507370086323,765.596243760152,763.4941643261046,764.4373501701551,693.3376729853534
2021-04-16,3293,923000,722031000,768.0,790.0,768.0,786.0,17.0,844,774.0338246724215,769.3060176219425,765.451193515139,765.0810113591057,694.0370113024451
2021-04-19,3293,673000,529712000,793.0,796.0,782.0,786.0,0.0,605,778.0225497816143,772.3412871452257,767.238046252953,765.705458781222,694.731071594502
2021-04-20,3293,467000,365288000,786.0,788.0,777.0,778.0,-8.0,438,778.0150331877429,773.3701440279119,768.1738683179136,766.0724600116332,695.359516337185
2021-04-21,3293,643000,494438000,778.0,783.0,765.0,765.0,-13.0,620,773.6766887918286,771.8482996592006,767.8978797685298,766.0404462799427,695.8851048931308
2021-04-22,3293,597000,454138000,773.0,773.0,753.0,753.0,-12.0,553,766.7844591945524,768.4213360848005,766.6024119625707,765.6511792268101,696.3161607052581
2021-04-23,3293,430000,327811000,754.0,768.0,753.0,761.0,8.0,413,764.8563061297016,767.0720022512004,766.1152457049559,765.5123380558605,696.8043406244636
2021-04-26,3293,311000,237251000,765.0,771.0,760.0,761.0,0.0,288,763.5708707531344,765.9680018418912,765.6704417306119,765.3776413974766,697.2888361669205
2021-04-27,3293,270000,205769000,763.0,767.0,759.0,760.0,-1.0,256,762.3805805020896,764.8829105979111,765.1773598409934,765.2171147885967,697.7621279694343
2021-04-28,3293,355000,268622000,765.0,765.0,755.0,755.0,-5.0,335,759.9203870013931,763.0860177619272,764.2923720287331,764.9121262874446,698.1941119092877
2021-04-29,3293,773000,595954000,761.0,779.0,758.0,773.0,18.0,723,764.2802580009287,764.8885599870314,765.0495570697128,765.153555353491,698.758684649595
2021-05-03,3293,1505000,1180571000,778.0,794.0,767.0,782.0,9.0,1411,770.1868386672858,767.9997308984803,766.5235086288682,765.6564342981629,699.3869209918622
2021-05-04,3293,1514000,1149607000,793.0,794.0,731.0,748.0,-34.0,1411,762.7912257781906,764.3634161896657,764.912768748097,765.1293765579193,699.7538121541878
2021-05-05,3293,498000,371946000,752.0,756.0,743.0,743.0,-5.0,468,756.1941505187937,760.4791587006356,763.0073105960886,764.4687981532053,700.0801984775525
2021-05-06,3293,949000,696186000,746.0,751.0,719.0,723.0,-20.0,881,745.1294336791958,753.6647662096109,759.5284140225157,763.2309235814678,700.2531781116842
2021-05-07,3293,772000,577423000,739.0,757.0,736.0,755.0,32.0,673,748.4196224527972,753.9075359896816,759.134638890123,762.9852243700807,700.6663616731055
2021-05-10,3293,442000,330760000,754.0,755.0,742.0,749.0,-6.0,410,748.6130816351981,753.0152567188304,758.2533659431558,762.5677549858992,701.0311438491575
2021-05-11,3293,1484000,1111854000,740.0,774.0,721.0,730.0,-19.0,1332,742.4087210901321,748.830664588134,755.7965515133162,761.5955831952754,701.2497767257677
2021-05-12,3293,3696000,2792022000,730.0,778.0,720.0,759.0,29.0,3270,747.9391473934214,750.6796346630188,756.0751122512887,761.518103099894,701.68562746746
2021-05-13,3293,2267000,1687517000,765.0,772.0,725.0,742.0,-17.0,2018,745.9594315956143,749.1015192697427,754.8511894468288,760.9354731566136,701.9898868828
2021-05-14,3293,659000,490593000,746.0,755.0,735.0,737.0,-5.0,604,742.9729543970763,746.9012430388804,753.2989121036263,760.2209814205953,702.254114151609
2021-05-17,3293,4729000,3700597000,731.0,807.0,730.0,794.0,57.0,4066,759.9819695980508,755.4646533954476,756.8381371380935,761.2293103334133,702.9465359315968
2021-05-18,3293,3177000,2468822000,784.0,800.0,758.0,796.0,2.0,2847,771.9879797320339,762.8347164144571,760.2435165173897,762.2672413682368,703.6488262264527
2021-05-19,3293,2711000,2162335000,788.0,822.0,780.0,783.0,-13.0,2396,775.6586531546892,766.5011316118286,762.2223411680515,762.8861296856029,704.2477030096493
2021-05-20,3293,1937000,1543705000,785.0,809.0,785.0,787.0,4.0,1794,779.4391021031262,770.228198591496,764.3769201969166,763.6059467099133,704.8722486473123
2021-05-21,3293,3354000,2734412000,802.0,827.0,793.0,822.0,35.0,2980,793.6260680687508,779.6412533930422,769.387622788489,765.3490527782741,705.7562316763892
2021-05-24,3293,3752000,3144854000,835.0,860.0,820.0,823.0,1.0,3249,803.4173787125005,787.5246618670345,774.0495686329682,767.0699765759375,706.6410903052466
2021-05-25,3293,2663000,2245000000,827.0,860.0,818.0,859.0,36.0,2331,821.944919141667,800.5201778912101,781.436562664884,769.8141563796408,707.7909688689806
2021-05-26,3293,3955000,3470961000,864.0,896.0,858.0,875.0,16.0,3574,839.6299460944447,814.0619637291719,789.5725137375028,772.9540323086068,709.0529238209128
2021-05-27,3293,3055000,2736041000,884.0,907.0,881.0,903.0,28.0,2766,860.7532973962965,830.2325157784134,799.4357734125026,776.8360014934245,710.5166753392456
2021-05-28,3293,2416000,2242872000,925.0,937.0,915.0,932.0,29.0,2180,884.5021982641977,848.7356947277927,810.9630974635893,781.4677626428745,712.1882476008362
2021-05-31,3293,1879000,1735187000,941.0,945.0,912.0,920.0,-12.0,1772,896.3347988427985,861.6928411409214,820.4445672493641,785.6030533102514,713.7566381849808
2021-06-01,3293,1628000,1526667000,920.0,947.0,920.0,946.0,26.0,1514,912.889865895199,877.0214154789356,831.3624309668107,790.3910218681543,715.5094182741508
2021-06-02,3293,1755000,1615190000,946.0,946.0,903.0,910.0,-36.0,1595,911.926577263466,883.0175217554928,838.2004804479576,793.9614391258214,716.9772717211383
2021-06-03,3293,1052000,972609000,922.0,934.0,910.0,929.0,19.0,965,917.617718175644,891.3779723454032,846.0960908437874,797.992440942961,718.5774432553184
2021-06-04,3293,1113000,1044850000,928.0,950.0,922.0,930.0,1.0,1034,921.7451454504293,898.4001591916935,853.3920829443276,801.9329650939175,720.1730851930141
2021-06-07,3293,1176000,1088751000,925.0,940.0,911.0,940.0,10.0,1050,927.8300969669529,905.9637666113856,860.92320616656,806.0543691209647,721.8321562481611
2021-06-08,3293,802000,752599000,944.0,954.0,928.0,928.0,-12.0,733,927.8867313113019,909.9703545002246,866.7559708477287,809.694537206906,723.3881399745901
2021-06-09,3293,759000,700327000,928.0,937.0,912.0,916.0,-12.0,699,923.924487540868,911.066653682002,871.0380603392306,812.8678346037148,724.8418143898762
2021-06-10,3293,707000,654196000,922.0,936.0,916.0,919.0,3.0,642,922.282991693912,912.5090802852743,875.2086637879931,816.0359589439024,726.3071591869337
2021-06-11,3293,677000,621720000,921.0,934.0,908.0,910.0,-9.0,610,918.1886611292747,912.0528838697699,878.233997371646,818.8408556918456,727.6935202496738
2021-06-15,3293,901000,824511000,918.0,928.0,892.0,927.0,17.0,817,921.1257740861831,914.7705413479936,882.4745193393289,822.0694868652233,729.1977200968461
2021-06-16,3293,731000,663846000,916.0,921.0,898.0,898.0,-29.0,669,913.4171827241221,911.7213520119948,883.824561135909,824.3360693468585,730.4716995678133
2021-06-17,3293,2552000,2197599000,891.0,899.0,841.0,845.0,-53.0,2352,890.6114551494147,899.590197100723,880.4485123414821,824.9529030976986,731.3360640993769
2021-06-18,3293,788000,672693000,847.0,861.0,847.0,858.0,13.0,709,879.7409700996099,892.0283430824097,878.4964677900489,825.9393836022449,732.2920183325891
2021-06-21,3293,631000,540995000,849.0,865.0,849.0,851.0,-7.0,594,870.1606467330732,884.5686443401534,876.1054705909143,826.6874617036705,733.1879276281923
2021-06-22,3293,973000,842267000,856.0,880.0,852.0,858.0,7.0,915,866.1070978220488,879.7379817328527,874.5310818438783,827.6221643393818,734.1299055328851
2021-06-23,3293,556000,476795000,861.0,866.0,852.0,855.0,-3.0,524,862.4047318813658,875.240166872334,872.8327269009324,828.4394131650719,735.0421326609388
2021-06-24,3293,649000,552291000,862.0,862.0,845.0,848.0,-7.0,626,857.6031545875773,870.2874092591824,870.6733593443296,829.0233112795473,735.8946448672714
2021-06-25,3293,511000,434908000,856.0,860.0,846.0,846.0,-2.0,477,853.7354363917182,865.8715166666037,868.527849836127,829.5300781070235,736.7256286795939
2021-06-28,3293,736000,620381000,850.0,853.0,840.0,841.0,-5.0,678,849.4902909278121,861.3494227272213,866.1341237634202,829.8724638351721,737.5126050669178
2021-06-29,3293,596000,502187000,847.0,851.0,836.0,841.0,0.0,550,846.6601939518747,857.6495276859083,863.9485477839924,830.2046290938237,738.293642009809
2021-06-30,3293,773000,653221000,846.0,855.0,840.0,840.0,-1.0,689,844.4401293012498,854.4405226521068,861.866065367993,830.4970282253513,739.061237164452
2021-07-01,3293,987000,816553000,841.0,841.0,820.0,820.0,-20.0,889,836.2934195341666,848.1786094426328,858.2255379446892,830.1836840992214,739.6720957518901
2021-07-02,3293,663000,553418000,826.0,842.0,820.0,840.0,20.0,615,837.5289463561111,846.6915895439723,856.6407085581945,830.4767084544685,740.4292874820645
2021-07-05,3293,411000,345795000,843.0,847.0,834.0,845.0,5.0,381,840.0192975707407,846.3840278087047,855.6284730313951,830.9102395453799,741.2185004067281
2021-07-06,3293,532000,451288000,847.0,856.0,840.0,847.0,2.0,458,842.3461983804938,846.4960227525766,854.8781710286651,831.3905309022342,742.0168513470547
2021-07-07,3293,793000,675485000,849.0,861.0,843.0,846.0,-1.0,739,843.5641322536625,846.4058367975626,854.1061561566072,831.8266344573914,742.8016298274543
2021-07-08,3293,530000,447898000,849.0,856.0,838.0,841.0,-5.0,496,842.7094215024416,845.422957379824,852.9664904038588,832.1004662646334,743.5427496023415
2021-07-09,3293,644000,535174000,838.0,844.0,826.0,827.0,-14.0,581,837.4729476682944,842.0733287653105,850.7085347165666,831.9482135403159,744.1726156430785
2021-07-12,3293,424000,353040000,840.0,840.0,828.0,829.0,2.0,394,834.648631778863,839.6963598988905,848.8208360455609,831.8602071659782,744.8128223174704
2021-07-13,3293,970000,794895000,833.0,837.0,809.0,810.0,-19.0,782,826.4324211859087,834.2970217354558,845.4451111720339,831.2076636684862,745.3048010169612
2021-07-14,3293,796000,653164000,812.0,836.0,812.0,816.0,6.0,711,822.9549474572724,830.9702905108275,842.8846667222919,830.7537035589792,745.8383496885313
2021-07-15,3293,310000,253521000,825.0,825.0,812.0,820.0,4.0,293,821.969964971515,828.9756922361315,840.8946957029622,830.4326974825917,746.3980602569197
2021-07-16,3293,439000,363194000,817.0,834.0,817.0,824.0,4.0,412,822.6466433143434,828.0710209204713,839.4255917287916,830.2406766622158,746.9837352738487
2021-07-19,3293,367000,300959000,823.0,828.0,817.0,818.0,-6.0,314,821.0977622095622,826.2399262076583,837.5624967958531,829.8752833290154,747.5197070831026
2021-07-20,3293,820000,683179000,817.0,841.0,814.0,837.0,19.0,742,826.3985081397082,828.1963032608113,837.5135840309963,830.087961438597,748.1950300485132
2021-07-21,3293,721000,593774000,832.0,835.0,813.0,815.0,-22.0,691,822.5990054264721,825.7969753952093,835.5558810717793,829.6375745299821,748.6992185009773
2021-07-22,3293,251000,205229000,820.0,822.0,814.0,817.0,2.0,246,820.7326702843147,824.197525323353,833.9423261959723,829.2603334992364,749.2146960971963
2021-07-23,3293,287000,237043000,820.0,834.0,818.0,830.0,13.0,280,823.8217801895431,825.252520719107,833.5995152224095,829.2824130962741,749.82439650401
2021-07-26,3293,335000,279567000,832.0,839.0,828.0,836.0,6.0,313,827.8811867930287,827.2066078610875,833.8082530291565,829.482938078475,750.4747784171873
2021-07-27,3293,1835000,1590638000,845.0,882.0,845.0,854.0,18.0,1649,836.5874578620192,832.0781337045262,835.5640571135776,830.2147906731474,751.2561008442274
2021-07-28,3293,763000,647587000,860.0,866.0,831.0,858.0,4.0,709,843.7249719080128,836.7912003037032,837.5150086689187,831.0441999067848,752.0617151774785
2021-07-29,3293,518000,442229000,865.0,865.0,846.0,853.0,-5.0,491,846.8166479386751,839.7382547939391,838.86152965423,831.6995969244928,752.8235135534975
2021-07-30,3293,854000,740343000,859.0,875.0,855.0,870.0,17.0,793,854.5444319591168,845.2403902859502,841.5692227277752,832.842892538687,753.7078643946031
2021-08-02,3293,471000,408868000,879.0,881.0,861.0,863.0,-7.0,451,857.3629546394112,848.4694102339593,843.4327685775339,833.7431047017113,754.5327107010589
2021-08-03,3293,1016000,865283000,870.0,877.0,835.0,839.0,-24.0,937,851.2419697596075,846.7476992823302,843.047310440357,833.9000269494214,755.1701996769
2021-08-04,3293,402000,336991000,844.0,845.0,832.0,842.0,3.0,379,848.1613131730717,845.8844812309975,842.9562399672825,834.1418171897373,755.8255189246215
2021-08-05,3293,258000,217225000,841.0,849.0,839.0,840.0,-2.0,243,845.4408754487145,844.8145755526343,842.6991756223014,834.3166883184018,756.4607980270772
2021-08-06,3293,299000,251448000,843.0,846.0,836.0,836.0,-4.0,267,842.2939169658097,843.2119254521554,842.1166386116664,834.3669364283003,757.0610938910238
2021-08-09,3293,306000,252603000,835.0,837.0,821.0,821.0,-15.0,283,835.1959446438731,839.1733935517635,840.2804091671737,833.9679234005898,757.5436516729783
2021-08-10,3293,315000,256899000,824.0,827.0,811.0,813.0,-8.0,308,827.7972964292487,834.4145947241701,837.908199674376,833.3420152393782,757.9621901509181
2021-08-11,3293,590000,475648000,819.0,826.0,793.0,796.0,-17.0,524,817.1981976194992,827.4301229561391,834.2640083983433,832.2273282173072,758.2492679610998
2021-08-12,3293,364000,289758000,801.0,806.0,791.0,792.0,-4.0,335,808.7987984129994,820.9882824186593,830.58887723327,831.0265124496264,758.5039904670538
2021-08-13,3293,746000,586231000,794.0,805.0,773.0,774.0,-18.0,688,797.1991989419996,812.4449583425394,825.6681052999421,829.3242284959061,758.6209414823968
2021-08-16,3293,642000,489382000,775.0,784.0,754.0,754.0,-20.0,586,782.7994659613331,801.8186022802595,819.4360961434254,827.0757440631925,758.586066452341
2021-08-17,3293,704000,535213000,766.0,778.0,750.0,750.0,-4.0,638,771.8663106408887,792.3970382293032,813.3981747396493,824.7749755836942,758.5212659508139
2021-08-18,3293,816000,609116000,750.0,762.0,734.0,748.0,-2.0,746,763.9108737605925,784.324849460339,807.7113769362015,822.483185267763,758.441860170053
2021-08-19,3293,843000,615178000,753.0,756.0,714.0,716.0,-32.0,705,747.9405825070617,771.9021495584592,799.7364745939232,819.3045827224566,758.1215442442412
2021-08-20,3293,872000,620494000,726.0,728.0,702.0,709.0,-7.0,689,734.9603883380411,760.4653950932848,791.8463463683646,816.0119086113385,757.7508156084357
2021-08-23,3293,831000,574905000,686.0,702.0,676.0,698.0,0.0,771,722.6402588920274,749.1080505308694,783.685794510246,812.4891650707016,757.2998660566739
2021-08-24,3293,580000,403190000,710.0,711.0,684.0,695.0,-3.0,532,713.4268392613516,739.2702231616204,775.9739862919637,808.9820258148598,756.8296783883216
2021-08-25,3293,425000,299404000,699.0,712.0,690.0,711.0,16.0,386,712.617892840901,734.1301825867803,770.3240744404886,806.0571892233714,756.4837940231266
2021-08-26,3293,451000,316132000,711.0,715.0,695.0,696.0,-15.0,393,707.0785952272673,727.1974221164566,763.8611114456635,802.771899992823,756.0273125588011
2021-08-27,3293,442000,305358000,698.0,701.0,686.0,688.0,-8.0,397,700.7190634848449,720.0706180952826,757.2644930590841,799.3458731273656,755.513898879112
2021-08-30,3293,458000,313468000,691.0,692.0,680.0,683.0,-5.0,403,694.8127089898966,713.3305057143222,750.8067110539463,795.8728619892353,754.9666241705904
2021-08-31,3293,1014000,676675000,677.0,678.0,662.0,664.0,-19.0,921,684.5418059932643,704.3613228571727,743.2583013970814,791.936358646273,754.2800836108124
2021-09-01,3293,1090000,739429000,664.0,695.0,664.0,691.0,27.0,995,686.6945373288429,701.9319914285959,738.714101275596,788.923333015041,753.802498074127
2021-09-02,3293,583000,397722000,689.0,698.0,675.0,675.0,-16.0,548,682.7963582192286,697.0352657143058,733.1737446429355,785.5226365071293,753.2077622396054
2021-09-03,3293,322000,218002000,677.0,682.0,672.0,678.0,3.0,311,681.1975721461524,693.5743083117047,728.3760277174629,782.3130055666179,752.6401564868536
2021-09-06,3293,311000,209308000,670.0,680.0,666.0,674.0,-4.0,288,678.7983814307682,690.0153431641221,723.6476774811617,779.0797815198532,752.0466458718585
2021-09-07,3293,552000,378623000,678.0,696.0,678.0,680.0,6.0,523,679.1989209538455,688.1943716797363,719.8522272654085,776.1221761013501,751.5028976011274
2021-09-08,3293,2222000,1430344000,675.0,679.0,621.0,631.0,-49.0,2000,663.1326139692303,677.7953950106933,712.1259466336338,771.7901708445934,750.5934417701756
2021-09-09,3293,619000,395067000,640.0,644.0,632.0,640.0,9.0,581,655.4217426461536,670.923505008749,705.8541251872309,767.8561358940085,749.7587742851176
2021-09-10,3293,1001000,654957000,636.0,669.0,631.0,659.0,19.0,934,656.6144950974357,668.7555950071583,701.7798534318196,764.60669900165,749.0738024037205
2021-09-13,3293,555000,371316000,662.0,674.0,662.0,666.0,7.0,501,659.7429967316237,668.2545777331295,698.6685618290527,761.6632154493619,748.4468303101075
2021-09-14,3293,357000,236891000,667.0,674.0,659.0,662.0,-4.0,304,660.4953311544158,667.1173817816514,695.479991235222,758.6881940926645,747.7944014021067
2021-09-15,3293,288000,188502000,665.0,667.0,648.0,651.0,-11.0,279,657.3302207696105,664.186948730442,691.6121659104201,755.4736211346745,747.0638776179399
2021-09-16,3293,304000,195555000,656.0,657.0,638.0,640.0,-11.0,275,651.5534805130736,659.7893216885435,687.1241514834271,752.0266473694604,746.2558483528989
2021-09-17,3293,411000,267997000,642.0,664.0,640.0,664.0,24.0,337,655.7023203420491,660.5548995633537,685.1133557022596,749.3989862539541,745.6350494974052
2021-09-22,3293,409000,267300000,652.0,666.0,643.0,650.0,-14.0,355,653.8015468946994,658.6358269154713,682.0600204238023,746.4318523359257,744.9132755389343
2021-09-23,3293,620000,408368000,653.0,668.0,645.0,660.0,10.0,548,655.8676979297996,658.8838583853856,680.1417577782543,743.851797042316,744.2724206292065
2021-09-24,3293,304000,202305000,663.0,672.0,661.0,663.0,3.0,279,658.2451319531998,659.6322477698609,678.6511701453626,741.4383105634408,743.6590438697408
2021-09-27,3293,304000,202715000,667.0,672.0,660.0,669.0,6.0,286,661.8300879687998,661.335475448068,677.8119379588093,739.2759729346814,743.095579387705
2021-09-28,3293,674000,456332000,670.0,688.0,666.0,670.0,1.0,628,664.5533919791999,662.9108435484193,677.1326390058694,737.2080334440939,742.5439146376091
2021-09-29,3293,372000,245696000,659.0,666.0,655.0,659.0,-11.0,349,662.7022613194666,662.1997810850703,675.5558877879677,734.8734652815837,741.9133945271366
2021-09-30,3293,332000,218384000,664.0,669.0,651.0,655.0,-4.0,306,660.1348408796445,660.8907299786939,673.7684192846662,732.4891827358648,741.257444379762
2021-10-01,3293,2474000,1711558000,670.0,710.0,667.0,690.0,35.0,2232,670.089893919763,666.1833245280222,675.1798610859995,731.2208489228539,740.8705957429336
2021-10-04,3293,2358000,1673797000,707.0,727.0,690.0,699.0,9.0,2070,679.7265959465086,672.1499927956546,677.2511775133039,730.259032537097,740.5545912467605
2021-10-05,3293,947000,653545000,677.0,706.0,675.0,704.0,5.0,831,687.8177306310057,677.9409031964447,679.5771620773644,729.4751808195717,740.2787075392379
2021-10-06,3293,1141000,795247000,700.0,720.0,680.0,680.0,-24.0,1019,685.2118204206705,678.3152844334547,679.6139305923762,727.9983097503308,739.8237738974323
2021-10-07,3293,509000,351258000,683.0,697.0,678.0,697.0,17.0,468,689.1412136137803,681.7125054455539,681.1257627147783,727.0729870712164,739.5005756038668
2021-10-08,3293,805000,565355000,710.0,715.0,695.0,700.0,3.0,721,692.7608090758536,685.0375044554532,682.7670007395801,726.2648382034189,739.2024580521395
2021-10-12,3293,502000,354946000,702.0,711.0,699.0,709.0,9.0,454,698.1738727172357,689.3943218271891,685.0481311100514,725.7494698988393,738.9745149725007
2021-10-13,3293,418000,295331000,710.0,719.0,700.0,701.0,-8.0,383,699.1159151448238,691.5044451313365,686.4352501439599,725.0106797526053,738.6879148595008
2021-10-14,3293,295000,208838000,708.0,712.0,702.0,712.0,11.0,255,703.4106100965492,695.2309096529117,688.6582718705721,724.6223012525274,738.4864966341461
2021-10-15,3293,531000,381036000,724.0,726.0,711.0,712.0,0.0,476,706.2737400643662,698.2798351705641,690.6879873600876,724.2455161405117,738.2865985463412
2021-10-18,3293,264000,185634000,712.0,712.0,699.0,702.0,-10.0,233,704.8491600429107,698.9562287759161,691.6716406331235,723.5814708825859,738.0127374252368
2021-10-19,3293,177000,124698000,705.0,709.0,702.0,705.0,3.0,166,704.8994400286072,700.0550962712041,692.8306284041562,723.0268001099714,737.7635846899519
2021-10-20,3293,328000,229041000,706.0,709.0,695.0,695.0,-10.0,292,701.5996266857381,699.1359878582579,693.0192694124904,722.1901792111663,737.440840654556
2021-10-21,3293,337000,234213000,691.0,703.0,689.0,691.0,-4.0,266,698.0664177904921,697.6567173385746,692.843680767926,721.2591290854599,737.0903437439556
2021-10-22,3293,431000,293886000,694.0,696.0,677.0,679.0,-12.0,376,691.7109451936614,694.2645869133792,691.6398824402803,719.9976625455954,736.651926055322
2021-10-25,3293,379000,262128000,683.0,699.0,679.0,699.0,20.0,344,694.1406301291075,695.1255711109466,692.2798926628647,719.370866648712,736.3677605756592
2021-10-26,3293,367000,258718000,702.0,709.0,696.0,708.0,9.0,343,698.7604200860717,697.4663763635017,693.6468585182678,719.0314377935265,736.1536642694278
2021-10-27,3293,360000,255929000,711.0,718.0,706.0,708.0,0.0,329,701.8402800573812,699.3815806610469,694.8949577775488,718.7021411429735,735.9411837843755
2021-10-28,3293,246000,174932000,711.0,715.0,707.0,715.0,7.0,212,706.2268533715875,702.2212932681292,696.6432223186315,718.5916294670639,735.7831371143047
2021-10-29,3293,537000,386972000,719.0,733.0,714.0,714.0,-1.0,510,708.817902247725,704.3628763102876,698.1525073344027,718.4545659008828,735.6187360794798
2021-11-01,3293,258000,182940000,716.0,716.0,702.0,715.0,1.0,231,710.8786014984834,706.2968987993262,699.6175066966285,718.3514445307072,735.4631229769932
2021-11-02,3293,381000,273976000,713.0,723.0,710.0,719.0,4.0,369,713.5857343323222,708.6065535630851,701.3029408969217,718.3708043954622,735.3388729922611
2021-11-03,3293,1520000,1139087000,727.0,768.0,722.0,763.0,44.0,1405,730.0571562215481,718.4962710970696,706.6679025580589,719.7030191896275,735.547636214961
2021-11-04,3293,1357000,1056461000,773.0,799.0,764.0,765.0,2.0,1238,741.7047708143654,726.951494533966,711.7402588573582,721.0551678705342,735.7699182057916
2021-11-05,3293,440000,339133000,765.0,784.0,765.0,769.0,4.0,405,750.8031805429102,734.5966773459721,716.7193667828053,722.4863568893243,736.0207112759365
2021-11-08,3293,446000,339433000,775.0,775.0,751.0,762.0,-7.0,422,754.5354536952735,739.5790996467044,720.6568131495179,723.6658686239713,736.2167813795144
2021-11-09,3293,1193000,943401000,765.0,801.0,765.0,795.0,33.0,1068,768.023635796849,749.6556269836673,727.1214380930381,725.7952456799721,736.6604283124992
2021-11-10,3293,498000,391598000,792.0,797.0,778.0,787.0,-8.0,453,774.3490905312327,756.4455129866369,732.3282695632088,727.6222532716148,737.0403496082539
2021-11-11,3293,485000,381818000,790.0,798.0,770.0,783.0,-4.0,462,777.2327270208218,761.2736015345212,736.734506992495,729.2753203381337,737.3872148942294
2021-11-12,3293,287000,226506000,796.0,796.0,783.0,790.0,7.0,257,781.4884846805479,766.4965830736992,741.3662889931476,731.0879973429655,737.7842925176692
2021-11-15,3293,659000,522074000,805.0,816.0,781.0,781.0,-9.0,613,781.3256564536986,769.1335679693902,744.8126986459174,732.5779078700411,738.1104488005548
2021-11-16,3293,509000,400604000,783.0,794.0,779.0,792.0,11.0,463,784.8837709691323,773.2911010658647,748.9159422419245,734.3517016649653,738.5171623945129
2021-11-17,3293,404000,322377000,793.0,803.0,789.0,802.0,10.0,378,790.5891806460883,778.5109008720711,753.5319472643658,736.3710538540707,738.996278150026
2021-11-18,3293,662000,537056000,803.0,817.0,802.0,807.0,5.0,603,796.0594537640588,783.6907370771492,758.181343154421,738.4793806046955,739.5095137866296
2021-11-19,3293,664000,540846000,814.0,820.0,805.0,811.0,4.0,594,801.0396358427059,788.6560576085766,762.7742698366453,740.6441752135106,740.0490646259758
2021-11-22,3293,272000,220355000,819.0,819.0,806.0,809.0,-2.0,258,803.693090561804,792.354956225199,766.7938985465022,742.6846475951969,740.569449043893
2021-11-23,3293,526000,417621000,811.0,811.0,788.0,788.0,-21.0,469,798.462060374536,791.5631460024355,768.6379073685455,744.0373446819075,740.9274154662032
2021-11-24,3293,174000,137490000,791.0,794.0,786.0,791.0,3.0,164,795.9747069163574,791.4607558201744,770.582437162585,745.4392149899103,741.3053217645715
2021-11-25,3293,114000,89317000,791.0,791.0,779.0,781.0,-10.0,112,790.9831379442383,789.5588002165064,771.4883121919255,746.5007309603607,741.60490424182
2021-11-26,3293,416000,326034000,786.0,798.0,771.0,787.0,6.0,370,789.6554252961588,789.0935638135052,772.837154610019,747.709664364529,741.9475087381081
2021-11-29,3293,321000,252056000,783.0,796.0,777.0,782.0,-5.0,290,787.1036168641059,787.8038249383225,773.6339237743651,748.7332564730505,742.2497916910281
2021-11-30,3293,211000,165733000,792.0,792.0,780.0,780.0,-2.0,183,784.7357445760706,786.3849476768092,774.1874956200725,749.6665921007205,742.5346989235487
2021-12-01,3293,401000,316015000,782.0,797.0,782.0,783.0,3.0,361,784.1571630507137,785.7695026446621,774.9538003487618,750.6616192021916,742.840097422239
2021-12-02,3293,210000,165517000,784.0,793.0,784.0,789.0,6.0,200,785.7714420338092,786.3568658001781,776.1752090140868,751.806048479738,743.1884740454674
2021-12-03,3293,717000,560784000,792.0,797.0,774.0,785.0,-4.0,642,785.5142946892062,786.1101629274184,776.9425821432967,752.7969127042235,743.5040327319167
2021-12-06,3293,347000,272338000,785.0,792.0,778.0,780.0,-5.0,303,783.6761964594708,784.9992242133424,777.2084445656187,753.6089451608138,743.7794739943173
2021-12-07,3293,894000,712574000,788.0,808.0,787.0,806.0,26.0,745,791.1174643063139,788.8175470836437,779.7120580816519,755.1728572455656,744.2490628698318
2021-12-08,3293,430000,346538000,815.0,815.0,800.0,801.0,-5.0,386,794.4116428708759,791.0325385229812,781.5631834658561,756.5408316561458,744.6773718293048
2021-12-09,3293,1585000,1311305000,810.0,836.0,809.0,834.0,33.0,1426,807.6077619139172,798.8448042460756,786.1229066427383,758.8530456365593,745.3515048721025
2021-12-10,3293,451000,371312000,834.0,834.0,816.0,820.0,-14.0,429,811.7385079426115,802.6912034740618,789.0687408477175,760.6783278563635,745.9148897409923
2021-12-13,3293,180000,146840000,821.0,824.0,812.0,812.0,-8.0,176,811.825671961741,804.3837119333233,791.0627633826987,762.2103180696064,746.4136452901168
2021-12-14,3293,498000,397341000,812.0,812.0,788.0,788.0,-24.0,439,803.8837813078273,801.4048552181736,790.7964361320293,762.98015932126,746.7275045709462
2021-12-15,3293,297000,236117000,793.0,806.0,789.0,789.0,1.0,276,798.9225208718849,799.1494269966875,790.6402242944615,763.756870983312,747.0465422722975
2021-12-16,3293,191000,151594000,802.0,803.0,789.0,793.0,4.0,175,796.9483472479233,798.0313493609261,790.8454221818996,764.6298002076907,747.3933608211859
2021-12-17,3293,371000,295421000,794.0,805.0,789.0,789.0,-4.0,315,794.2988981652821,796.3892858407578,790.6849506878214,765.3572688582074,747.7073731923467
2021-12-20,3293,418000,333327000,792.0,809.0,790.0,791.0,2.0,374,793.1992654435214,795.4094156878928,790.7123462801848,766.1227235191564,748.0341099984422
2021-12-21,3293,196000,155336000,798.0,799.0,783.0,790.0,-1.0,184,792.1328436290142,794.4258855628213,790.6504031253861,766.8354780409726,748.3508336965672
2021-12-22,3293,282000,223660000,793.0,798.0,789.0,796.0,6.0,226,793.4218957526762,794.7120881877629,791.115585462309,767.7060607860182,748.7104500460271
2021-12-23,3293,171000,136490000,802.0,803.0,796.0,797.0,1.0,168,794.6145971684508,795.1280721536242,791.6272736829778,768.5805067327042,749.074899479642
2021-12-24,3293,145000,115651000,802.0,802.0,793.0,798.0,1.0,140,795.7430647789672,795.6502408529652,792.1814237975015,769.4587005615787,749.4441455213051
2021-12-27,3293,114000,90956000,800.0,801.0,795.0,796.0,-2.0,99,795.8287098526448,795.7138334251533,792.5134739020665,770.2509781567554,749.795510460767
2021-12-28,3293,176000,139979000,801.0,804.0,792.0,793.0,-3.0,170,794.8858065684299,795.2204091660345,792.5557805192781,770.9300534356582,750.121582079931
2021-12-29,3293,275000,216876000,795.0,796.0,786.0,787.0,-6.0,234,792.2572043789532,793.7257893176646,792.0726691697756,771.4097533331013,750.3999097623466
2021-12-30,3293,248000,196094000,789.0,795.0,787.0,793.0,6.0,218,792.5048029193022,793.5938276235438,792.1533066332734,772.0542383082326,750.7214198773478
2022-01-03,3293,172000,136377000,798.0,801.0,788.0,790.0,-3.0,160,791.6698686128681,792.9404044192631,791.9660625782061,772.5899326870913,751.017861991481
2022-01-04,3293,120000,95064000,793.0,795.0,787.0,792.0,2.0,109,791.7799124085788,792.769421797579,791.9690136583621,773.1693376815065,751.3271611462623
2022-01-05,3293,227000,178443000,792.0,792.0,784.0,786.0,-6.0,202,789.8532749390525,791.5386178343828,791.4499689924176,773.5523425268347,751.588842948932
2022-01-06,3293,1452000,1096058000,779.0,779.0,739.0,740.0,-46.0,1305,773.2355166260351,782.1679600463132,786.9760586452508,772.550780063347,751.5013799832797
2022-01-07,3293,461000,340632000,740.0,751.0,731.0,732.0,-8.0,418,759.4903444173567,773.0465127651653,782.1955318065333,771.34030901668,751.3541997569907
2022-01-10,3293,242000,178019000,738.0,743.0,732.0,733.0,1.0,226,750.6602296115711,765.7653286260444,777.9176594755304,770.1958221803611,751.2156774946739
2022-01-11,3293,245000,180558000,737.0,742.0,731.0,737.0,4.0,231,746.1068197410474,760.5352688758545,774.3596021298321,769.2049021152757,751.1083893626386
2022-01-12,3293,268000,196438000,740.0,741.0,730.0,734.0,-3.0,239,742.0712131606982,755.7106745347901,770.8500715098467,768.1540095148197,750.9792694429206
2022-01-13,3293,136000,100061000,735.0,738.0,733.0,736.0,2.0,110,740.0474754404655,752.1269155284646,767.8196305089904,767.1941883352728,750.8662183527853
2022-01-14,3293,286000,207313000,736.0,736.0,715.0,725.0,-11.0,261,735.0316502936437,747.1947490687437,764.0961843777739,765.9346603252646,750.6710016105001
2022-01-17,3293,225000,166416000,732.0,745.0,729.0,743.0,18.0,218,737.6877668624292,746.4320674198813,762.2617335623153,765.2500435991374,750.6131072587227
2022-01-18,3293,423000,320632000,749.0,765.0,746.0,758.0,15.0,401,744.4585112416195,748.5353278889937,761.8911480351575,765.0336243872229,750.6688573926192
2022-01-19,3293,344000,259445000,756.0,766.0,745.0,745.0,-13.0,325,744.639007494413,747.8925410000858,760.4223525538395,764.4356057487983,750.626073563241
2022-01-20,3293,165000,122631000,745.0,750.0,739.0,739.0,-6.0,160,742.7593383296087,746.2757153637066,758.5595392882882,763.6763339354013,750.5383296118204
2022-01-21,3293,259000,189360000,737.0,745.0,721.0,722.0,-17.0,245,735.8395588864058,741.8619489339418,755.3804489153936,762.4322642656879,750.3229459921085
2022-01-24,3293,180000,129034000,722.0,722.0,710.0,718.0,-4.0,170,729.8930392576038,737.5234127641342,752.1299750966637,761.105928018951,750.078999229904
2022-01-25,3293,208000,149382000,713.0,725.0,708.0,719.0,1.0,192,726.2620261717359,734.1555195342916,749.2491076969537,759.849034645251,749.84444074515
2022-01-26,3293,331000,236525000,722.0,723.0,708.0,709.0,-10.0,314,720.5080174478239,729.5817887098749,745.749185288523,758.3311530140495,749.5361808149979
2022-02-07,3293,258000,185287000,711.0,728.0,710.0,722.0,13.0,251,721.005344965216,728.2032816717158,743.684038741695,757.2466409837793,749.3283605824319
2022-02-08,3293,126000,90522000,722.0,726.0,715.0,718.0,-4.0,121,720.0035633101439,726.3481395495857,741.4506440685041,756.0750994618755,749.091920125206
2022-02-09,3293,390000,278825000,718.0,722.0,711.0,718.0,0.0,317,719.3357088734293,724.8302959951155,739.4114576277645,754.9385293286853,748.8572641242611
2022-02-10,3293,235000,170759000,726.0,733.0,723.0,724.0,6.0,217,720.8904725822862,724.6793330869127,738.0713308775241,754.0149911397693,748.6696621308704
2022-02-11,3293,187000,135030000,727.0,727.0,717.0,719.0,-5.0,170,720.2603150548574,723.6467270711104,736.4129542794785,752.9697675236569,748.4457401525242
2022-02-14,3293,225000,158759000,716.0,716.0,703.0,704.0,-15.0,222,714.8402100365716,720.074594876363,733.5944365160456,751.507983418473,748.1103006042033
2022-02-15,3293,248000,176427000,705.0,717.0,705.0,712.0,8.0,223,713.8934733577145,718.6064867170243,731.7166594276938,750.3286406298619,747.8377700336056
2022-02-16,3293,173000,124258000,724.0,724.0,715.0,716.0,4.0,158,714.595648905143,718.1325800412017,730.3499933905031,749.303905088672,747.5974849767482
2022-02-17,3293,294000,208813000,711.0,719.0,704.0,710.0,-6.0,279,713.063765936762,716.6539291246196,728.5804287478506,748.1306541905027,747.3137303731501
2022-02-18,3293,240000,170740000,710.0,716.0,705.0,713.0,3.0,233,713.042510624508,715.9895783746888,727.2256088567332,747.08197794601,747.054758823164
2022-02-21,3293,120000,85069000,713.0,714.0,707.0,709.0,-4.0,106,711.6950070830054,714.7187459429272,725.6407733039738,745.9452024849352,746.7675530961967
2022-02-22,3293,243000,170717000,710.0,714.0,699.0,701.0,-8.0,226,708.1300047220036,712.2244284987586,723.4980973644978,744.603554649564,746.4221376011311
2022-02-23,3293,231000,162151000,701.0,710.0,699.0,701.0,0.0,209,705.7533364813357,710.1836233171662,721.5417410719327,743.3019560033083,746.0793290154622
2022-02-24,3293,377000,259440000,696.0,700.0,680.0,682.0,-19.0,357,697.8355576542239,705.0593281685905,718.1033288048081,741.4720468688812,745.595711437987
2022-02-25,3293,206000,141449000,687.0,691.0,683.0,688.0,6.0,182,694.5570384361492,701.9576321379377,715.4856480391727,739.8758663653325,745.1610268233607
2022-03-01,3293,294000,206068000,690.0,710.0,688.0,710.0,22.0,268,699.7046922907662,703.4198808401309,715.0086351662012,738.9840494589047,744.8956605831844
2022-03-02,3293,170000,120800000,709.0,715.0,704.0,713.0,3.0,161,704.1364615271774,705.1617206873798,714.8339712387054,738.2084061914746,744.6549386165188
2022-03-03,3293,224000,160793000,719.0,724.0,714.0,714.0,1.0,210,707.4243076847849,706.7686805624016,714.7614520005571,737.4857672006843,744.4235805892243
2022-03-04,3293,102000,72344000,706.0,712.0,705.0,710.0,-4.0,99,708.2828717898566,707.3561931874195,714.3474126961609,736.6652965379774,744.1637799810038
2022-03-07,3293,253000,174811000,704.0,704.0,687.0,688.0,-22.0,235,701.5219145265711,703.8368853351615,712.0563333312773,735.2126011189333,743.7399023962415
2022-03-08,3293,427000,285445000,650.0,680.0,650.0,665.0,-23.0,349,689.3479430177141,696.7756334560412,707.9644782589924,733.1167025780696,743.1456389819302
2022-03-09,3293,141000,94656000,666.0,678.0,666.0,678.0,13.0,136,685.5652953451428,693.3618819185791,705.3588714538625,731.4714278742466,742.6539737820666
2022-03-10,3293,122000,83740000,689.0,692.0,682.0,684.0,6.0,117,685.0435302300951,691.6597215697466,703.5015782839614,730.0543703257616,742.2113022818246
2022-03-11,3293,58000,39718000,684.0,688.0,680.0,685.0,1.0,58,685.0290201533968,690.4488631025199,701.8927453897039,728.7094637488732,741.7795188683768
2022-03-14,3293,191000,133138000,689.0,705.0,689.0,705.0,20.0,167,691.6860134355978,693.0945243566072,702.1629414427731,728.0017185623396,741.5019375938986
2022-03-15,3293,257000,179742000,706.0,711.0,690.0,692.0,-13.0,247,691.7906756237319,692.8955199281331,701.2792074042711,726.9270403962996,741.128338064888
2022-03-16,3293,138000,95989000,705.0,706.0,690.0,696.0,4.0,136,693.1937837491546,693.4599708502907,700.8201458908562,726.0038451605892,740.7877468342095
2022-03-17,3293,433000,311829000,706.0,727.0,706.0,720.0,24.0,379,702.1291891661031,698.2854306956924,702.4879592916514,725.8246259020642,740.630858178857
2022-03-18,3293,549000,403014000,724.0,749.0,714.0,748.0,28.0,458,717.4194594440687,707.3244432964756,706.4455280488991,726.4865773676743,740.6864743435449
2022-03-21,3293,610000,464095000,753.0,775.0,750.0,756.0,8.0,567,730.2796396293792,716.1745445152982,710.7546125663861,727.3675750581915,740.8020481220842
2022-03-22,3293,1361000,1082534000,820.0,820.0,782.0,790.0,34.0,1233,750.1864264195862,729.5973546034257,717.645515821483,729.2371996833201,741.173353419276
2022-03-23,3293,742000,580193000,792.0,795.0,772.0,779.0,-11.0,689,759.7909509463908,738.5796537664393,722.9806883587453,730.7226564091911,741.4588375444135
2022-03-24,3293,445000,344620000,777.0,784.0,769.0,776.0,-3.0,397,765.1939672975939,745.3833530816321,727.5910632840718,732.0742189044391,741.7195255629463
2022-03-25,3293,573000,440648000,780.0,783.0,762.0,763.0,-13.0,525,764.4626448650625,748.5863797940626,730.6701012593699,732.9973765490828,741.8801329171882
2022-03-28,3293,779000,596425000,763.0,777.0,758.0,760.0,-3.0,719,762.9750965767083,750.6615834678694,733.220527236816,733.8034250103042,742.0168866310207
2022-03-29,3293,373000,285913000,768.0,773.0,761.0,764.0,4.0,327,763.3167310511388,753.086750110075,735.8970031292667,734.7048153085041,742.182796920598
2022-03-30,3293,414000,319879000,770.0,777.0,768.0,773.0,9.0,393,766.5444873674259,756.7073409991523,739.1233506832435,735.8479551500412,742.4153795853482
2022-03-31,3293,270000,207013000,772.0,772.0,764.0,766.0,-7.0,248,766.3629915782839,758.3969153629428,741.4604506238311,736.7480161903385,742.5933767205531
2022-04-01,3293,154000,117621000,762.0,767.0,758.0,765.0,-1.0,145,765.9086610521892,759.5974762060441,743.5073679608893,737.5913589906269,742.7624833113414
2022-04-06,3293,366000,277212000,768.0,768.0,750.0,756.0,-9.0,314,762.6057740347928,758.943389623127,744.5936837903772,738.1408706625484,742.8623890976709
2022-04-07,3293,379000,281579000,752.0,752.0,736.0,736.0,-20.0,346,753.7371826898619,754.771864237104,743.8464069390401,738.0769640756067,742.8105974818394
2022-04-08,3293,393000,291334000,742.0,749.0,734.0,744.0,8.0,356,750.4914551265746,752.8133434667214,743.8597628573845,738.2537711181259,742.819574104618
2022-04-11,3293,234000,173088000,740.0,746.0,734.0,741.0,-3.0,221,747.3276367510497,750.6654628364084,743.6110878263075,738.3357480996743,742.8058414698662
2022-04-12,3293,335000,251080000,745.0,755.0,742.0,753.0,12.0,283,749.2184245006998,751.0899241388796,744.427514971846,738.7734869623706,742.8827785153767
2022-04-13,3293,323000,246098000,756.0,768.0,756.0,758.0,5.0,294,752.1456163337999,752.3463015681742,745.6077310612507,739.347412724688,742.9968707529965
2022-04-14,3293,132000,99358000,758.0,758.0,750.0,750.0,-8.0,127,751.4304108892,751.9197012830516,745.9896674907071,739.665400404548,743.0497245586342
2022-04-15,3293,237000,175538000,748.0,748.0,736.0,738.0,-12.0,204,746.9536072594666,749.388846504315,745.2949137958631,739.6156869596362,743.0116134298898
2022-04-18,3293,147000,109129000,738.0,747.0,737.0,743.0,5.0,133,745.6357381729778,748.227238048985,745.0953560744837,739.7167112294977,743.0115257813624
2022-04-19,3293,142000,106140000,749.0,750.0,745.0,747.0,4.0,135,746.0904921153185,748.0041038582605,745.2609772853981,739.9341228345874,743.0416274735785
2022-04-20,3293,627000,479455000,752.0,773.0,749.0,768.0,21.0,559,753.3936614102123,751.6397213385767,747.238283608407,740.7719102126593,743.2299925492496
2022-04-21,3293,364000,277052000,772.0,775.0,754.0,759.0,-9.0,328,755.2624409401416,752.9779538224718,748.2610415555021,741.3160322958636,743.3490114734062
2022-04-22,3293,203000,152222000,758.0,758.0,747.0,747.0,-12.0,190,752.5082939600944,751.891053127477,748.1513857680671,741.485702973599,743.3765661037957
2022-04-25,3293,421000,307988000,739.0,739.0,725.0,725.0,-22.0,402,743.338862640063,747.001770740663,746.1382217882352,740.9935924370736,743.2378750388614
2022-04-26,3293,162000,117962000,730.0,732.0,724.0,725.0,0.0,155,737.2259084267087,743.0014487878152,744.30011554578,740.5161717673102,743.1002306989454
2022-04-27,3293,236000,167758000,708.0,720.0,702.0,710.0,-15.0,223,728.1506056178058,737.0011853718488,741.3174968026688,739.6052412667934,742.8504176370666
2022-04-28,3293,156000,112745000,713.0,731.0,713.0,724.0,14.0,153,726.7670704118706,734.6373334860581,739.8116275154802,739.1394131692772,742.7081503341453
2022-04-29,3293,123000,89855000,730.0,736.0,727.0,730.0,6.0,116,727.8447136079137,733.7941819431385,738.958442514134,738.8665948657167,742.6122397655857
2022-05-03,3293,103000,75072000,734.0,734.0,724.0,731.0,1.0,100,728.8964757386092,733.2861488625679,738.2664040346441,738.6317711383819,742.5246002201851
2022-05-04,3293,183000,132115000,727.0,731.0,715.0,720.0,-11.0,170,725.9309838257394,730.8704854330101,736.6780210751099,738.0755988655943,742.3546032373913
2022-05-05,3293,206000,151332000,724.0,739.0,724.0,735.0,15.0,195,728.9539892171596,731.6213062633719,736.5321061990134,737.9837899442333,742.2990967978639
2022-05-06,3293,114000,82903000,721.0,732.0,721.0,732.0,-3.0,110,729.969326144773,731.6901596700316,736.1380100077948,737.805169348883,742.2213677654271
2022-05-09,3293,230000,165427000,724.0,732.0,713.0,713.0,-19.0,224,724.3128840965154,728.2919488209349,734.1260091375518,737.0647165324984,742.0008291407823
2022-05-10,3293,237000,170714000,716.0,730.0,711.0,729.0,16.0,221,725.8752560643436,728.4206853989467,733.6802692125473,736.8239787255582,741.9027096755689
2022-05-11,3293,270000,196012000,734.0,739.0,718.0,718.0,-11.0,254,723.2501707095624,726.526015326411,732.316767541891,736.2620689128549,741.7223118666966
2022-05-12,3293,301000,214341000,720.0,720.0,706.0,710.0,-8.0,242,718.8334471397083,723.5212852670635,730.3761790599874,735.4781265572474,741.482898192231
2022-05-13,3293,217000,155242000,719.0,719.0,710.0,713.0,3.0,182,716.8889647598055,721.6083243094156,728.8652069678146,734.8071377047922,741.2679329228557
2022-05-16,3293,101000,72495000,719.0,724.0,713.0,714.0,1.0,101,715.925976506537,720.2249926167946,727.5725802749612,734.1860291165895,741.0621372026832
2022-05-17,3293,112000,80480000,713.0,722.0,713.0,716.0,2.0,108,715.9506510043581,719.4568121410138,726.5662689467036,733.6431625757957,740.8729889973799
2022-05-18,3293,125000,89890000,725.0,727.0,715.0,715.0,-1.0,122,715.6337673362387,718.6464826608294,725.560506429599,733.0866502601003,740.6777211558903
2022-05-19,3293,154000,109285000,713.0,714.0,706.0,710.0,-5.0,139,713.7558448908259,717.074394904315,724.2074189139817,732.3974965209928,740.4461911849024
2022-05-20,3293,93000,66350000,711.0,717.0,711.0,711.0,1.0,89,712.8372299272172,715.9699594671669,723.0589477040702,731.7587652815602,740.2239557797334
2022-05-23,3293,99000,70706000,718.0,718.0,710.0,714.0,3.0,95,713.2248199514781,715.611785018591,722.2712131211076,731.2286528850957,740.0260391323392
2022-05-24,3293,81000,57696000,716.0,717.0,710.0,710.0,-4.0,75,712.149879967652,714.5914604697563,721.2041511105765,730.5949617541974,739.799427516246
2022-05-25,3293,168000,120021000,710.0,721.0,709.0,715.0,5.0,158,713.0999199784347,714.665740384346,720.6646597096568,730.1294405078035,739.6122620255574
2022-05-26,3293,117000,83553000,720.0,720.0,711.0,711.0,-4.0,112,712.3999466522898,713.9992421326467,719.8242545175127,729.5584124329437,739.3963204253645
2022-05-27,3293,133000,95893000,718.0,724.0,715.0,724.0,13.0,126,716.2666311015265,715.8175617448927,720.1873628203377,729.3924896737514,739.2801217806448
2022-05-30,3293,130000,94783000,730.0,732.0,726.0,729.0,5.0,117,720.5110874010177,718.2143687003668,720.9536790968301,729.3807735640871,739.2025359558852
2022-05-31,3293,389000,290146000,730.0,754.0,727.0,751.0,22.0,362,730.6740582673451,724.1753925730274,723.5664026536275,730.0261236069501,739.2915734203691
2022-06-01,3293,341000,259086000,755.0,765.0,752.0,761.0,10.0,325,740.7827055115634,730.8707757415679,726.8214980750512,730.9507169321158,739.4554106021021
2022-06-02,3293,255000,193401000,760.0,766.0,750.0,751.0,-10.0,226,744.1884703410423,734.5306346976464,728.9239765033076,731.5492029938437,739.54253957869
2022-06-06,3293,166000,124610000,749.0,754.0,746.0,752.0,1.0,146,746.7923135606949,737.706882934438,730.9305872421504,732.1596745462663,739.6365581479074
2022-06-07,3293,195000,147097000,757.0,760.0,748.0,754.0,2.0,159,749.1948757071299,740.6692678554492,732.9366231341373,732.8116245598105,739.7449614826402
2022-06-08,3293,160000,120765000,759.0,759.0,751.0,752.0,-2.0,136,750.1299171380866,742.7294009726403,734.5943080789949,733.3844118863833,739.837452339375
2022-06-09,3293,138000,103787000,752.0,757.0,750.0,750.0,-2.0,129,750.0866114253911,744.0513280685238,735.9339334634301,733.8803995912674,739.9141508122854
2022-06-10,3293,181000,135897000,745.0,758.0,745.0,747.0,-3.0,165,749.0577409502607,744.5874502378831,736.896200118784,734.2720294542147,739.9676289193625
2022-06-13,3293,191000,140491000,743.0,743.0,732.0,732.0,-15.0,179,743.3718273001738,742.2988229219044,736.4704435867159,734.204207679462,739.9074958709144
2022-06-14,3293,206000,149345000,730.0,732.0,719.0,726.0,-6.0,196,737.5812182001158,739.3354005724673,735.5599702313493,733.959305957687,739.8025336379264
2022-06-15,3293,112000,81806000,726.0,734.0,726.0,726.0,0.0,106,733.7208121334105,736.9107822865641,734.7286684721015,733.7217147350694,739.6983635727346
2022-06-16,3293,222000,160608000,731.0,734.0,716.0,716.0,-10.0,215,727.813874755607,733.1088218708252,733.1000886049623,733.1927083250673,739.5195079986007
2022-06-17,3293,196000,139278000,712.0,716.0,706.0,716.0,0.0,159,723.875916503738,729.9981269852206,731.6131243784438,732.6794931511847,739.3420022778565
2022-06-20,3293,316000,221661000,716.0,716.0,692.0,694.0,-22.0,295,713.9172776691587,723.4530129879078,728.342417910753,731.5248814153284,738.9997984870803
2022-06-21,3293,123000,86402000,696.0,707.0,695.0,706.0,12.0,122,711.2781851127725,720.2797378991972,726.399598961992,730.762944656662,738.7507434041589
2022-06-22,3293,233000,162693000,714.0,714.0,692.0,693.0,-13.0,223,705.1854567418483,715.3197855538887,723.4952860087752,729.6356925773586,738.4054547746936
2022-06-23,3293,297000,204173000,695.0,699.0,681.0,681.0,-12.0,283,697.1236378278988,709.0798245440907,719.8000437471426,728.1838808586315,737.9722060594129
2022-06-24,3293,154000,106187000,686.0,695.0,683.0,694.0,13.0,152,696.0824252185993,706.3380382633469,717.5565616821737,727.1634665046424,737.640340353304
2022-06-27,3293,251000,179535000,704.0,725.0,704.0,725.0,31.0,231,705.7216168123995,709.7311222154657,718.2038171880716,727.0988854149516,737.5449415581847
2022-06-28,3293,487000,358909000,727.0,748.0,720.0,744.0,19.0,456,718.481077874933,715.9618272671992,720.4469635195437,727.6033962980874,737.5936589803871
2022-06-29,3293,449000,337103000,744.0,760.0,736.0,750.0,6.0,420,728.9873852499553,722.1505859458903,723.0167927787138,728.2719516324729,737.6872917427993
2022-06-30,3293,391000,291795000,752.0,757.0,740.0,746.0,-4.0,353,734.6582568333035,726.4868430466375,725.0153325370865,728.8011471061304,737.7500291636084
2022-07-01,3293,721000,542199000,749.0,765.0,735.0,735.0,-11.0,656,734.7721712222024,728.0346897654307,725.8835644903833,728.9861874910221,737.7292742265245
2022-07-04,3293,1019000,775049000,748.0,775.0,738.0,764.0,29.0,910,744.5147808148016,734.5738370808069,729.1980371433934,730.0313759241259,737.9275438550035
2022-07-05,3293,569000,437491000,776.0,780.0,759.0,764.0,0.0,513,751.0098538765344,739.9240485206602,732.2242947830983,731.0453647025101,738.1243171089279
2022-07-06,3293,1408000,989726000,730.0,738.0,688.0,688.0,-76.0,1218,730.0065692510229,730.4833124259948,728.3787039323942,729.7604284427338,737.7460203760304
2022-07-07,3293,1261000,849709000,690.0,690.0,650.0,680.0,-8.0,1105,713.3377128340153,721.3045283485412,724.171860112186,728.2750425190701,737.3102013543245
2022-07-08,3293,660000,453155000,696.0,699.0,675.0,676.0,-4.0,589,700.8918085560102,713.0673413760792,719.9830027111263,726.71459348865,736.8474828535371
2022-07-11,3293,492000,326612000,680.0,685.0,656.0,660.0,-16.0,441,687.2612057040068,703.4187338531557,714.767089431898,724.7231130860038,736.2675018508689
2022-07-12,3293,472000,311968000,666.0,667.0,654.0,663.0,3.0,435,679.1741371360046,696.069873152582,710.2656033943416,722.8806320983618,735.7145395727491
2022-07-13,3293,554000,377413000,683.0,691.0,671.0,689.0,26.0,525,682.4494247573364,694.7844416702943,708.4164204904858,721.8692699461719,735.3619770099359
2022-07-14,3293,507000,356379000,692.0,720.0,683.0,717.0,28.0,464,693.9662831715576,698.8236340938772,709.1628187087044,721.7239186044951,735.2233960513704
2022-07-15,3293,523000,377488000,717.0,730.0,712.0,720.0,3.0,437,702.6441887810385,702.673882440445,710.1051822992519,721.6724583476445,735.1085024962657
2022-07-18,3293,709000,524458000,729.0,749.0,726.0,749.0,29.0,596,718.0961258540257,711.0968129058186,713.4873403601865,722.4882058596551,735.21334398686
2022-07-19,3293,651000,486696000,749.0,757.0,738.0,742.0,-7.0,564,726.0640839026838,716.7155741956698,715.9667020679964,723.0706474757848,735.2645640322421
2022-07-20,3293,659000,491594000,750.0,754.0,737.0,741.0,-1.0,550,731.0427226017893,721.1309243419116,718.1435105838228,723.6058520287464,735.3078503414328
2022-07-21,3293,893000,671535000,751.0,764.0,735.0,763.0,22.0,729,741.6951484011928,728.7434835524731,722.0440748808817,724.7817967443062,735.5168476973465
2022-07-22,3293,921000,708193000,768.0,774.0,758.0,774.0,11.0,754,752.4634322674618,736.9719410883871,726.561981412979,726.2509968414911,735.8072865826496
2022-07-25,3293,1371000,1073445000,774.0,790.0,771.0,789.0,15.0,1092,764.6422881783079,746.4315881632258,731.9913743335895,728.1241014133868,736.2087410235353
2022-07-26,3293,1821000,1428128000,787.0,796.0,777.0,782.0,-7.0,1491,770.428192118872,752.8985721335483,736.3399504784948,729.7323371920917,736.5543354309048
2022-07-27,3293,4225000,1496748000,366.0,368.0,343.5,355.5,0.0,3484,632.1187947459147,680.644286291085,703.2234330455822,718.5612226490441,733.6784536540678
2022-07-28,3293,1640000,581282000,360.5,362.0,350.0,351.0,-4.5,1419,538.4125298306097,620.7089615108878,672.5953084329228,707.5892458535502,730.7903143812068
2022-07-29,3293,1014000,358385500,355.5,356.0,351.5,354.0,3.0,771,476.9416865537398,572.2164230543627,644.8913685691904,697.0343429922502,727.946613895311
2022-08-01,3293,829000,288063500,353.5,353.5,345.0,346.5,-7.5,752,433.4611243691599,531.177073408115,618.9442930414347,686.5706312611383,725.0677715262898
2022-08-02,3293,696000,237523500,340.0,344.5,339.0,340.5,-6.0,578,402.47408291277327,496.50851460663955,594.7317458204403,676.2401646563281,722.1653732506197
2022-08-03,3293,679000,235388000,339.5,351.5,339.5,346.5,6.0,637,383.8160552751822,469.23423922361417,573.1463766186629,666.397174666587,719.3301628864641
2022-08-04,3293,967000,339537000,349.5,354.0,347.0,350.0,3.5,844,372.5440368501215,447.5552866375025,553.742343869214,656.9524828854949,716.5427654307172
2022-08-05,3293,1435000,518960000,354.0,368.0,354.0,368.0,18.0,1267,371.029357900081,433.0906890670475,537.5908357066736,648.3270356351816,713.9122539935042
2022-08-08,3293,2938000,1140188000,380.0,399.0,370.0,394.0,26.0,2665,378.68623860005397,425.98329105485703,525.1046760800064,640.7351838251761,711.4978218878929
2022-08-09,3293,3487000,1425856000,394.0,415.0,390.0,414.0,20.0,3069,390.45749240003596,423.8045108630648,515.4433998991362,633.9669693826336,709.2525553076069
2022-08-10,3293,2771000,1125879000,410.0,417.0,400.0,403.0,-11.0,2396,394.6383282666906,420.0218725243258,505.6657129513853,627.072432983152,706.9412152675495
2022-08-11,3293,1811000,742435500,412.0,417.5,404.0,411.0,8.0,1612,400.09221884446043,418.3815320653575,497.43391182517786,620.6225096105206,704.7076966617567
2022-08-12,3293,846000,346675500,411.0,414.0,406.0,408.5,-2.5,722,402.89481256297364,416.5848898716561,489.70052818820585,614.2904943982663,702.4721668756303
2022-08-15,3293,1408000,568807500,411.0,414.0,395.0,402.5,-6.0,1191,402.76320837531574,414.0240008040823,482.1178735631445,607.9683900878704,700.2082259935501
2022-08-16,3293,1060000,431773000,403.0,413.0,403.0,404.0,1.5,853,403.1754722502105,412.20145520334006,475.32501499243625,601.8797814285309,697.9726922124667
2022-08-17,3293,807000,327834000,406.0,410.0,401.5,405.0,1.0,726,403.783648166807,410.8920997118237,469.2097962974418,596.0027730276793,695.7615775542594
2022-08-18,3293,769000,308821500,404.0,405.0,398.5,405.0,0.0,671,404.1890987778713,409.82080885512846,463.6263357498382,590.3011977134202,693.5671505538498
2022-08-19,3293,694000,281511500,410.0,411.0,403.0,403.0,-2.0,595,403.79273251858086,408.58066179055965,458.35448046724355,584.7101171846614,691.3741909270283
2022-08-22,3293,1095000,431175000,401.0,401.0,390.0,390.5,-12.5,957,399.3618216790539,405.2932687377306,452.4540908613963,578.912800253776,689.1034423162582
2022-08-23,3293,714000,278258000,389.5,396.5,386.0,386.0,-4.5,628,394.9078811193693,401.78540169450685,446.6754742647532,573.1542092014245,686.8158691667015
2022-08-24,3293,417000,161220500,388.5,391.5,383.5,385.5,-0.5,355,391.77192074624617,398.8244195682329,441.35586780694854,567.5525910163074,684.5417871352547
2022-08-25,3293,424000,164015500,388.5,390.5,383.5,387.0,1.5,361,390.1812804974974,396.67452510128146,436.62927060634433,562.162961433731,682.2961887417811
2022-08-26,3293,534000,208597500,390.5,396.0,388.0,389.5,2.5,445,389.95418699833164,395.3700659919576,432.5310731623144,557.0088431819778,680.0864061852393
2022-08-29,3293,625000,234544000,375.0,379.0,370.5,379.0,-10.5,543,386.3027913322211,392.3936903570562,427.8761972351566,551.6951463705755,677.814055949879
2022-08-30,3293,366000,139221000,377.0,385.0,377.0,379.0,0.0,313,383.8685275548141,389.9584739285005,423.6260931277517,546.5400673744389,675.5588555276158
2022-08-31,3293,1286000,476806000,370.0,374.0,368.5,373.0,-6.0,1055,380.24568503654274,386.8751150324095,419.2238241601211,541.359766855799,673.2753924670301
2022-09-01,3293,825000,303795000,374.5,374.5,363.5,370.0,-3.0,720,376.8304566910285,383.8069122992441,414.94349162445843,536.2445499347303,670.9865215804865
2022-09-02,3293,531000,194963500,368.0,370.5,365.0,365.0,-5.0,444,372.8869711273523,380.38747369938153,410.60057930928815,531.1327723247384,668.6771893421433
2022-09-05,3293,755000,270691500,365.0,365.0,355.5,356.0,-9.0,637,367.2579807515682,375.95338757222123,405.85270284761094,525.9049283747462,666.3173614980516
2022-09-06,3293,1819000,673040000,365.0,379.0,362.5,370.5,14.5,1561,368.3386538343788,374.9618625590901,402.7785547739056,521.2659752889329,664.084777637689
2022-09-07,3293,1211000,437451000,364.0,367.5,358.0,358.5,-12.0,1003,365.0591025562525,371.9687966392555,398.92824566313124,516.4072894594125,661.7784774291026
2022-09-08,3293,994000,363753000,364.5,369.5,360.5,367.5,9.0,882,365.8727350375017,371.1562881593909,396.1953547359024,511.96229574420613,659.5575077881283
2022-09-12,3293,571000,212866500,374.0,377.0,370.5,371.5,4.0,513,367.7484900250011,371.21878122131983,394.04793258495437,507.7693913936328,657.3834888614255
2022-09-13,3293,925000,338851500,374.0,374.0,362.0,362.0,-9.5,747,365.8323266833341,369.54263918107983,391.2611558384366,503.418066277405,655.1541795115279
2022-09-14,3293,638000,227670000,354.0,360.0,353.0,358.0,-4.0,508,363.2215511222227,367.4439775117926,388.368881417703,499.07722847807946,652.9115064586107
2022-09-15,3293,955000,351082500,366.5,373.5,361.5,365.5,7.5,858,363.9810340814818,367.090527055103,386.3802830335549,495.08984852350994,650.74236301364
2022-09-16,3293,939000,336204000,363.5,366.0,356.5,357.5,-8.0,768,361.82068938765457,365.3467948632661,383.8689540741154,490.98268886609173,648.5292131041031
2022-09-19,3293,484000,171717000,357.0,359.0,353.0,354.0,-3.5,401,359.21379292510306,363.28374125176316,381.2716537198445,486.8936533775517,646.3063511184117
2022-09-20,3293,598000,212219500,356.0,360.0,353.0,354.0,0.0,493,357.4758619500687,361.5957882968971,378.9002055702928,482.92667864986356,644.1002654495935
2022-09-21,3293,673000,238987000,355.0,357.5,352.0,357.0,3.0,640,357.3172413000458,360.760190424734,376.9958398685282,479.1676733170318,641.9334709933702
2022-09-22,3293,474000,168258500,355.5,359.5,350.5,356.5,-0.5,400,357.04482753336384,359.98561034750963,375.2135929234388,475.5059517254786,639.7792561179485
2022-09-23,3293,450000,158561000,356.5,356.5,350.0,350.5,-6.0,363,354.8632183555759,358.2609539206897,373.06458484313976,471.7744307784494,637.5960164491338
2022-09-26,3293,746000,255558500,345.0,347.0,340.0,342.0,-8.5,572,350.5754789037173,355.30441684420066,370.3633165959102,467.90056717312257,635.3651031174422
2022-09-27,3293,953000,336937500,343.5,358.0,343.5,354.5,12.5,828,351.8836526024782,355.1581592361642,368.9838977614832,464.5154756157159,633.2453664901408
2022-09-28,3293,961000,338432000,359.0,362.0,345.5,347.0,-7.5,835,350.2557684016521,353.6748575568616,367.07225447787596,461.0075509704707,631.085024101536
2022-09-29,3293,1051000,371534000,354.5,359.5,348.0,355.5,8.5,950,352.00384560110143,354.00670163743223,366.06597147979977,457.8580718370238,629.0051371271848
2022-09-30,3293,628000,223115500,352.0,360.0,347.0,360.0,4.5,544,354.6692304007343,355.0963922488082,365.5384956989476,454.9369353642768,626.9749096771683
2022-10-03,3293,649000,233386500,358.0,365.0,353.5,364.5,4.5,559,357.94615360048954,356.80613911266124,365.4481917251261,452.23732535340287,624.9939669626236
2022-10-04,3293,1157000,425266000,370.0,373.0,364.0,366.0,1.5,965,360.630769066993,358.47775018308647,365.496175053376,449.6630768353908,623.0392955138491
2022-10-05,3293,1013000,372403000,370.0,374.5,360.0,361.0,-5.0,875,360.753846044662,358.93634105888896,365.1052033096042,447.01641782537916,621.0616404533672
2022-10-06,3293,359000,130119500,366.0,366.0,360.5,362.0,1.0,328,361.16923069644133,359.49336995727276,364.83518563050814,444.47861430820365,619.1064582612663
2022-10-07,3293,332000,118916000,362.0,362.0,355.0,356.0,-6.0,279,359.4461537976276,358.85821178322317,364.0669086191596,441.8374616422871,617.1207491423133
2022-10-11,3293,643000,223337000,350.0,350.5,345.5,346.0,-10.0,526,354.96410253175173,356.52035509536444,362.4958730870588,438.97664189177107,615.0745548091638
2022-10-12,3293,305000,105724500,346.5,350.0,341.0,347.0,1.0,272,352.3094016878345,354.7893814416618,361.14840586209715,436.2310704920167,613.0513506219248
2022-10-13,3293,562000,193476000,353.5,354.0,340.5,341.0,-6.0,469,348.539601125223,352.28222117954147,359.3963705697409,433.38835196986696,610.998132881382
2022-10-14,3293,342000,118679000,350.0,350.0,343.5,345.5,4.5,312,347.52640075014864,351.0490900559885,358.1879905201982,430.7648190752441,608.9943733879377
2022-10-17,3293,943000,321936000,341.5,352.5,331.5,352.0,6.5,845,349.0176005000991,351.2219827730815,357.64990438800703,428.4136304461323,607.0547932114249
2022-10-18,3293,944000,339546500,357.0,363.5,354.5,357.5,5.5,806,351.8450670000661,352.363440450703,357.6368692238325,426.2968056566955,605.1713608098293
2022-10-19,3293,1208000,440047500,362.5,368.0,359.5,362.5,5.0,1066,355.39671133337737,354.2064512778479,358.05975016089053,424.39242339828667,603.3398788414531
2022-10-20,3293,887000,316811500,361.0,364.0,352.0,356.0,-6.5,734,355.5978075555849,354.5325510455119,357.88064145124787,422.35085852072586,601.4731627747252
2022-10-21,3293,656000,232238500,357.0,358.0,350.0,350.5,-5.5,540,353.89853837038993,353.7993599463279,357.2388465424437,420.2060567738385,599.5790256971801
2022-10-24,3293,578000,205929500,356.5,359.5,354.0,354.0,3.5,503,353.9323589135933,353.8358399560865,356.957207712666,418.22975657163437,597.7255990881448
2022-10-25,3293,814000,281994000,354.0,354.0,342.0,344.0,-10.0,683,350.6215726090622,352.0475054186162,355.83049399852115,416.01394294263036,595.8106889063475
2022-10-26,3293,420000,143992500,345.0,346.0,340.0,342.5,-1.5,372,347.9143817393748,350.3115953425042,354.6713206073454,413.8194968846414,593.8989101221487
2022-10-27,3293,466000,160549500,344.0,347.5,341.0,344.5,2.0,422,346.7762544929165,349.254941643867,353.78685794583714,411.75025817166704,592.0166541966985
2022-10-28,3293,620000,210542500,340.5,343.0,333.5,340.0,-4.5,561,344.51750299527765,347.57222498134576,352.58800073315564,409.608459420274,590.1146417121951
2022-10-31,3293,610000,212640000,346.5,353.0,341.5,351.5,11.5,540,346.84500199685175,348.28636589382836,352.4933919737508,407.8738785420569,588.3137764917257
2022-11-01,3293,603000,215323500,349.5,361.5,349.5,357.5,6.0,520,350.39666799790115,349.9615720949505,352.92874919342466,406.3701806751298,586.5717857257504
2022-11-02,3293,786000,283716000,362.0,364.0,356.0,364.0,6.5,640,354.9311119986008,352.51401353223224,353.891466654866,405.10539916243937,584.8919986636693
2022-11-03,3293,588000,213131500,360.0,365.0,359.0,362.5,-1.5,446,357.45407466573386,354.32964743546273,354.64003477183417,403.83359620236655,583.2135684850755
2022-11-04,3293,799000,287943000,365.5,366.5,355.5,360.0,-2.5,613,358.3027164438226,355.360620629015,355.10611870471814,402.52513064408697,581.5289377795277
2022-11-07,3293,2976000,1134891500,366.0,393.0,366.0,384.5,24.5,2524,367.0351442958817,360.6586896055577,357.66210838256876,401.98706704277095,580.0419269283615
2022-11-08,3293,1771000,685776500,387.0,393.0,380.0,380.0,-4.5,1465,371.3567628639211,364.1752914954563,359.60453374060626,401.33073668328524,578.5321765364494
2022-11-09,3293,989000,381174000,385.0,390.0,382.0,385.0,5.0,847,375.90450857594743,367.9616021326461,361.8128351544666,400.84325200617224,577.0715563361742
2022-11-10,3293,804000,305082500,384.0,384.0,375.5,380.0,-5.0,667,377.269672383965,370.15040174489224,363.3943277497304,400.2210653791223,575.5842238355239
2022-11-11,3293,1024000,395695500,391.0,394.5,382.5,382.5,2.5,855,379.0131149226433,372.3957832458209,365.05569055410166,399.69207835287983,574.1269844103501
2022-11-14,3293,1113000,425344500,385.0,387.5,376.0,383.0,0.5,920,380.34207661509555,374.3238226556716,366.6160652885276,399.19380735727145,572.6845166034796
2022-11-15,3293,1187000,452082000,385.5,385.5,378.0,378.0,-5.0,968,379.5613844100637,374.9922185364586,367.6059726547426,398.5611563913828,571.2151994970382
2022-11-16,3293,630000,238002500,379.0,381.5,375.0,376.5,-1.5,556,378.54092294004244,375.26636062073885,368.37936633693886,397.90261440955044,569.7456508215888
2022-11-17,3293,448000,169654000,377.5,381.5,376.0,379.5,3.0,413,378.8606152933616,376.03611323514997,369.34637795981376,397.35328263613104,568.309834588973
2022-11-18,3293,2073000,804772500,381.0,393.0,379.5,391.0,11.5,1776,382.90707686224107,378.75681991966815,371.22930161548214,397.16363240818686,566.9716471581128
2022-11-21,3293,3963000,1582830000,398.0,411.5,388.0,391.0,0.0,3379,385.6047179081607,380.98285266154664,372.9484927793533,396.9796433810768,565.6435592550326
2022-11-22,3293,1077000,412896000,386.5,388.0,380.0,381.5,-9.5,958,384.2364786054405,381.07687945035633,373.69210210288776,396.517564474179,564.253796543674
2022-11-23,3293,698000,268516000,384.5,390.5,382.0,382.5,1.0,610,383.65765240362697,381.3356286412006,374.45800626785405,396.0991297137557,562.8820697773066
2022-11-24,3293,859000,333492500,387.0,392.0,383.5,389.5,7.0,721,385.60510160241796,382.82005979734595,375.76600572282325,395.90214076707645,561.573525854459
2022-11-25,3293,758000,291569000,390.0,392.5,381.5,381.5,-8.0,638,384.23673440161195,382.5800489251012,376.2646139208386,395.47222611731297,560.2144803763122
2022-11-28,3293,582000,224806000,383.0,390.0,378.0,387.5,6.0,506,385.3244896010746,383.4745854841737,377.2416040146787,395.2342492182887,558.9109748640382
2022-11-29,3293,396000,152856000,386.5,388.5,382.5,386.0,-1.5,355,385.5496597340497,383.9337517597785,378.0032036655762,394.95859998789206,557.6059863744982
2022-11-30,3293,728000,281601000,386.0,389.5,384.5,388.5,2.5,606,386.5331064893665,384.763978712546,378.91596856422177,394.7658059584027,556.329714779219
2022-12-01,3293,984000,383467500,392.0,393.5,386.5,387.5,-1.0,851,386.85540432624435,385.26143712844674,379.6624060803764,394.54891622830115,555.0555282525834
2022-12-02,3293,723000,283055500,387.5,393.5,387.5,392.0,4.5,606,388.57026955082955,386.48663037782006,380.73524033425673,394.4728291767101,553.8249204921865
2022-12-05,3293,1182000,468011500,395.5,402.5,392.0,392.0,0.0,991,389.7135130338864,387.4890612182164,381.71478465301703,394.3990133803904,552.6036003375285
2022-12-06,3293,2011000,802942500,392.0,403.5,390.5,399.5,7.5,1694,392.97567535592424,389.6728682694498,383.2613251179721,394.55128163769217,551.4481014670566
2022-12-07,3293,2274000,903574000,400.0,407.5,390.5,390.5,-9.0,1813,392.1504502372828,389.8232558568226,383.89077510771364,394.43034785746255,550.2333988144751
2022-12-08,3293,598000,234226500,391.5,394.5,388.0,394.0,3.5,514,392.7669668248552,390.58266388285483,384.7698381418255,394.41750165276216,549.0542788234225
2022-12-09,3293,730000,284926000,390.5,393.0,387.5,390.0,-4.0,647,391.8446445499035,390.476724995063,385.224634825145,394.28563593178416,547.8538691719249
2022-12-12,3293,326000,127082500,388.0,392.5,387.5,391.0,1.0,274,391.56309636660234,390.57186590505154,385.7268404925237,394.18755724725327,546.6700663857217
2022-12-13,3293,420000,164184500,393.0,393.5,388.5,388.5,-2.5,337,390.54206424440156,390.195163013224,385.96798479752164,394.01777941897706,545.4763300356408
2022-12-14,3293,514000,201552500,391.0,394.0,388.5,393.0,4.5,424,391.3613761629344,390.70513337445595,386.5794643803458,393.9873979437837,544.3255652806548
2022-12-15,3293,1404000,558609500,394.5,403.0,393.5,395.0,2.0,1189,392.5742507752896,391.48601821546396,387.3116848690114,394.01762487083494,543.1985798823102
2022-12-16,3293,1293000,513812500,392.5,401.0,391.0,398.0,3.0,1046,394.3828338501931,392.6703785399251,388.2411035760539,394.13650174036223,542.1027415435758
2022-12-19,3293,3836000,1572805500,402.0,418.0,400.0,418.0,20.0,3201,402.2552225667954,397.2757642599387,390.8288336998753,394.84884497199323,541.166117079096
2022-12-20,3293,5360000,2219853000,421.5,430.0,400.5,404.5,-13.5,4308,403.0034817111969,398.58926166722256,392.0176307694514,395.13693915193375,540.1346746860462
2022-12-21,3293,3045000,1273072000,408.5,424.5,406.0,424.0,19.5,2523,410.00232114079796,403.2093959095457,394.7987063547165,395.99852305784617,539.2581865752081
2022-12-22,3293,2882000,1228723000,430.0,431.0,420.5,426.5,2.5,2323,415.50154742719866,407.44405119871925,397.55534058474115,396.9090149068657,538.4071813935085
2022-12-23,3293,3500000,1505804000,422.0,439.0,420.0,425.5,-1.0,2899,418.8343649514658,410.7269509807703,399.9853109686767,397.7624771484518,537.555051722614
2022-12-26,3293,1796000,766479000,431.0,434.5,420.0,421.0,-4.5,1494,419.5562433009772,412.5947780751757,401.81267523227,398.4561345470055,536.6753909548962
2022-12-27,3293,1401000,599774500,427.0,431.5,423.5,430.0,9.0,1128,423.0374955339848,415.7593638796892,404.2637469512031,399.39774247097546,535.8702936646706
2022-12-28,3293,1424000,612613500,430.0,435.0,427.0,428.0,-2.0,1259,424.6916636893232,417.9849340833821,406.3277689554463,400.2515412031851,535.0561782407863
2022-12-29,3293,3215000,1382481000,427.5,438.0,422.5,424.5,-3.5,2706,424.6277757928821,419.16949152276715,407.9079629593205,400.97537579413483,534.2217919899124
2022-12-30,3293,2316000,1000918500,429.0,436.0,425.5,433.5,9.0,1765,427.5851838619214,421.77503851862764,410.133357484597,401.94626009878755,533.461627522064
2023-01-03,3293,1958000,846270500,434.5,439.0,428.5,433.5,0.0,1633,429.5567892412809,423.906849697059,412.16523944245813,402.88816278240586,532.707200144539
2023-01-04,3293,2963000,1305546000,435.0,445.0,434.0,444.0,10.5,2434,434.3711928275206,427.5601497521392,414.93347949094004,404.11538180382655,532.0377118415613
2023-01-05,3293,2110000,937678000,446.5,449.0,441.0,445.0,1.0,1861,437.9141285516804,430.7310316153866,417.54795953520613,405.33581816789143,531.3808234503042
2023-01-06,3293,4512000,2044701500,450.0,464.0,446.0,453.0,8.0,3824,442.9427523677869,434.77993495804355,420.6307456625795,406.7586295658648,530.7892700657736
2023-01-09,3293,4479000,2097440500,457.5,476.0,455.5,476.0,23.0,3728,453.9618349118579,442.27449223839926,425.4454634310508,408.8255361459882,530.375766140749
2023-01-10,3293,3473000,1680260000,485.0,488.0,477.5,483.5,7.5,2962,463.8078899412386,449.77003910414487,430.4936840022638,411.0546246192423,530.021986773649
2023-01-11,3293,2853000,1385279500,492.0,498.0,478.5,481.5,-2.0,2480,469.70525996082574,455.5391229033913,434.9290158281539,413.1574716455336,529.6557830998856
2023-01-12,3293,3191000,1511818500,484.5,484.5,469.0,474.0,-7.5,2670,471.1368399738838,458.8956460118656,438.3264927126623,414.9736665217863,529.2357394538487
2023-01-13,3293,2164000,1016579500,478.0,478.0,466.0,466.5,-7.5,1830,469.5912266492559,460.27825582789006,440.7763629115612,416.51176602859863,528.7622621749517
2023-01-16,3293,1444000,681021000,468.0,475.0,468.0,472.0,5.5,1153,470.3941510995039,462.40948204100096,443.49146178881676,418.1681312217748,528.3338677434426
2023-01-17,3293,1822000,872838500,475.0,482.5,473.5,481.0,9.0,1580,473.92943406633594,465.78957621536443,446.7530738071805,420.0437093942591,527.9766310057563
2023-01-30,3293,2746000,1343741500,486.0,495.5,482.0,495.0,14.0,2335,480.952956044224,471.10056235802546,450.94845869351263,422.2812106063708,527.7277507717506
2023-01-31,3293,1855000,911114000,495.5,497.0,487.0,494.5,-0.5,1523,485.46863736281597,475.35500556565717,454.73554924190285,424.4369953643896,527.4769752942279
2023-02-01,3293,3404000,1736878000,497.5,518.0,495.5,517.0,22.5,2741,495.97909157521065,482.92682273553766,460.14984930782435,427.2000701296317,527.3979037825734
2023-02-02,3293,1879000,966439000,517.0,521.0,510.0,518.0,1.0,1617,503.31939438347376,489.303764056349,465.1802971941005,429.9105157974039,527.3269762068559
2023-02-03,3293,1993000,1034619000,521.0,525.0,508.0,524.0,6.0,1576,510.2129295889825,495.61217059155825,470.2950539598309,432.7191571168844,527.3018669524645
2023-02-06,3293,2972000,1519939000,525.0,529.0,500.0,500.0,-24.0,2491,506.8086197259883,496.40995775672945,472.8780927459326,434.7275404865296,527.0958151264082
2023-02-07,3293,2179000,1115704000,502.0,519.0,502.0,516.0,16.0,1801,509.8724131506589,499.9717836191423,476.6278238115037,437.1535840540959,527.0120731254542
2023-02-08,3293,2002000,1040194000,518.0,526.0,513.0,514.0,-2.0,1624,511.24827543377256,502.52236841566184,479.8775782626773,439.4475069181527,526.9138687999791
2023-02-09,3293,1228000,626985000,514.0,518.0,506.0,507.0,-7.0,1062,509.83218362251506,503.3364832491779,482.23604971809664,441.4639992489541,526.7635754505453
2023-02-10,3293,822000,418936000,508.0,515.0,506.0,508.0,1.0,714,509.2214557483434,504.184395385691,484.4763932208708,443.45014852510474,526.6219635603525
2023-02-13,3293,688000,346667000,504.0,508.0,500.0,502.0,-6.0,571,506.8143038322289,503.7872325882926,486.00018511470813,445.1979052855494,526.4361374202743
2023-02-14,3293,1076000,545436000,508.0,513.0,501.0,503.0,1.0,924,505.54286922148594,503.6440993904212,487.4784298873422,446.9233409486673,526.2592609114421
2023-02-15,3293,632000,319466000,502.0,509.0,502.0,508.0,5.0,569,506.36191281432394,504.4360813194355,489.26291424496463,448.7465248009459,526.1214551687142
2023-02-16,3293,479000,243901000,510.0,511.0,507.0,509.0,1.0,449,507.2412752095493,505.2658847159018,490.97918257148945,450.5451360009177,525.992236639139
2023-02-17,3293,757000,388215000,505.0,518.0,505.0,517.0,8.0,674,510.4941834730329,507.39936022210145,493.2418623478817,452.5288632844724,525.9243707022399
2023-02-20,3293,937000,480493000,522.0,522.0,508.0,508.0,-9.0,816,509.66278898202194,507.5085674544466,494.5251786654572,454.18471811180154,525.7890924327891
2023-02-21,3293,608000,307229000,508.0,511.0,502.0,505.0,-3.0,510,508.1085259880146,507.0524642809109,495.43603269454786,455.70159219801644,525.6321936219756
2023-02-22,3293,1879000,931742500,503.0,505.0,489.0,497.5,-7.5,1628,504.5723506586764,505.3156525934726,495.61550811241324,456.94930586374727,525.4198751795456
2023-02-23,3293,1188000,599079500,498.5,512.0,497.5,508.0,10.5,955,505.71490043911757,505.80371575829577,496.6924204504643,458.47320718124735,525.2884044234735
2023-02-24,3293,700000,353739000,511.0,513.0,501.0,505.0,-3.0,589,505.47660029274505,505.6575856204238,497.41481867216305,459.86206666837427,525.1352843900888
2023-03-01,3293,1449000,742248500,503.0,519.0,498.0,519.0,14.0,1134,509.98440019516335,508.0834791439831,499.2917909615402,461.62737811110935,525.0889803569561
2023-03-02,3293,1202000,627057000,519.0,525.0,517.0,521.0,2.0,945,513.6562667967755,510.4319374814407,501.1794613127106,463.3996951824195,525.058120127847
2023-03-03,3293,2528000,1344184000,524.0,542.0,520.0,536.0,15.0,1894,521.104177864517,515.0806761211787,504.20733424204013,465.56686846055624,525.1407003532972
2023-03-06,3293,3001000,1678216000,538.0,573.0,536.0,566.0,30.0,2340,536.069451909678,524.3387350082371,509.580609525341,468.5648723871068,525.4490724261026
2023-03-07,3293,1954000,1101346000,562.0,576.0,555.0,559.0,-7.0,1656,543.7129679397854,530.6407831885576,513.8779478274853,471.26442843525285,525.7022869738302
2023-03-08,3293,1742000,981448000,552.0,572.0,547.0,572.0,13.0,1382,553.1419786265236,538.160640790638,518.9320393207474,474.27146042226025,526.0517036759145
2023-03-09,3293,2109000,1230955000,580.0,591.0,576.0,580.0,8.0,1707,562.0946524176824,545.767797010522,524.2422967711173,477.42753623055097,526.4588606293038
2023-03-10,3293,1530000,875127000,572.0,583.0,565.0,567.0,-13.0,1310,563.7297682784549,549.6281975540635,527.9603579214548,480.10134111919126,526.7648314924788
2023-03-13,3293,1628000,916546000,562.0,576.0,548.0,575.0,8.0,1443,567.4865121856366,554.2412525442338,532.0507615804588,482.9341369066781,527.1288705000827
2023-03-14,3293,1020000,588971000,568.0,584.0,568.0,575.0,0.0,883,569.9910081237578,558.015570263464,535.7854779647668,485.68237162588173,527.4901620434783
2023-03-15,3293,2120000,1207858000,582.0,586.0,562.0,562.0,-13.0,1808,567.3273387491719,558.7400120337433,538.0650016200044,487.9605097863032,527.7506136506973
2023-03-16,3293,1666000,921882000,561.0,563.0,548.0,548.0,-14.0,1434,560.8848924994479,556.7872825730626,538.9289145226127,489.75273337477176,527.9034392080506
2023-03-17,3293,1002000,559580000,558.0,562.0,551.0,560.0,12.0,763,560.5899283329653,557.3714130143239,540.7611828249942,491.8496667068681,528.1456774027068
2023-03-20,3293,808000,448738000,561.0,562.0,548.0,552.0,-8.0,675,557.7266188886435,556.394792466265,541.7384712749947,493.6451990439765,528.3257100260827
2023-03-21,3293,816000,450093000,556.0,558.0,548.0,549.0,-3.0,693,554.8177459257623,555.050284745126,542.3699085554299,495.29758116206676,528.4817424032443
2023-03-22,3293,853000,479101000,555.0,567.0,554.0,561.0,12.0,775,556.8784972838415,556.1320511551031,543.9899165071316,497.2588473960349,528.7271632152953
2023-03-23,3293,560000,312982000,555.0,563.0,553.0,562.0,1.0,515,558.5856648558944,557.1989509450843,545.5560107239028,499.19141911555624,528.9782789646138
2023-03-24,3293,593000,334102000,567.0,567.0,558.0,563.0,1.0,559,560.0571099039296,558.2536871368872,547.0728793566069,501.0961528733008,529.2350466705412
2023-03-27,3293,1242000,711689000,566.0,580.0,561.0,573.0,10.0,1056,564.3714066026197,560.9348349301804,549.3274115864672,503.2425363696202,529.5653482051032
2023-03-28,3293,1293000,727592000,575.0,577.0,556.0,559.0,-14.0,1108,562.5809377350798,560.5830467610567,550.1685062311223,504.9069382690345,529.7874965205364
2023-03-29,3293,954000,543594000,561.0,577.0,560.0,570.0,11.0,860,565.0539584900532,562.2952200772282,551.8929839501551,506.8500147386156,530.0909871128342
2023-03-30,3293,891000,507084000,574.0,579.0,563.0,564.0,-6.0,803,564.7026389933689,562.6051800631867,552.9457679544894,508.55598444791065,530.346904191228
2023-03-31,3293,778000,441827000,568.0,572.0,563.0,572.0,8.0,566,567.1350926622459,564.3133291426074,554.6026576975772,510.4498356584208,530.661267178464
2023-04-06,3293,1738000,960123000,573.0,573.0,546.0,548.0,-24.0,1447,560.7567284414973,561.3472692984969,554.0285135499619,511.57073608652763,530.7921255393812
2023-04-07,3293,721000,395366000,547.0,554.0,545.0,545.0,-3.0,602,555.5044856276648,558.375038516952,553.2434254151826,512.5686245615567,530.8993547805934
2023-04-10,3293,463000,255109000,546.0,555.0,546.0,550.0,5.0,371,553.6696570851099,556.8523042411425,552.961388422558,513.6859790522565,531.0435105935701
2023-04-11,3293,1375000,748032000,552.0,555.0,536.0,538.0,-12.0,1133,548.4464380567399,553.4246125609347,551.6603981249442,514.4117707223384,531.096012400411
2023-04-12,3293,1315000,705429000,534.0,545.0,526.0,540.0,2.0,1095,545.6309587044933,550.9837739134921,550.6464504619056,515.17559846197,531.1632123068231
2023-04-13,3293,671000,362360000,542.0,544.0,535.0,535.0,-5.0,611,542.0873058029955,548.0776332019481,549.2858895521747,515.7673716422097,531.1921691950735
2023-04-14,3293,1181000,646891000,542.0,555.0,536.0,551.0,16.0,991,545.0582038686637,548.6089726197757,549.4349426345943,516.819091891696,531.3416622577522
2023-04-17,3293,842000,462046000,553.0,557.0,542.0,545.0,-6.0,671,545.0388025791091,547.9527957798165,549.0492954489774,517.6603130292573,531.4447440520333
2023-04-18,3293,618000,337116000,545.0,551.0,542.0,542.0,-3.0,523,544.0258683860727,546.8704692743953,548.4363132360229,518.3868708492795,531.5244063610746
2023-04-19,3293,514000,277336000,544.0,546.0,535.0,535.0,-7.0,482,541.0172455907151,544.7122021335962,547.2679381720209,518.882785152286,531.5506372564628
2023-04-20,3293,766000,406155000,534.0,536.0,527.0,527.0,-8.0,653,536.3448303938101,541.4918017456696,545.5055087657582,519.1250900731134,531.5162928243385
2023-04-21,3293,2101000,1073682000,528.0,528.0,503.0,505.0,-22.0,1674,525.8965535958733,534.8569287010024,541.9832906122141,518.703445593319,531.3161698596265
2023-04-24,3293,1213000,628242000,505.0,524.0,505.0,520.0,15.0,1028,523.9310357305823,532.1556689371838,540.0717001241954,518.7421487099364,531.2307648040821
2023-04-25,3293,1016000,525180000,520.0,525.0,512.0,518.0,-2.0,837,521.9540238203882,529.5819109486049,538.1524218525262,518.7199950171024,531.1309099753721
2023-04-26,3293,1028000,528034000,515.0,520.0,510.0,513.0,-5.0,777,518.9693492135922,526.5670180488586,535.9652547349152,518.5492488971889,530.9940729189542
2023-04-27,3293,994000,518206000,515.0,526.0,514.0,523.0,10.0,763,520.3128994757282,525.9184693127024,534.8378412797052,518.6821071390639,530.9337402931508
2023-04-28,3293,645000,342500000,528.0,536.0,524.0,535.0,12.0,527,525.2085996504854,527.5696567103929,534.8519420379918,519.1692084184948,530.9644290456553
2023-05-02,3293,620000,333700000,543.0,544.0,532.0,534.0,-1.0,529,528.1390664336569,528.738810035776,534.7778601216446,519.6119186149576,530.9873390151221
2023-05-03,3293,547000,294550000,534.0,543.0,528.0,538.0,4.0,502,531.4260442891047,530.422662756544,535.0580461980234,520.16081656675,531.0402647584042
2023-05-04,3293,552000,298180000,543.0,545.0,536.0,538.0,0.0,497,533.6173628594031,531.8003604371723,535.3138682677604,520.693329505056,531.0927910621143
2023-05-05,3293,970000,528885000,549.0,552.0,540.0,540.0,2.0,830,535.7449085729354,533.2912039940501,535.7213579836074,521.2696480272931,531.1600152805134
2023-05-08,3293,1411000,783091000,548.0,562.0,545.0,556.0,16.0,1207,542.4966057152902,537.4200759951319,537.4847181589458,522.3063749518515,531.347486863302
2023-05-09,3293,1093000,612337000,565.0,569.0,553.0,559.0,3.0,947,547.9977371435268,541.3436985414716,539.355612232081,523.4017070428409,531.5561850756545
2023-05-10,3293,746000,417986000,563.0,565.0,556.0,559.0,0.0,656,551.6651580956845,544.553935170295,541.0638198640739,524.4643426535024,531.7633082071591
2023-05-11,3293,572000,320499000,563.0,564.0,556.0,560.0,1.0,499,554.4434387304564,547.3623105938777,542.7104442237197,525.5251085444427,531.9764153150296
2023-05-12,3293,631000,354717000,556.0,566.0,556.0,564.0,4.0,560,557.6289591536375,550.3873450313545,544.5617099433963,526.6736127669966,532.2181027466142
2023-05-15,3293,789000,435876000,567.0,567.0,546.0,548.0,-16.0,700,554.419306102425,549.9532822983809,544.8606916874488,527.3102213411161,532.3372114051303
2023-05-16,3293,463000,254637000,555.0,555.0,546.0,546.0,-2.0,405,551.61287073495,549.2345036986753,544.9597619754968,527.8681251816797,532.440326790752
2023-05-17,3293,401000,219857000,546.0,553.0,544.0,549.0,3.0,354,550.7419138233,549.1918666625526,545.3110870211058,528.4989274150624,532.5653054564822
2023-05-18,3293,675000,375245000,551.0,560.0,551.0,554.0,5.0,597,551.8279425488666,550.0660727239067,546.0666446714444,529.260153462374,532.7270767360559
2023-05-19,3293,401000,220121000,555.0,556.0,546.0,547.0,-7.0,377,550.2186283659111,549.5086049559237,546.1478060043622,529.7897011202135,532.8347969116328
2023-05-22,3293,222000,121476000,547.0,550.0,544.0,548.0,1.0,201,549.4790855772741,549.2343131457558,546.308866351809,530.3332921315505,532.9492512745638
2023-05-23,3293,679000,377337000,549.0,560.0,546.0,558.0,10.0,600,552.3193903848494,550.828074391982,547.325486669043,531.1591640082206,533.1383135290954
2023-05-24,3293,405000,223703000,555.0,556.0,550.0,552.0,-6.0,378,552.2129269232329,551.041151775258,547.7319660891262,531.7812785154379,533.2806658798193
2023-05-25,3293,385000,214179000,559.0,559.0,552.0,558.0,6.0,349,554.1419512821552,552.3063969070292,548.6248386031152,532.5639269179621,533.467226892047
2023-05-26,3293,449000,248227000,556.0,558.0,550.0,550.0,-8.0,413,552.7613008547702,551.8870520148421,548.7444178550182,533.0844067114558,533.5920025381448
2023-05-29,3293,792000,443673000,552.0,565.0,551.0,562.0,12.0,680,555.8408672365134,553.7257698303254,549.8970771719731,533.9475587499198,533.806402518989
2023-05-30,3293,430000,239446000,561.0,563.0,554.0,555.0,-7.0,384,555.5605781576756,553.9574480429935,550.3408095918015,534.5759898320118,533.9663541980909
2023-05-31,3293,1445000,820340000,555.0,575.0,554.0,567.0,12.0,1187,559.3737187717837,556.3288211260856,551.7894348446883,535.5438707325488,534.2156647324449
2023-06-01,3293,2911000,1721054000,565.0,600.0,565.0,595.0,28.0,2567,571.2491458478559,563.3599445577064,555.5468752929763,537.318680561428,534.6744144325774
2023-06-02,3293,4814000,2994694000,602.0,645.0,602.0,631.0,36.0,4174,591.1660972319039,575.6581364563052,562.108016571848,540.1151378581018,535.4013999840296
2023-06-05,3293,2466000,1575010000,645.0,655.0,626.0,631.0,0.0,2260,604.4440648212693,585.7202934642497,568.0986238264699,542.8281188175614,536.1228988520746
2023-06-06,3293,2111000,1335992000,636.0,648.0,623.0,628.0,-3.0,1859,612.2960432141796,593.4075128343861,573.3074391459072,545.3705630319625,536.8163109362099
2023-06-07,3293,1363000,864549000,633.0,642.0,627.0,630.0,2.0,1181,618.1973621427863,600.0606923190431,578.2372270462631,547.8968148817547,537.5195840612197
2023-06-08,3293,1399000,889299000,641.0,644.0,630.0,633.0,3.0,1309,623.1315747618576,606.0496573519443,582.9992073031098,550.437208467374,538.2401909739652
2023-06-09,3293,1665000,1036104000,639.0,639.0,612.0,616.0,-17.0,1473,620.7543831745717,607.8588105606817,585.8688414506654,552.3943067220792,538.8270574571806
2023-06-12,3293,829000,514052000,617.0,630.0,612.0,617.0,1.0,759,619.5029221163811,609.5208450041941,588.5758987158249,554.3228348796291,539.4170419292018
2023-06-13,3293,597000,371575000,627.0,627.0,618.0,622.0,5.0,526,620.3352814109207,611.7897822761588,591.4823423057531,556.3430487638193,540.0403095372833
2023-06-14,3293,426000,264062000,622.0,626.0,617.0,619.0,-3.0,387,619.8901876072805,613.1007309532208,593.8751821052529,558.2134055171381,540.6362317294547
2023-06-15,3293,1026000,625183000,620.0,620.0,605.0,608.0,-11.0,917,615.926791738187,612.1733253253625,595.1034271395787,559.6995725166265,541.144637527723
2023-06-16,3293,571000,347751000,608.0,613.0,604.0,608.0,0.0,486,613.284527825458,611.4145389025693,596.2248682578762,561.1413763221003,541.6492063010987
2023-06-19,3293,369000,224958000,615.0,615.0,607.0,609.0,1.0,305,611.8563518836387,610.975531829375,597.3357492789305,562.5699919542765,542.1575141780716
2023-06-20,3293,1694000,1062483000,612.0,638.0,610.0,624.0,15.0,1468,615.9042345890924,613.3436169513068,599.6543797764148,564.4037235377309,542.7751933163503
2023-06-21,3293,1542000,944328000,624.0,624.0,607.0,608.0,-16.0,1383,613.2694897260616,612.3720502328873,600.3800858828134,565.7051049246643,543.2674560083024
2023-06-26,3293,1340000,833070000,610.0,629.0,605.0,624.0,16.0,1212,616.846326484041,614.4862229178169,602.4339914582209,567.4452510463161,543.8767582271076
2023-06-27,3293,2866000,1821151000,624.0,644.0,624.0,632.0,8.0,2381,621.8975509893606,617.6705460236684,605.0049487227235,569.3722584777694,544.5418392970918
2023-06-28,3293,2042000,1272399000,636.0,638.0,614.0,614.0,-18.0,1718,619.2650339929071,617.003174019365,605.7871270946606,570.7044298664927,545.0660518306986
2023-06-29,3293,692000,427527000,621.0,622.0,614.0,618.0,4.0,576,618.8433559952714,617.1844151067532,606.849116042951,572.1162379301794,545.6164967225424
2023-06-30,3293,933000,577896000,620.0,630.0,612.0,618.0,0.0,802,618.5622373301809,617.3327032691617,607.8187581261726,573.485902469577,546.1627873133157
2023-07-03,3293,957000,585623000,620.0,622.0,608.0,610.0,-8.0,852,615.7081582201206,615.9994844929505,608.0084313325924,574.5758755301866,546.6445775977435
2023-07-04,3293,669000,410254000,610.0,619.0,608.0,619.0,9.0,556,616.8054388134137,616.5450327669595,608.964219912367,575.9019687979422,547.1906562573831
2023-07-05,3293,732000,453345000,615.0,624.0,614.0,620.0,1.0,669,617.8702925422758,617.1732086275123,609.9238529634655,577.2183279383022,547.7401607384595
2023-07-06,3293,1468000,908288000,618.0,632.0,610.0,610.0,-10.0,1294,615.2468616948505,615.8689888770555,609.9304744449033,578.1968853132782,548.2100463177919
2023-07-07,3293,1047000,639755000,615.0,619.0,607.0,609.0,-1.0,914,613.1645744632336,614.6200818084999,609.8495636236074,579.1163812740759,548.6688384210539
2023-07-10,3293,1172000,726914000,612.0,625.0,611.0,620.0,11.0,1041,615.4430496421558,615.598248752409,610.7322102650329,580.336787803208,549.207186810329
2023-07-11,3293,2283000,1443854000,625.0,641.0,620.0,640.0,20.0,1959,623.6286997614371,620.0349307974255,613.2772354593778,582.1177792120675,549.892415589119
2023-07-12,3293,1705000,1098611000,648.0,655.0,635.0,638.0,-2.0,1475,628.4191331742915,623.3013070160755,615.4270410716058,583.7859052057371,550.5573784903331
2023-07-13,3293,1691000,1090602000,645.0,652.0,639.0,643.0,5.0,1397,633.2794221161943,626.8828875586072,617.8246896740749,585.5534901249688,551.2550586526702
2023-07-14,3293,2710000,1761265000,654.0,656.0,642.0,652.0,9.0,1809,639.5196147441295,631.4496352752241,620.7964557893727,587.5369680316861,552.01539783265
2023-07-17,3293,1828000,1137830000,632.0,632.0,617.0,619.0,0.0,1538,632.679743162753,629.1860652251834,620.6402422424707,588.4761630158149,552.5209419999508
2023-07-18,3293,1910000,1216142000,625.0,647.0,622.0,642.0,23.0,1605,635.7864954418353,631.5158715478773,622.4976124822558,590.0738894929548,553.1962556452341
2023-07-19,3293,2639000,1721407000,645.0,661.0,634.0,659.0,17.0,2382,643.5243302945569,636.5129858118996,625.6717331359727,592.131385328986,553.9947744705531
2023-07-20,3293,2031000,1323782000,669.0,672.0,638.0,641.0,-18.0,1760,642.6828868630379,637.3288065733724,627.0046259067576,593.5901499460311,554.6514176820962
2023-07-21,3293,889000,569449000,633.0,648.0,631.0,641.0,0.0,753,642.1219245753585,637.9962962873046,628.2216149583439,595.0053693506272,555.3031050958162
2023-07-24,3293,1090000,692185000,644.0,644.0,631.0,631.0,-10.0,916,638.4146163835724,636.7242424168857,628.4632136576183,596.0798359371756,555.8744024158478
2023-07-25,3293,1619000,1007215000,640.0,640.0,617.0,617.0,-14.0,1420,631.2764109223816,633.1380165229065,627.4664124699993,596.7043184465136,556.3357276806339
2023-07-26,3293,878000,542221000,623.0,625.0,612.0,615.0,-2.0,717,625.8509406149211,629.8401953369234,626.3823766030429,597.2504581943789,556.7784769056857
2023-07-27,3293,681000,419006000,623.0,623.0,612.0,614.0,-1.0,626,621.9006270766141,626.9601598211192,625.3056482027782,597.7504445169347,557.2103374573409
2023-07-28,3293,754000,461280000,615.0,617.0,610.0,613.0,-1.0,669,618.9337513844094,624.421948944552,624.2355918373192,598.2056551283696,557.6313915142666
2023-07-31,3293,972000,597521000,614.0,625.0,610.0,613.0,0.0,816,616.955834256273,622.3452309546335,623.2585838514653,598.6472773633436,558.049267804725
2023-08-01,3293,591000,361164000,617.0,617.0,608.0,609.0,-4.0,518,614.3038895041819,619.9188253265183,622.0187069948162,598.9563138599602,558.4338016326138
2023-08-02,3293,953000,581995000,612.0,623.0,605.0,606.0,-3.0,838,611.5359263361213,617.3881298126059,620.6257759517887,599.1665731477226,558.7927918089715
2023-08-04,3293,306000,187447000,608.0,616.0,606.0,616.0,10.0,272,613.0239508907475,617.1357425739503,620.2235345646766,599.6690635015219,559.2245443236208
2023-08-07,3293,1039000,627516000,616.0,617.0,600.0,602.0,-14.0,901,609.3493005938317,614.3837893786866,618.6388793851395,599.7386436955063,559.547377951367
2023-08-08,3293,1268000,753264000,609.0,610.0,589.0,591.0,-11.0,1109,603.2328670625544,610.1321913098345,616.2354985690404,599.4777886598196,559.7847562309794
2023-08-09,3293,677000,398061000,593.0,596.0,582.0,586.0,-5.0,587,597.4885780417029,605.7445201625919,613.6063247804282,599.0754666102728,559.9826071273493
2023-08-10,3293,934000,536251000,590.0,590.0,570.0,572.0,-14.0,790,588.9923853611352,599.6091528603025,609.9883834951736,598.267243726384,560.0733044320485
2023-08-11,3293,558000,322182000,572.0,583.0,572.0,577.0,5.0,467,584.9949235740902,595.4983977947929,607.1198284086367,597.632400630074,560.2010530778443
2023-08-14,3293,1009000,566968000,577.0,578.0,556.0,560.0,-17.0,803,576.6632823827268,589.0441436502852,603.0224520252771,596.5090453873852,560.1995356961247
2023-08-15,3293,435000,247728000,568.0,575.0,563.0,567.0,7.0,380,573.4421882551512,585.0361175320514,599.8900648926443,595.6281783608961,560.2508599550218
2023-08-16,3293,860000,478827000,565.0,565.0,553.0,559.0,-8.0,761,568.6281255034341,580.3022779807693,596.3344070758926,594.5347999023619,560.2414195025311
2023-08-17,3293,372000,210263000,559.0,572.0,554.0,571.0,12.0,336,569.4187503356228,578.6109547115385,594.1314151562498,593.8322685619929,560.3226163364743
2023-08-18,3293,389000,219991000,571.0,573.0,561.0,562.0,-9.0,351,566.9458335570819,575.5907811276224,591.3373790557063,592.8820515899931,560.3352758358217
2023-08-21,3293,216000,121500000,563.0,567.0,559.0,563.0,1.0,186,565.6305557047212,573.3015481953274,588.8732591378188,591.9900500499933,560.355386961589
2023-08-22,3293,609000,339281000,566.0,568.0,552.0,554.0,-9.0,527,561.7537038031475,569.7921757961769,585.8408018214867,590.8560187052174,560.3074217769732
2023-08-23,3293,251000,139724000,557.0,560.0,553.0,558.0,4.0,204,560.5024692020983,567.6481438332356,583.4198625326618,589.8752420274496,560.290007272996
2023-08-24,3293,501000,284553000,561.0,574.0,560.0,567.0,9.0,429,562.6683128013989,567.53029949992,581.9920483993868,589.1923989818541,560.3406487275395
2023-08-25,3293,343000,192068000,563.0,564.0,558.0,559.0,-8.0,315,561.4455418675992,565.97933595448,579.9927398429184,588.2911333406048,560.3305306239354
2023-08-28,3293,356000,198527000,563.0,564.0,552.0,557.0,-2.0,344,559.9636945783994,564.3467294173018,577.9933711609254,587.3570696587957,560.3053945437547
2023-08-29,3293,286000,159807000,557.0,561.0,555.0,561.0,4.0,271,560.3091297189329,563.7382331596106,576.5156867121493,586.5702914600257,560.3106368490849
2023-08-30,3293,391000,221905000,563.0,570.0,563.0,568.0,7.0,330,562.8727531459552,564.5130998578632,575.7751922154407,586.0159544015174,560.3686697785257
2023-08-31,3293,928000,535918000,568.0,585.0,568.0,575.0,7.0,801,566.9151687639702,566.4198089746153,575.7077841967067,585.6871199417707,560.4790949122727
2023-09-01,3293,403000,230037000,575.0,576.0,566.0,566.0,-9.0,383,566.6101125093135,566.3434800701398,574.863629049167,585.0994447196283,560.5207621204819
2023-09-04,3293,424000,240765000,566.0,577.0,561.0,577.0,11.0,366,570.0734083395423,568.2810291482962,575.0494004361959,584.8576702503857,560.6451337271197
2023-09-05,3293,511000,298331000,575.0,587.0,575.0,587.0,10.0,461,575.7156055596948,571.6844783940605,576.0885830069615,584.9216203921652,560.8440383782358
2023-09-06,3293,2242000,1364702000,600.0,617.0,596.0,608.0,21.0,1836,586.4770703731299,578.2873005042313,578.8634888324431,585.6105272461305,561.1999324282115
2023-09-07,3293,793000,481911000,607.0,617.0,603.0,607.0,-1.0,699,593.3180469154199,583.5077913216438,581.310141977448,586.2490189701266,561.5455933155457
2023-09-08,3293,643000,391105000,610.0,613.0,604.0,604.0,-3.0,570,596.8786979436132,587.2336474449813,583.2831731098438,586.778899000869,561.8660039320322
2023-09-11,3293,939000,564993000,607.0,610.0,589.0,609.0,5.0,826,600.9191319624089,591.1911660913484,585.5194189263791,587.4422154486043,562.2217322042433
2023-09-12,3293,1355000,834104000,614.0,627.0,607.0,607.0,-2.0,1245,602.9460879749392,594.065499529285,587.3872955414765,588.026029912825,562.5596813951546
2023-09-13,3293,450000,273237000,609.0,613.0,602.0,609.0,2.0,401,604.9640586499595,596.7808632512332,589.2666611465655,588.6521185721436,562.9101743657573
2023-09-14,3293,440000,268272000,611.0,614.0,605.0,610.0,1.0,364,606.6427057666397,599.1843426600999,591.069560177299,589.28936876402,563.2655692762044
2023-09-15,3293,792000,488424000,613.0,621.0,611.0,620.0,10.0,615,611.0951371777597,602.9690076309909,593.5852505966643,590.2061040247955,563.6937536590254
2023-09-18,3293,568000,352593000,620.0,625.0,617.0,617.0,-3.0,475,613.0634247851732,605.5200971526289,595.6213157621718,591.0059218151001,564.0960649521649
2023-09-19,3293,753000,467993000,617.0,626.0,614.0,623.0,6.0,658,616.3756165234488,608.6982613066964,598.0020709132873,591.9609689250972,564.5406229525258
2023-09-20,3293,773000,478981000,629.0,629.0,612.0,612.0,-11.0,646,614.9170776822992,609.2985774327516,599.2192821382189,592.5591489571839,564.8988069302426
2023-09-21,3293,395000,241034000,612.0,615.0,608.0,610.0,-2.0,367,613.2780517881995,609.4261088086149,600.1567358653302,593.0797713763724,565.2391932930332
2023-09-22,3293,693000,428909000,608.0,624.0,608.0,624.0,14.0,616,616.8520345254664,612.0759072070485,602.2300631813885,594.0027632755852,565.6826710795009
2023-09-25,3293,1675000,1067971000,626.0,644.0,624.0,643.0,19.0,1371,625.5680230169776,617.6984695330398,605.775275078659,595.465367356911,566.2661980902217
2023-09-26,3293,2029000,1320256000,645.0,665.0,638.0,641.0,-2.0,1669,630.7120153446517,621.9351114361234,608.8382946370365,596.8246101223763,566.8302267838803
2023-09-27,3293,1006000,652625000,641.0,656.0,640.0,654.0,13.0,827,638.4746768964345,627.7650911750101,612.7653994512073,598.5313381784248,567.4881118647567
2023-09-28,3293,2167000,1426716000,658.0,666.0,647.0,652.0,-2.0,1822,642.9831179309564,632.1714382340991,616.1771038467544,600.1274176357853,568.1259374355886
2023-10-02,3293,955000,628496000,660.0,665.0,652.0,652.0,0.0,863,645.9887452873043,635.7766312824448,619.2921382948628,601.6758529302394,568.7589492285276
2023-10-03,3293,1068000,684543000,654.0,656.0,636.0,638.0,-14.0,984,643.3258301915362,636.1808801401821,620.9189088779182,602.7601558278442,569.2815231966142
2023-10-04,3293,719000,457801000,635.0,645.0,627.0,644.0,6.0,630,643.5505534610242,637.6025382965126,622.9259602798384,603.9911959523862,569.8454362290926
2023-10-05,3293,532000,342670000,643.0,648.0,640.0,643.0,-1.0,487,643.3670356406827,638.583894969874,624.6715289511568,605.1556378642553,570.3975461443447
2023-10-06,3293,483000,307198000,642.0,643.0,633.0,633.0,-10.0,449,639.9113570937885,637.5686413389878,625.3957438249693,605.9868128533819,570.8700174941987
2023-10-11,3293,631000,396887000,635.0,639.0,625.0,625.0,-8.0,554,634.9409047291923,635.2834338228082,625.3613313184502,606.5543706786541,571.2785456640538
2023-10-12,3293,302000,190085000,625.0,635.0,625.0,630.0,5.0,282,633.2939364861282,634.3228094913885,625.764693812498,607.2542402106345,571.7217264514949
2023-10-13,3293,610000,378093000,625.0,626.0,615.0,619.0,-11.0,544,628.5292909907522,631.5368441293178,625.176459567933,607.6048599058395,572.0785436103515
2023-10-16,3293,330000,204846000,616.0,624.0,616.0,622.0,3.0,291,626.3528606605015,629.8028724694419,624.9002456924605,608.034565580292,572.4553093189527
2023-10-17,3293,466000,292733000,622.0,634.0,622.0,624.0,2.0,391,625.5685737736677,628.7478047477252,624.8219634583336,608.5111457122235,572.8443258523946
2023-10-18,3293,397000,245447000,626.0,627.0,614.0,617.0,-7.0,363,622.7123825157785,626.6118402481388,624.1417927228263,608.7645443476796,573.1775762233199
2023-10-19,3293,299000,184412000,615.0,620.0,614.0,618.0,1.0,268,621.1415883438523,625.0460511121136,623.6077237904066,609.0402295910325,573.5158586669174
2023-10-20,3293,295000,182029000,613.0,620.0,613.0,620.0,2.0,262,620.7610588959016,624.1285872735475,623.2940086781973,609.3673869166732,573.8666823750916
2023-10-23,3293,298000,185777000,622.0,629.0,619.0,619.0,-1.0,269,620.1740392639343,623.1961168601753,622.9206166192237,609.6549276057277,574.2073111873551
2023-10-24,3293,228000,141638000,620.0,624.0,618.0,623.0,4.0,190,621.1160261759562,623.1604592492343,622.9275195218999,610.053287975706,574.575557895375
2023-10-25,3293,313000,196810000,625.0,631.0,625.0,629.0,6.0,289,623.7440174506374,624.2221939311918,623.4555613026042,610.6188614689685,574.986308401825
2023-10-26,3293,248000,155168000,624.0,630.0,621.0,623.0,-6.0,224,623.4960116337583,623.9999768527932,623.4159472762908,610.9884476937754,575.3486758855848
2023-10-27,3293,737000,453928000,623.0,626.0,612.0,612.0,-11.0,679,619.6640077558388,621.8181628795581,622.4232562087873,611.018643285006,575.6252896524861
2023-10-30,3293,268000,165516000,610.0,621.0,610.0,620.0,8.0,234,619.7760051705592,621.4875878105476,622.2125382775884,611.2867434854536,575.960193126807
2023-10-31,3293,454000,283739000,620.0,629.0,619.0,623.0,3.0,399,620.8506701137061,621.7625718449934,622.281013209972,611.6363929336491,576.3152105371707
2023-11-01,3293,853000,542244000,624.0,640.0,624.0,640.0,17.0,730,627.233780075804,625.0784678731765,623.8217946699745,612.4830677714506,576.795850457645
2023-11-02,3293,419000,270031000,642.0,650.0,641.0,644.0,4.0,377,632.822520050536,628.5187464416898,625.5764212204115,613.4238717185715,577.3030515862665
2023-11-03,3293,302000,193765000,648.0,649.0,636.0,643.0,-1.0,269,636.215013367024,631.1517016341098,627.0915150273322,614.3067412195096,577.7988776120305
2023-11-06,3293,330000,213523000,648.0,649.0,645.0,647.0,4.0,291,639.8100089113493,634.033210427908,628.8226876336512,615.2826593920615,578.3211502338265
2023-11-07,3293,576000,374566000,650.0,654.0,645.0,652.0,5.0,484,643.8733392742329,637.2998994410157,630.8381061002902,616.3786994102089,578.8772170245146
2023-11-08,3293,442000,288744000,653.0,657.0,650.0,651.0,-1.0,386,646.2488928494886,639.7908268153765,632.5913142654824,617.4121710696056,579.4215399148957
2023-11-09,3293,676000,443356000,655.0,659.0,651.0,658.0,7.0,570,650.1659285663258,643.1015855762171,634.8007651989187,618.6237480526024,580.01458489667
2023-11-10,3293,469000,308579000,658.0,662.0,653.0,653.0,-5.0,433,651.1106190442172,644.9012972896321,636.3833073555345,619.6499048271517,580.5654182182046
2023-11-13,3293,706000,456280000,657.0,659.0,641.0,642.0,-11.0,632,648.0737460294781,644.3737886915172,636.871715411575,620.3170718472367,581.0290754391993
2023-11-14,3293,457000,291400000,646.0,646.0,633.0,637.0,-5.0,413,644.3824973529854,643.0330998385141,636.8828705931771,620.815069702543,581.4514975113564
2023-11-15,3293,668000,424111000,640.0,643.0,630.0,631.0,-6.0,620,639.9216649019903,640.8452635042388,636.371316628553,621.1190974726164,581.8254484735348
2023-11-16,3293,346000,219646000,634.0,638.0,632.0,635.0,4.0,313,638.2811099346602,639.7824883216499,636.252071704331,621.5334527719414,582.2267658435459
2023-11-17,3293,405000,260758000,637.0,647.0,637.0,646.0,11.0,372,640.8540732897735,640.9129449904408,637.0997176430848,622.2637974653162,582.7080732711418
2023-11-20,3293,435000,277784000,649.0,649.0,636.0,638.0,-8.0,406,639.9027155265156,640.3833186285425,637.1780030654252,622.7335348544112,583.1253708313595
2023-11-21,3293,409000,261802000,640.0,644.0,638.0,638.0,0.0,370,639.2684770176771,639.9499879688075,637.249481059736,623.1892502318915,583.5395189760285
2023-11-22,3293,567000,366201000,639.0,651.0,639.0,643.0,5.0,504,640.5123180117847,640.5045356108425,637.7495261849764,623.7806158966112,583.9882773233792
2023-11-23,3293,314000,202291000,648.0,652.0,639.0,641.0,-2.0,302,640.6748786745231,640.5946200452347,638.032176081935,624.294627362384,584.4185544756556
2023-11-24,3293,598000,388168000,646.0,652.0,642.0,649.0,8.0,517,643.4499191163487,642.1228709461011,638.9858999008972,625.032101172462,584.9059616116883
2023-11-27,3293,1070000,703952000,656.0,663.0,653.0,654.0,5.0,929,646.9666127442325,644.2823489559009,640.2914738225583,625.896814570299,585.4274260523548
2023-11-28,3293,1041000,687581000,655.0,664.0,655.0,662.0,8.0,867,651.9777418294883,647.5037400548281,642.1791717510315,626.9745215980512,586.0053322708276
2023-11-29,3293,1187000,788416000,666.0,670.0,655.0,669.0,7.0,1043,657.6518278863256,651.4121509539502,644.5114176857244,628.2290134906467,586.6317071216138
2023-11-30,3293,950000,637222000,666.0,678.0,665.0,666.0,-3.0,836,660.4345519242171,654.0644871441411,646.3799900608788,629.3565056252543,587.2307131056016
2023-12-01,3293,772000,509558000,666.0,667.0,656.0,658.0,-8.0,692,659.6230346161448,654.7800349361155,647.3904257077588,630.2115353080825,587.7648209312197
2023-12-04,3293,905000,605825000,661.0,675.0,657.0,672.0,14.0,852,663.7486897440965,657.9109376750035,649.5303886896928,631.4589521645577,588.4005581317388
2023-12-05,3293,627000,420646000,672.0,677.0,665.0,673.0,1.0,570,666.8324598293976,660.6544035522757,651.5712244558065,632.6989834432276,589.0390444854615
2023-12-06,3293,727000,494328000,675.0,684.0,671.0,684.0,11.0,643,672.5549732195984,664.899057451862,654.3911179813886,634.2303570717879,589.7557309421751
2023-12-07,3293,2709000,1927908000,693.0,729.0,693.0,701.0,17.0,2454,682.0366488130657,671.462865187887,658.4440642438765,636.2234807412868,590.5953103312908
2023-12-08,3293,829000,589974000,709.0,719.0,703.0,713.0,12.0,760,692.3577658753771,679.0150715173621,663.1880586574524,638.5153171370694,591.5191193099225
2023-12-11,3293,864000,616648000,706.0,721.0,703.0,718.0,5.0,803,700.9051772502514,686.1032403323871,667.9543144263696,640.8879942374554,592.4736919943759
2023-12-12,3293,1364000,992856000,727.0,735.0,715.0,734.0,16.0,1267,711.936784833501,694.8117420901349,673.6974175197288,643.6674570960388,593.5418150736637
2023-12-13,3293,2483000,1869897000,740.0,768.0,729.0,766.0,32.0,2176,729.9578565556673,707.7550617101103,681.7237290397524,647.3191747946645,594.8433862806548
2023-12-14,3293,3089000,2426804000,774.0,807.0,768.0,785.0,19.0,2619,748.3052377037782,721.7995959446357,690.7042743406435,651.4290501739282,596.2785305351405
2023-12-15,3293,2272000,1812230000,777.0,803.0,777.0,800.0,15.0,1900,765.5368251358522,736.0178512274292,700.2082504849353,655.8640039000796,597.8160510594035
2023-12-18,3293,1483000,1169440000,795.0,797.0,780.0,787.0,-13.0,1281,772.6912167572348,745.2873328224421,707.7553591384192,659.7785112463459,599.2438544476345
2023-12-19,3293,2447000,1882102000,787.0,793.0,759.0,766.0,-21.0,1959,770.4608111714898,749.0532723092708,712.8201105176871,662.9493019554102,600.5023913951995
2023-12-20,3293,1402000,1065825000,774.0,775.0,743.0,760.0,-6.0,1156,766.9738741143266,751.043586434858,716.9227096031057,665.8463377179353,601.7061469318395
2023-12-21,3293,1473000,1085216000,753.0,753.0,728.0,734.0,-26.0,1241,755.9825827428843,747.9447525376111,718.4076913767486,667.8807753979969,602.7045911059388
2023-12-22,3293,902000,661523000,739.0,740.0,729.0,729.0,-5.0,698,746.9883884952562,744.5002520762272,719.328761691814,669.7052298637284,603.6577640032525
2023-12-25,3293,1202000,861973000,720.0,728.0,708.0,711.0,-18.0,1042,734.9922589968374,738.4092971532768,718.6045215446997,670.9379095692888,604.4678940862468
2023-12-26,3293,903000,651957000,714.0,729.0,712.0,726.0,15.0,797,731.994839331225,736.1530613072265,719.2476066277693,672.5815540597578,605.3851175271053
2023-12-27,3293,954000,699112000,732.0,742.0,726.0,726.0,0.0,827,729.9965595541499,734.3070501604581,719.8347712688328,674.1761345355859,606.2954185269008
2023-12-28,3293,721000,518656000,731.0,732.0,714.0,714.0,-12.0,652,724.6643730361,730.614859222193,719.3273998541517,675.3649066390012,607.1082832927355
2023-12-29,3293,668000,480784000,715.0,725.0,713.0,724.0,10.0,607,724.4429153574,729.4121575454307,719.7337129103124,676.8167004706728,607.9904849282619
2024-01-02,3293,1170000,856143000,735.0,739.0,725.0,725.0,1.0,1049,724.6286102382667,728.6099470826251,720.1916509181113,678.2550079193094,608.8735756080487
2024-01-03,3293,1216000,894319000,725.0,743.0,717.0,740.0,15.0,1083,729.7524068255111,730.6808657948751,721.9141160556669,680.0981420112703,609.863208999686
2024-01-04,3293,1332000,979544000,747.0,752.0,729.0,731.0,-9.0,1210,730.1682712170074,730.7388901958069,722.7041929203915,681.617600458695,610.7774489317638
2024-01-05,3293,497000,362756000,732.0,738.0,726.0,726.0,-5.0,441,728.7788474780049,729.8772737965693,722.9907848403575,682.9424482061967,611.6470530907694
2024-01-08,3293,2967000,2256916000,738.0,782.0,738.0,757.0,31.0,2553,738.18589831867,734.8086785608294,725.9481078977177,685.1531213940714,612.7440564636693
2024-01-09,3293,1509000,1140527000,765.0,770.0,748.0,749.0,-8.0,1356,741.7905988791133,737.3889188224969,727.9526202544379,687.0589983673826,613.7724032073397
2024-01-10,3293,1647000,1263016000,762.0,777.0,753.0,773.0,24.0,1490,752.1937325860755,743.8636608547702,731.8697837105738,689.6244014011921,614.9741209189824
2024-01-11,3293,1386000,1077146000,769.0,784.0,766.0,779.0,6.0,1234,761.1291550573836,750.2520861539028,735.9680633879152,692.2923297175745,616.212052081858
2024-01-12,3293,955000,737522000,779.0,781.0,766.0,767.0,-12.0,896,763.086103371589,753.2971613986477,738.6664926585313,694.5224094274977,617.3500743302968
2024-01-15,3293,567000,438804000,772.0,780.0,769.0,775.0,8.0,516,767.057402247726,757.243132053439,741.8259280795286,696.9247255639903,618.5398850900682
2024-01-16,3293,798000,609110000,778.0,778.0,757.0,759.0,-16.0,709,764.371601498484,757.5625625891773,743.3193256378304,698.7777188307368,619.599961429011
2024-01-17,3293,984000,742847000,759.0,762.0,748.0,760.0,1.0,860,762.9144009989893,758.0057330275088,744.7698190606277,700.6052496119089,620.6595843616223
2024-01-18,3293,671000,516570000,767.0,774.0,762.0,772.0,12.0,589,765.9429339993262,760.5501452043253,747.1376608814427,702.7364361906579,621.801776177761
2024-01-19,3293,547000,423439000,776.0,779.0,768.0,778.0,6.0,484,769.9619559995508,763.7228460762661,749.8213425439259,704.9831097372054,622.9806306971741
