date,stock_id,Trading_Volume,Trading_money,open,max,min,close,spread,Trading_turnover,5ema,10ema,22ema,66ema,264ema
2008-01-02,8908,1000,14400,14.4,14.4,14.4,14.4,0.3,1,,,,,
2008-01-03,8908,1000,14400,14.4,14.4,14.4,14.4,0.3,1,,,,,
2008-01-04,8908,3000,43200,14.4,14.4,14.4,14.4,0.0,2,,,,,
2008-01-07,8908,3000,43450,14.4,14.7,14.35,14.7,0.3,3,,,,,
2008-01-08,8908,2000,29650,14.9,14.9,14.75,14.75,0.05,2,14.530000000000001,,,,
2008-01-09,8908,4000,58900,14.9,14.9,14.6,14.6,-0.15,3,14.553333333333335,,,,
2008-01-10,8908,8000,112900,14.2,14.25,14.0,14.0,-0.6,8,14.36888888888889,,,,
2008-01-11,8908,1000,13950,13.95,13.95,13.95,13.95,-0.05,1,14.22925925925926,,,,
2008-01-14,8908,9000,133800,14.8,14.9,14.8,14.9,0.95,8,14.45283950617284,,,,
2008-01-15,8908,2000,30250,14.9,15.35,14.9,15.35,0.45,2,14.751893004115226,14.544999999999998,,,
2008-01-16,8908,2000,30250,14.9,15.35,14.9,15.35,0.45,2,14.951262002743483,14.691363636363635,,,
2008-01-17,8908,24000,343500,14.4,14.4,14.3,14.3,-1.05,8,14.734174668495656,14.620206611570246,,,
2008-01-18,8908,24000,343500,14.4,14.4,14.3,14.3,-1.05,8,14.589449778997105,14.561987227648384,,,
2008-01-21,8908,3000,44400,14.7,15.0,14.7,15.0,0.7,3,14.726299852664736,14.641625913530495,,,
2008-01-22,8908,6000,84150,14.05,14.1,13.95,13.95,-1.05,5,14.467533235109824,14.515875747434041,,,
2008-01-23,8908,1000,13950,13.95,13.95,13.95,13.95,0.0,1,14.295022156739883,14.41298924790058,,,
2008-01-24,8908,7000,97850,14.0,14.2,13.9,13.95,0.0,6,14.180014771159922,14.328809384645929,,,
2008-01-25,8908,7000,97850,14.0,14.2,13.9,13.95,0.0,6,14.103343180773281,14.259934951073943,,,
2008-01-28,8908,1000,14750,14.75,14.75,14.75,14.75,0.8,1,14.318895453848855,14.349037687242317,,,
2008-01-29,8908,7000,97950,14.0,14.0,13.95,13.95,-0.8,4,14.195930302565904,14.276485380470987,,,
2008-01-30,8908,26000,362200,14.2,14.3,13.85,13.85,-0.1,6,14.080620201710602,14.198942584021717,,,
2008-01-31,8908,4000,55450,13.9,13.9,13.85,13.85,0.0,3,14.003746801140402,14.13549847783595,14.390909090909092,,
2008-02-01,8908,5000,69650,13.65,14.3,13.65,13.85,0.0,5,13.952497867426935,14.08358966368396,14.343873517786562,,
2008-02-12,8908,1000,13850,13.85,13.85,13.85,13.85,0.0,1,13.918331911617956,14.041118815741422,14.300927994500775,,
2008-02-13,8908,1000,13850,13.85,13.85,13.85,13.85,0.0,1,13.895554607745304,14.006369940152073,14.261716864544185,,
2008-02-14,8908,1000,14600,14.6,14.6,14.6,14.6,0.75,1,14.130369738496869,14.114302678306242,14.29113278936643,,
2008-02-15,8908,1000,14600,14.6,14.6,14.6,14.6,0.75,1,14.286913158997912,14.202611282250562,14.317990807682392,,
2008-02-18,8908,1000,14600,14.6,14.6,14.6,14.6,0.75,1,14.391275439331942,14.274863776386823,14.342513346144793,,
2008-02-19,8908,1000,14600,14.6,14.6,14.6,14.6,0.75,1,14.460850292887962,14.3339794534074,14.364903489958289,,
2008-02-20,8908,2000,27750,13.9,13.9,13.85,13.85,-0.75,2,14.257233528591975,14.24598318915151,14.320129273440177,,
2008-02-21,8908,1000,13650,13.65,13.65,13.65,13.65,-0.2,1,14.05482235239465,14.137622609305781,14.261857162706248,,
2008-02-22,8908,1000,13650,13.65,13.65,13.65,13.65,-0.2,1,13.9198815682631,14.048963953068366,14.208652192036139,,
2008-02-25,8908,33000,449750,13.6,14.1,13.6,14.1,0.45,21,13.979921045508734,14.058243234328662,14.199204175337345,,
2008-02-26,8908,6000,81700,13.65,13.65,13.6,13.6,-0.5,4,13.853280697005822,13.974926282632541,14.147099464438446,,
2008-02-27,8908,6000,81800,13.65,13.65,13.6,13.6,0.0,3,13.768853798003882,13.906757867608443,14.099525597965538,,
2008-02-29,8908,14000,189300,13.6,13.75,13.35,13.75,0.15,9,13.762569198669254,13.87825643713418,14.069132067707665,,
2008-03-03,8908,14000,189300,13.6,13.75,13.35,13.75,0.15,9,13.758379465779504,13.854937084927965,14.041381453124389,,
2008-03-04,8908,6000,83750,13.9,14.2,13.9,14.2,0.45,5,13.905586310519668,13.917675796759244,14.055174370244007,,
2008-03-05,8908,1000,14350,14.35,14.35,14.35,14.35,0.15,1,14.053724207013111,13.996280197348472,14.080811381527138,,
2008-03-06,8908,7000,96650,13.85,13.85,13.75,13.8,-0.55,5,13.969149471342075,13.96059288873966,14.056393000524778,,
2008-03-07,8908,4000,54400,13.6,13.6,13.6,13.6,-0.2,2,13.846099647561383,13.89503054533245,14.016706652653058,,
2008-03-10,8908,4000,54200,13.55,13.55,13.55,13.55,-0.05,3,13.747399765040923,13.832297718908368,13.976123465465836,,
2008-03-11,8908,3000,40900,13.5,13.7,13.5,13.7,0.15,3,13.731599843360614,13.808243588197756,13.952112729338372,,
2008-03-12,8908,2000,27500,13.75,13.75,13.75,13.75,0.05,1,13.737733228907077,13.797653844889073,13.934537709395904,,
2008-03-13,8908,2000,27500,13.75,13.75,13.75,13.75,0.05,1,13.741822152604717,13.788989509454696,13.91849095205713,,
2008-03-14,8908,2000,27500,13.75,13.75,13.75,13.75,0.05,1,13.744548101736479,13.78190050773566,13.903839564921727,,
2008-03-17,8908,1000,14000,14.0,14.0,14.0,14.0,0.25,1,13.829698734490986,13.82155496087463,13.912201341885055,,
2008-03-18,8908,3000,40800,13.5,13.65,13.5,13.65,-0.35,2,13.769799156327323,13.790363149806517,13.889401225199398,,
2008-03-19,8908,5000,70600,14.0,14.45,14.0,14.0,0.35,5,13.846532770884883,13.828478940750786,13.899018509964668,,
2008-03-20,8908,3000,42450,14.45,14.45,13.95,14.05,0.05,3,13.914355180589922,13.868755496977917,13.912147335185132,,
2008-03-21,8908,16000,224650,14.0,14.2,14.0,14.2,0.15,8,14.009570120393281,13.928981770254659,13.937178001690773,,
2008-03-24,8908,12000,176300,14.2,15.0,14.2,15.0,0.8,9,14.33971341359552,14.123712357481084,14.029597305891576,,
2008-03-25,8908,8000,121150,15.2,15.2,15.0,15.2,0.2,7,14.62647560906368,14.319401019757251,14.131371453205352,,
2008-03-26,8908,4000,61150,15.35,15.35,15.2,15.35,0.15,4,14.867650406042454,14.50678265252866,14.237339152926626,,
2008-03-27,8908,3000,45050,14.85,15.35,14.85,14.85,-0.5,3,14.861766937361637,14.569185806614358,14.290614009193876,,
2008-03-28,8908,1000,15100,15.1,15.1,15.1,15.1,0.25,1,14.941177958241092,14.66569747813902,14.360995399698757,,
2008-03-31,8908,1000,15100,15.1,15.1,15.1,15.1,0.25,1,14.994118638827395,14.744661573022833,14.42525666929017,,
2008-04-01,8908,2000,30350,15.1,15.25,15.1,15.25,0.15,2,15.07941242588493,14.836541287018681,14.49697348065624,,
2008-04-02,8908,4000,61650,15.25,15.8,15.2,15.2,-0.05,4,15.119608283923286,14.902624689378921,14.55810622146874,,
2008-04-03,8908,1000,15350,15.35,15.35,15.35,15.35,0.15,1,15.196405522615525,14.98396565494639,14.626966550036677,,
2008-04-07,8908,1000,15350,15.35,15.35,15.35,15.35,0.15,1,15.247603681743684,15.050517354047047,14.689839023946531,,
2008-04-08,8908,7000,106000,15.5,15.5,15.0,15.35,0.0,6,15.281735787829122,15.104968744220312,14.74724432621205,,
2008-04-09,8908,2000,30600,15.3,15.3,15.3,15.3,-0.05,2,15.287823858552748,15.14042897254389,14.79531003697622,,
2008-04-10,8908,3000,46050,15.35,15.35,15.35,15.35,0.05,3,15.308549239035166,15.178532795717729,14.843543946804374,,
2008-04-11,8908,3000,46200,15.4,15.4,15.4,15.4,0.05,2,15.339032826023445,15.218799560132688,14.89193142969095,,
2008-04-14,8908,8000,128200,16.0,16.2,16.0,16.2,0.8,7,15.62602188401563,15.397199640108562,15.005676522761302,14.396969696969705,
2008-04-15,8908,13000,208800,16.2,16.2,15.3,15.3,-0.9,6,15.517347922677088,15.379526978270642,15.031269868608145,14.42392582541837,
2008-04-16,8908,7000,111800,16.05,16.15,15.45,16.1,0.8,7,15.711565281784726,15.510522073130526,15.124202923511785,14.473957890331254,
2008-04-17,8908,8000,128050,16.25,16.85,15.65,15.65,-0.45,6,15.691043521189817,15.535881696197702,15.169924408423803,14.509063624948231,
2008-04-18,8908,10000,160950,16.0,16.4,15.95,16.15,0.5,9,15.844029014126544,15.6475395696163,15.255148372908689,14.558046800322911,
2008-04-21,8908,42000,704050,15.7,17.15,15.7,16.9,0.75,22,16.19601934275103,15.875259647867882,15.398178949177499,14.627955851059541,
2008-04-22,8908,34000,588150,16.85,17.35,16.85,17.35,0.45,15,16.58067956183402,16.14339425734645,15.567902518814238,14.709210900281644,
2008-04-23,8908,11000,189550,17.15,17.35,16.85,17.3,-0.05,8,16.82045304122268,16.353686210556187,15.718519691091261,14.786547888332938,
2008-04-24,8908,6000,103800,17.3,17.3,17.3,17.3,0.0,6,16.980302027481788,16.525743263182335,15.856039717952891,14.861576309576732,
2008-04-25,8908,7000,118600,17.2,17.75,16.45,16.45,-0.85,7,16.80353468498786,16.511971760785546,15.9076884381309,14.90899194212668,
2008-04-28,8908,8000,129650,17.1,17.1,16.0,16.1,-0.35,7,16.56902312332524,16.43706780427908,15.924411182641258,14.944544421466182,
2008-04-29,8908,7000,109550,16.6,16.6,15.35,16.2,0.1,6,16.44601541555016,16.39396456713743,15.948375427628974,14.982020707392564,
2008-04-30,8908,7000,113150,16.2,16.2,16.1,16.15,-0.05,5,16.347343610366774,16.349607373112445,15.965907999139498,15.016885760903234,
2008-05-02,8908,3000,47750,15.75,16.0,15.75,16.0,-0.15,3,16.231562406911184,16.28604239618291,15.968872520953454,15.046232454607615,
2008-05-05,8908,7000,113250,16.25,16.5,16.0,16.0,0.0,7,16.15437493794079,16.234034687786018,15.97157925826185,15.074703127604403,
2008-05-06,8908,2000,31400,15.6,15.8,15.6,15.8,-0.2,2,16.036249958627195,16.15511929000674,15.956659322760819,15.096353780511734,
2008-05-07,8908,2000,33450,16.75,16.75,16.7,16.7,0.9,2,16.25749997241813,16.254188510005516,16.021297642520747,15.14422381691437,
2008-05-08,8908,2000,33450,16.75,16.75,16.7,16.7,0.9,2,16.404999981612086,16.33524514454997,16.08031523882329,15.190664897006478,
2008-05-09,8908,9000,149700,16.65,16.85,15.9,16.3,-0.4,8,16.36999998774139,16.328836936449974,16.099418261534307,15.223779377692852,
2008-05-12,8908,30000,503300,16.3,17.3,16.3,17.0,0.7,18,16.579999991827595,16.45086658436816,16.17772971705306,15.276800888806498,
2008-05-13,8908,183000,3317450,17.8,18.15,17.8,18.15,1.15,105,17.103333327885064,16.75979993266486,16.349231480787576,15.362568026454065,
2008-05-14,8908,69000,1186850,18.1,18.1,16.9,17.75,-0.4,43,17.318888885256708,16.939836308543974,16.471037438979963,15.433834652530063,
2008-05-15,8908,22000,374900,17.05,17.55,17.0,17.0,-0.75,12,17.212592590171138,16.95077516153598,16.517034183416488,15.48058585693215,
2008-05-16,8908,12000,203600,17.45,17.45,16.65,16.65,-0.35,9,17.02506172678076,16.896088768529438,16.528596428336794,15.515493741799848,
2008-05-19,8908,62000,1081350,17.0,17.65,17.0,17.3,0.65,39,17.11670781785384,16.969527174251358,16.595674999785768,15.56876258532821,
2008-05-20,8908,32000,552050,17.3,17.6,16.85,16.85,-0.45,25,17.02780521190256,16.94779496075111,16.6177902171957,15.607008478303488,
2008-05-21,8908,67000,1192800,17.25,18.0,17.25,18.0,1.15,49,17.351870141268375,17.139104967887274,16.737982372222163,15.678441061040697,
2008-05-22,8908,66000,1270500,19.25,19.25,19.25,19.25,1.25,38,17.984580094178916,17.522904064635043,16.956418687681104,15.785054760711125,
2008-05-23,8908,240000,4888250,20.55,20.55,19.25,19.25,0.0,156,18.40638672945261,17.83692150742867,17.155860540926227,15.888485961883926,
2008-05-26,8908,60000,1104350,19.1,19.15,17.95,18.15,-1.1,46,18.320924486301738,17.893844869714368,17.2423074504109,15.955993843618735,
2008-05-27,8908,62000,1075500,18.85,18.85,16.9,17.5,-0.65,37,18.047282990867824,17.822236711584484,17.26471549820126,16.002083579630117,
2008-05-28,8908,46000,806300,17.5,18.0,16.9,16.95,-0.55,36,17.681521993911883,17.663648218569122,17.23734893314028,16.030379592178473,
2008-05-29,8908,29000,484150,16.95,16.95,16.3,16.8,-0.15,20,17.38768132927459,17.50662126973837,17.19931859112808,16.053353335695533,
2008-05-30,8908,23000,397150,17.6,17.8,16.4,17.65,0.85,19,17.47512088618306,17.53269012978594,17.238508278856074,16.101014430152382,
2008-06-02,8908,27000,471950,17.65,18.1,17.05,17.2,-0.45,21,17.38341392412204,17.472201015279406,17.23515973286859,16.133819969550817,
2008-06-03,8908,55000,994950,17.7,18.4,17.6,18.05,0.85,45,17.605609282748027,17.577255376137696,17.30601540827132,16.191019373444824,
2008-06-04,8908,32000,565300,17.1,18.45,17.1,17.85,-0.2,28,17.68707285516535,17.626845307749026,17.353318416247728,16.24054118319274,
2008-06-05,8908,18000,317250,18.2,18.2,17.2,17.85,0.0,18,17.741381903443568,17.667418888158295,17.39650811918271,16.288584729963105,
2008-06-06,8908,6000,106200,17.75,17.75,17.65,17.65,-0.2,6,17.710921268962377,17.66425181758406,17.418550891427692,16.329223991755253,
2008-06-09,8908,9000,160950,17.65,18.1,17.65,17.95,0.3,7,17.79061417930825,17.716206032568774,17.4647638573905,16.377605365135693,
2008-06-10,8908,7000,124850,18.05,18.05,17.65,17.65,-0.3,7,17.743742786205498,17.704168572101725,17.480871348052197,16.415587294534628,
2008-06-11,8908,12000,215550,17.9,18.0,17.65,17.65,0.0,5,17.712495190803665,17.694319740810503,17.495578187352006,16.452435434996282,
2008-06-12,8908,16000,269700,17.65,17.65,16.5,17.6,-0.05,12,17.67499679386911,17.677170697026774,17.50465834497357,16.48669109365311,
2008-06-13,8908,6000,103750,17.5,17.5,16.85,17.35,-0.25,6,17.566664529246072,17.61768511574918,17.491209793236738,16.51246150876794,
2008-06-16,8908,5000,84450,16.25,17.3,16.25,17.1,-0.25,5,17.41110968616405,17.52356054924933,17.457191550346586,16.52999997119278,
2008-06-17,8908,2000,34700,17.35,17.35,17.35,17.35,0.25,2,17.390739790776035,17.49200408574945,17.447870545968623,16.554477583992995,
2008-06-18,8908,5000,86850,17.35,17.4,17.35,17.35,0.0,4,17.377159860517356,17.46618516106773,17.43936006371048,16.57822452178425,
2008-06-19,8908,1000,17350,17.35,17.35,17.35,17.35,0.0,1,17.368106573678237,17.445060586328143,17.43158962338783,16.60126259576084,
2008-06-20,8908,4000,68400,17.35,17.35,16.8,16.8,-0.55,4,17.17873771578549,17.32777684335939,17.376668786571496,16.607195055588875,
2008-06-23,8908,5000,82800,16.8,16.8,16.2,16.2,-0.6,5,16.85249181052366,17.122726508203137,17.274349761652235,16.59503997930264,
2008-06-24,8908,1000,16750,16.75,16.75,16.75,16.75,0.55,1,16.81832787368244,17.054958052166203,17.228754130204216,16.599665651562262,
2008-06-25,8908,7000,117850,16.5,17.45,16.5,17.0,0.25,6,16.878885249121627,17.044965679045074,17.208862466708197,16.611615930620104,
2008-06-26,8908,7000,117850,16.5,17.45,16.5,17.0,0.25,6,16.919256832747752,17.03679010103688,17.1907005130814,16.62320948492995,
2008-06-27,8908,9000,151000,16.1,17.0,16.1,17.0,0.0,7,16.946171221831836,17.030100991757447,17.17411785976997,16.634456962991745,
2008-06-30,8908,2000,33150,16.55,16.6,16.55,16.6,-0.4,2,16.830780814554558,16.951900811437913,17.124194567616062,16.633428396932292,
2008-07-01,8908,9000,145950,16.6,17.1,15.85,15.85,-0.75,7,16.503853876369703,16.75155520935829,17.013395039997274,16.610042474635804,
2008-07-02,8908,3000,47600,15.6,16.4,15.6,16.4,0.55,3,16.4692359175798,16.687636080384056,16.960056340867077,16.60377255001981,
2008-07-03,8908,3000,48300,16.2,16.2,16.0,16.0,-0.4,3,16.3128239450532,16.562611338496048,16.876573180791677,16.585749488825186,
2008-07-04,8908,1000,16700,16.7,16.7,16.7,16.7,0.7,1,16.441882630035465,16.58759109513313,16.861218991157617,16.58915995184533,
2008-07-07,8908,2000,31350,15.65,15.7,15.65,15.7,-1.0,2,16.194588420023642,16.426210896018016,16.760243426709128,16.56261786373054,
2008-07-08,8908,2000,31850,16.45,16.45,15.4,15.4,-0.3,2,15.929725613349095,16.239627096742012,16.641961389603985,16.527912852872912,
2008-07-09,8908,2000,31850,16.45,16.45,15.4,15.4,-0.3,2,15.753150408899398,16.0869676246071,16.533964747029724,16.494243812488648,
2008-07-10,8908,1000,15750,15.75,15.75,15.75,15.75,0.35,1,15.752100272599598,16.025700783769448,16.46579389946192,16.47202757928003,
2008-07-11,8908,1000,15750,15.75,15.75,15.75,15.75,0.35,1,15.751400181733066,15.975573368538639,16.403550951682625,16.45047451721197,
2008-07-14,8908,1000,15750,15.75,15.75,15.75,15.75,0.35,1,15.750933454488711,15.934560028804341,16.346720434145006,16.429564830131014,
2008-07-15,8908,1000,16200,16.2,16.2,16.2,16.2,0.45,1,15.900622302992474,15.982821841749006,16.333962135523702,16.422712148634567,
2008-07-16,8908,1000,16200,16.2,16.2,16.2,16.2,0.45,1,16.00041486866165,16.02230877961282,16.322313254173814,16.41606402479473,
2008-07-17,8908,1000,15900,15.9,15.9,15.9,15.9,-0.3,1,15.966943245774434,16.000070819683216,16.285590362506525,16.4006591285322,
2008-07-18,8908,2000,31200,15.0,16.2,15.0,16.2,0.3,2,16.044628830516288,16.036421579740814,16.278147722288566,16.394669303799898,
2008-07-21,8908,1000,15500,15.5,15.5,15.5,15.5,-0.7,1,15.86308588701086,15.938890383424303,16.210482702959126,16.36796275741781,
2008-07-22,8908,3000,46200,15.5,15.6,15.1,15.6,0.1,3,15.775390591340573,15.877273950074429,16.157397250527897,16.345038496002353,
2008-07-23,8908,8000,121750,15.15,15.4,15.15,15.4,-0.2,7,15.650260394227049,15.790496868242714,16.09153662004721,16.316828391644073,
2008-07-24,8908,8000,121750,15.15,15.4,15.15,15.4,-0.2,7,15.566840262818033,15.71949743765313,16.031403000912672,16.289460379953205,
2008-07-25,8908,10000,150600,15.2,15.2,15.0,15.0,-0.4,4,15.377893508545355,15.588679721716197,15.941715783442005,16.250969025327738,
2008-07-29,8908,4000,58700,15.4,15.4,14.3,14.3,-0.7,4,15.01859567236357,15.354374317767798,15.798957889229657,16.192731143974672,
2008-07-30,8908,2000,29950,15.1,15.1,14.85,14.85,0.55,2,14.962397114909047,15.26266989635547,15.716439811905339,16.152649617288862,
2008-07-31,8908,8000,116050,14.5,14.8,14.2,14.8,-0.05,4,14.908264743272698,15.178548097018112,15.636749393478787,16.112272016772778,
2008-08-01,8908,3000,43450,14.9,14.9,14.2,14.35,-0.45,3,14.722176495515132,15.027902988469364,15.524858141871936,16.05966688194374,
2008-08-04,8908,5000,72550,14.15,14.85,14.15,14.35,0.0,5,14.598117663676755,14.904647899656753,15.422696564317855,16.008632049646913,
2008-08-05,8908,1000,14200,14.2,14.2,14.2,14.2,-0.15,1,14.465411775784503,14.776530099719162,15.31637512394239,15.954643033239542,
2008-08-06,8908,2000,28550,14.2,14.35,14.2,14.35,0.15,2,14.426941183856336,14.698979172497497,15.232342504469138,15.906743241202541,
2008-08-07,8908,6000,85050,15.05,15.05,14.0,14.0,-0.35,6,14.284627455904223,14.571892050225225,15.125182286689213,15.849825532509929,
2008-08-08,8908,8000,111200,14.35,14.35,13.8,13.8,-0.2,7,14.123084970602816,14.431548041093366,15.009949044368412,15.78863671064396,
2008-08-11,8908,8000,111700,14.0,14.0,13.85,14.0,0.2,5,14.082056647068544,14.353084760894573,14.922127388336376,15.735244570027723,
2008-08-12,8908,1000,13900,13.9,13.9,13.9,13.9,-0.1,1,14.021371098045696,14.270705713459197,14.833246745872344,15.680461150026895,
2008-08-13,8908,2000,28550,14.0,14.55,14.0,14.55,0.65,2,14.197580732030465,14.321486492830251,14.808616594057359,15.646716041070869,
2008-08-14,8908,3000,43200,14.1,14.55,14.1,14.55,0.0,3,14.315053821353644,14.363034403224752,14.78612819457411,15.613978248800096,
2008-08-15,8908,3000,43200,14.1,14.55,14.1,14.55,0.0,3,14.393369214235763,14.397028148092978,14.765595308089404,15.582217704059795,
2008-08-18,8908,3000,43200,14.1,14.55,14.1,14.55,0.0,3,14.445579476157176,14.424841212076073,14.746847889994672,15.55140523528189,
2008-08-19,8908,3000,42150,14.05,14.05,14.05,14.05,-0.5,3,14.313719650771452,14.356688264425879,14.686252421299484,15.506587168557058,
2008-08-20,8908,4000,55650,14.0,14.0,13.8,13.8,-0.25,3,14.142479767180967,14.255472216348446,14.609186993360398,15.455644268003116,
2008-08-21,8908,4000,55200,13.8,13.8,13.8,13.8,0.0,2,14.028319844787312,14.172659086103273,14.538822906981233,15.406222051047799,
2008-08-22,8908,1000,13800,13.8,13.8,13.8,13.8,0.0,1,13.952213229858208,14.104902888629951,14.474577436808952,15.358275124150849,
2008-08-25,8908,1000,13150,13.15,13.15,13.15,13.15,-0.65,1,13.684808819905472,13.931284181606324,14.359396790129912,15.292356463728435,
2008-08-26,8908,2000,27850,14.0,14.0,13.85,13.85,0.7,2,13.739872546603648,13.916505239496084,14.315101417075137,15.24930104690072,
2008-08-27,8908,4000,55300,13.85,13.85,13.8,13.8,-0.05,3,13.759915031069099,13.895322468678614,14.270309989503387,15.206038329082789,
2008-08-28,8908,7000,97650,13.8,14.0,13.8,13.85,0.05,4,13.789943354046066,13.887082019827957,14.233761294763962,15.165559572990766,
2008-08-29,8908,7000,97650,13.8,14.0,13.8,13.85,0.05,4,13.80996223603071,13.880339834404692,14.200390747393183,15.126289137976116,
2008-09-01,8908,5000,67300,13.55,13.55,13.25,13.25,-0.6,5,13.623308157353806,13.765732591785657,14.117748073706819,15.070280506991754,
2008-09-02,8908,3000,41450,14.0,14.0,13.55,13.55,0.3,3,13.598872104902538,13.726508484188265,14.068378675993182,15.024898999320358,
2008-09-03,8908,19000,253600,13.65,13.65,13.0,13.05,-0.5,11,13.415914736601692,13.60350694160858,13.979824008515514,14.965946790385422,
2008-09-04,8908,10000,132400,12.65,13.8,12.6,13.65,0.6,8,13.493943157734462,13.611960224952476,13.951143659948947,14.926664796642573,
2008-09-05,8908,5000,68100,13.65,13.65,13.6,13.6,-0.05,4,13.52929543848964,13.609785638597481,13.920609428649039,14.887062862414437,
2008-09-08,8908,11000,150500,13.5,13.8,13.5,13.7,0.1,6,13.586196958993094,13.626188249761576,13.901426000070861,14.851628150103558,
2008-09-09,8908,6000,81750,13.65,13.7,13.5,13.5,-0.2,4,13.55746463932873,13.603244931623108,13.866519391369048,14.811281041145243,
2008-09-10,8908,5000,71500,14.35,14.35,14.2,14.3,0.8,5,13.804976426219154,13.729927671327998,13.904213357336957,14.796018920514042,
2008-09-11,8908,6000,77800,12.65,13.05,12.65,13.0,0.0,6,13.536650950812769,13.597213549268362,13.825586108872873,14.742406415424071,
2008-09-12,8908,2000,26100,13.05,13.05,13.05,13.05,0.05,2,13.374433967208512,13.497720176674115,13.758143838536101,14.691886820933801,
2008-09-15,8908,2000,26100,13.05,13.05,13.05,13.05,0.05,2,13.266289311472342,13.416316508187911,13.696566113446005,14.642875274040255,
2008-09-16,8908,2000,24550,12.2,12.35,12.2,12.35,-0.7,2,12.960859540981561,13.222440779426472,13.579473407928962,14.574431236009204,
2008-09-17,8908,11000,135800,13.0,13.0,12.15,12.35,0.0,7,12.757239693987707,13.063815183167113,13.472562676804705,14.508030303591019,
2008-09-18,8908,1000,12000,12.0,12.0,12.0,12.0,-0.35,1,12.504826462658471,12.870394240773093,13.344513748386904,14.433163727364422,
2008-09-19,8908,7000,86900,12.0,12.75,12.0,12.75,0.75,6,12.586550975105647,12.848504378814349,13.292816900701085,14.38292003401026,
2008-09-22,8908,7000,86900,12.0,12.75,12.0,12.75,0.75,6,12.641033983403764,12.830594491757195,13.245615431074905,14.334176152398014,
2008-09-23,8908,1000,12350,12.35,12.35,12.35,12.35,-0.4,1,12.54402265560251,12.743213675074069,13.16773582837274,14.27494701352046,
2008-09-24,8908,1000,12350,12.35,12.35,12.35,12.35,-0.4,1,12.479348437068339,12.671720279606056,13.09662836503598,14.217485908639253,
2008-09-25,8908,1000,12350,12.35,12.35,12.35,12.35,-0.4,1,12.436232291378893,12.613225683314045,13.031704159380677,14.16174006062017,
2008-09-26,8908,3000,38650,13.1,13.1,12.45,12.45,0.1,3,12.440821527585928,12.583548286347854,12.981121188999749,14.110643342392702,
2008-09-30,8908,14000,168400,12.0,12.45,11.6,11.7,-0.75,8,12.193881018390618,12.422903143375517,12.869719346478032,14.038683839634711,
2008-10-01,8908,12000,131000,10.9,11.1,10.9,11.1,-0.6,8,11.829254012260412,12.182375299125423,12.715830707653856,13.950961933973973,
2008-10-02,8908,5000,58650,11.7,11.8,11.6,11.6,0.5,5,11.752836008173608,12.07648888110262,12.618801950466564,13.880783965795645,
2008-10-03,8908,2000,22600,11.3,11.3,11.3,11.3,-0.3,1,11.601890672115738,11.935309084538508,12.50412351999121,13.803745638458462,
2008-10-06,8908,10000,119750,11.9,12.05,11.9,12.05,0.75,6,11.75126044807716,11.956161978258779,12.464634518252845,13.751395022385076,
2008-10-07,8908,2000,22900,11.45,11.45,11.45,11.45,-0.6,1,11.650840298718107,11.864132527666273,12.37640542970912,13.68269666350791,
2008-10-08,8908,3000,32550,10.85,10.85,10.85,10.85,-0.6,2,11.383893532478737,11.679744795363314,12.243674522777892,13.598138554149465,
2008-10-09,8908,2000,20900,10.45,10.45,10.45,10.45,-0.4,1,11.072595688319158,11.456154832569984,12.087702825145032,13.504164268950973,
2008-10-13,8908,3000,30400,10.1,10.15,10.1,10.15,-0.3,2,10.765063792212771,11.218672135739078,11.919206927306334,13.404039962415123,
2008-10-14,8908,6000,65050,10.8,10.85,10.8,10.85,0.7,3,10.79337586147518,11.151640838331973,11.826232411888391,13.327799963537059,
2008-10-15,8908,1000,11600,11.6,11.6,11.6,11.6,0.75,1,11.062250574316787,11.233160685907977,11.806560028245922,13.27622384522252,
2008-10-16,8908,1000,11600,11.6,11.6,11.6,11.6,0.75,1,11.241500382877858,11.299858743015617,11.78859828665932,13.22618731252931,
2008-10-17,8908,12000,135000,11.25,11.25,11.25,11.25,-0.35,3,11.244333588585238,11.290793517012778,11.74176365303677,13.16719664648366,
2008-10-20,8908,12000,135000,11.25,11.25,11.25,11.25,-0.35,3,11.246222392390159,11.283376513919546,11.699001596250964,13.109966895842357,
2008-10-21,8908,12000,135000,11.25,11.25,11.25,11.25,-0.35,3,11.247481594926773,11.277308056843264,11.659957979185663,13.054445495966466,
2008-10-22,8908,2000,23850,11.9,11.95,11.9,11.95,0.7,2,11.481654396617849,11.399615682871762,11.685179024473866,13.02147697369881,
2008-10-23,8908,1000,11550,11.55,11.55,11.55,11.55,-0.4,1,11.504436264411899,11.426958285985988,11.67342432669353,12.977552287916756,
2008-10-24,8908,2000,22300,11.15,11.15,11.15,11.15,-0.4,2,11.386290842941266,11.376602233988535,11.627909167850614,12.92299848827745,
2008-10-27,8908,2000,22300,11.15,11.15,11.15,11.15,-0.4,2,11.30752722862751,11.335401827808802,11.586351848907082,12.870073160269168,
2008-10-28,8908,2000,23550,11.8,11.8,11.75,11.75,0.6,2,11.45501815241834,11.410783313661748,11.600582122915162,12.836638140559641,
2008-10-29,8908,2000,23550,11.8,11.8,11.75,11.75,0.6,2,11.55334543494556,11.472459074814157,11.613574981792103,12.80420118113995,
2008-10-30,8908,1000,12450,12.45,12.45,12.45,12.45,0.7,1,11.852230289963707,11.65019378848431,11.686307592071051,12.793628011553682,
2008-10-31,8908,2000,24800,12.4,12.4,12.4,12.4,-0.05,1,12.034820193309137,11.786522190578072,11.748367801456178,12.781877921656557,
2008-11-03,8908,3000,35300,11.6,11.85,11.6,11.85,-0.55,3,11.973213462206092,11.798063610472967,11.757205383938249,12.754060670263824,
2008-11-04,8908,4000,47650,11.3,12.45,11.3,12.45,0.6,4,12.132142308137395,11.916597499477882,11.817448394030576,12.744984232345502,
2008-11-05,8908,4000,47650,11.3,12.45,11.3,12.45,0.6,4,12.238094872091596,12.013579772300085,11.872452881506177,12.736178732872501,
2008-11-06,8908,4000,47650,11.3,12.45,11.3,12.45,0.6,4,12.30872991472773,12.09292890460916,11.922674370070858,12.727636084130038,
2008-11-07,8908,5000,59350,11.75,12.35,11.75,12.35,-0.1,3,12.322486609818487,12.13966910377113,11.959833120499479,12.716363365200783,
2008-11-10,8908,2000,24550,11.8,12.75,11.8,12.75,0.4,2,12.464991073212325,12.250638357630924,12.028543283934306,12.717367443851506,
2008-11-11,8908,6000,73800,12.7,12.7,12.0,12.65,-0.1,6,12.526660715474883,12.323249565334393,12.082582998374802,12.715356475378327,
2008-11-12,8908,2000,24600,12.3,12.3,12.3,12.3,-0.35,1,12.451107143649923,12.319022371637232,12.10148882460308,12.702957774620765,
2008-11-13,8908,2000,24000,11.55,12.45,11.55,12.45,0.15,2,12.450738095766615,12.342836485885007,12.131794144202813,12.695406796273877,
2008-11-14,8908,1000,12600,12.6,12.6,12.6,12.6,0.15,1,12.50049206384441,12.38959348845137,12.172507696880828,12.692558832206,
2008-11-17,8908,11000,131900,12.6,12.6,11.75,11.95,-0.65,8,12.316994709229606,12.309667399642029,12.153159201499886,12.670392896916269,
2008-11-18,8908,3000,34300,11.25,11.85,11.2,11.85,-0.1,3,12.16132980615307,12.226091508798024,12.126797531804243,12.645903556709813,
2008-11-19,8908,1000,12000,12.0,12.0,12.0,12.0,0.15,1,12.107553204102047,12.184983961743837,12.11577165947344,12.626622853524445,
2008-11-20,8908,1000,12000,12.0,12.0,12.0,12.0,0.15,1,12.071702136068032,12.151350514154048,12.105704558649663,12.607917693717745,
2008-11-21,8908,1000,12000,12.0,12.0,12.0,12.0,0.15,1,12.047801424045355,12.123832238853312,12.096512857897519,12.58977089689035,
2008-11-24,8908,1000,12000,12.0,12.0,12.0,12.0,0.15,1,12.031867616030237,12.101317286334528,12.088120435471648,12.572165795490639,
2008-11-25,8908,1000,11400,11.4,11.4,11.4,11.4,-0.6,1,11.821245077353492,11.973805052455523,12.028283875865418,12.53717577174465,
2008-11-26,8908,6000,68700,11.8,11.95,10.85,11.95,0.55,6,11.864163384902328,11.969476861099974,12.021476582311903,12.519648136767197,
2008-11-27,8908,5000,57800,11.45,11.65,11.45,11.65,-0.3,5,11.792775589934886,11.911390159081797,11.98917427080652,12.493688490893549,
2008-11-28,8908,6000,69400,11.1,12.35,11.1,12.35,0.7,6,11.97851705995659,11.991137402885107,12.020550421171171,12.48939928221016,
2008-12-01,8908,3000,34950,11.65,11.65,11.65,11.65,-0.7,3,11.869011373304394,11.92911242054236,11.988328645417155,12.464342587218812,
2008-12-02,8908,5000,54250,10.85,10.85,10.85,10.85,-0.8,5,11.529340915536263,11.73291016226193,11.889343545815663,12.416153256257056,
2008-12-03,8908,5000,54250,10.85,10.85,10.85,10.85,-0.8,5,11.302893943690842,11.57238104185067,11.798965846179518,12.369402412786696,
2008-12-04,8908,1000,11350,11.35,11.35,11.35,11.35,0.5,1,11.318595962460561,11.53194812515055,11.759925337816082,12.338972490016944,
2008-12-05,8908,1000,11350,11.35,11.35,11.35,11.35,0.5,1,11.329063974973707,11.49886664785045,11.724279656266857,12.309450923150766,
2008-12-08,8908,1000,11350,11.35,11.35,11.35,11.35,0.5,1,11.33604264998247,11.471799984604914,11.691733599200173,12.280810597086564,
2008-12-09,8908,1000,11650,11.65,11.65,11.65,11.65,0.3,1,11.440695099988314,11.50419998740402,11.68810459057407,12.261980430009354,
2008-12-10,8908,1000,11650,11.65,11.65,11.65,11.65,0.3,1,11.51046339999221,11.53070908060329,11.684791147915456,12.243712357471761,
2008-12-11,8908,16000,174350,11.1,11.1,10.85,10.85,-0.8,9,11.29030893332814,11.406943793220872,11.612200613314112,12.20210900351738,
2008-12-12,8908,10000,109150,10.9,11.05,10.9,10.9,0.05,5,11.160205955552094,11.314772194453441,11.550270125199841,12.16324007803925,
2008-12-15,8908,10000,109150,10.9,11.05,10.9,10.9,0.05,5,11.07347063703473,11.239359068189179,11.493724896921593,12.125531418993303,
2008-12-16,8908,4000,44550,11.1,11.15,11.1,11.15,0.25,4,11.09898042468982,11.223111964882056,11.46383577545015,12.096411078127831,
2008-12-17,8908,4000,44550,11.1,11.15,11.1,11.15,0.25,4,11.115986949793214,11.209818880358046,11.436545708019702,12.068160001168792,
2008-12-18,8908,4000,44550,11.1,11.15,11.1,11.15,0.25,4,11.127324633195476,11.198942720292948,11.411628689931032,12.040752239939874,
2008-12-19,8908,4000,44550,11.1,11.15,11.1,11.15,0.25,4,11.134883088796984,11.190044043876048,11.388878369067465,12.01416262083719,
2008-12-22,8908,4000,44550,11.1,11.15,11.1,11.15,0.25,4,11.139922059197989,11.182763308625857,11.368106336974641,11.988366721707722,
2008-12-23,8908,5000,52300,10.45,10.5,10.45,10.45,-0.7,4,10.909948039465325,11.049533616148429,11.288271003324672,11.94244532702988,
2008-12-24,8908,2000,20750,10.15,10.6,10.15,10.6,0.15,2,10.806632026310217,10.967800231394168,11.228421350861657,11.902372332193167,
2008-12-25,8908,2000,20750,10.15,10.6,10.15,10.6,0.15,2,10.737754684206811,10.900927462049774,11.17377601600412,11.86349554615755,
2008-12-26,8908,14000,153600,10.85,11.3,10.6,10.6,0.0,13,10.691836456137874,10.846213378040725,11.123882449395067,11.825779261197622,
2008-12-29,8908,14000,153600,10.85,11.3,10.6,10.6,0.0,13,10.661224304091917,10.801447309306047,11.078327453795495,11.789188835490231,
2008-12-30,8908,2000,21900,10.95,10.95,10.95,10.95,0.35,2,10.757482869394611,10.82845688943222,11.0671685447698,11.764138422490523,
2008-12-31,8908,1000,11250,11.25,11.25,11.25,11.25,0.3,1,10.921655246263073,10.905101091353634,11.083066932181122,11.748791006893791,
2009-01-05,8908,1000,11500,11.5,11.5,11.5,11.5,0.25,1,11.114436830842049,11.013264529289337,11.119321981556677,11.74136440967308,
2009-01-06,8908,4000,46000,11.5,11.5,11.5,11.5,0.0,3,11.242957887228032,11.101761887600366,11.152424417943053,11.734159501921646,
2009-01-07,8908,3000,34500,11.5,11.5,11.5,11.5,0.0,2,11.328638591485355,11.174168817127573,11.182648381600178,11.727169666043388,
2009-01-08,8908,3000,34500,11.5,11.5,11.5,11.5,0.0,3,11.385759060990237,11.233410850377105,11.21024417450451,11.720388481982392,
2009-01-09,8908,3000,34500,11.5,11.5,11.5,11.5,0.0,3,11.423839373993491,11.281881604853995,11.235440333243249,11.7138097213262,
2009-01-10,8908,8000,90500,10.9,11.5,10.9,11.5,0.0,7,11.449226249328994,11.321539494880541,11.25844552165688,11.70742734158512,
2009-01-12,8908,8000,90500,10.9,11.5,10.9,11.5,0.0,7,11.466150832885996,11.353986859447716,11.279450258904108,11.70123548064228,
2009-01-13,8908,12000,140050,11.6,11.9,11.6,11.6,0.1,9,11.510767221923997,11.398716521366312,11.307324149434185,11.698213525996241,
2009-01-14,8908,2000,23050,11.2,11.85,11.2,11.85,0.25,2,11.623844814615998,11.480768062936074,11.354513353831212,11.702744465518741,
2009-01-15,8908,2000,23600,11.8,11.8,11.8,11.8,-0.05,2,11.682563209743998,11.538810233311333,11.39325132306328,11.705647615801764,
2009-01-16,8908,4000,48900,12.3,12.3,12.2,12.2,0.4,3,11.855042139829331,11.659026554527454,11.463403381927343,11.720404403389772,
2009-01-17,8908,2000,24850,12.2,12.65,12.2,12.65,0.45,2,12.120028093219554,11.83920354461337,11.566585696542356,11.748153525676644,
2009-01-19,8908,3000,37950,12.65,12.65,12.65,12.65,0.0,2,12.296685395479702,11.986621081956395,11.660795635973455,11.775074315954953,
2009-01-20,8908,3000,37950,12.65,12.65,12.65,12.65,0.0,2,12.414456930319801,12.107235430691595,11.746813406758372,11.801191500553312,
2009-01-21,8908,3000,37600,12.65,12.65,12.3,12.3,-0.35,3,12.376304620213201,12.142283534202214,11.794916588779383,11.816081306506945,14.049810606060607
2009-02-02,8908,3000,37600,12.65,12.65,12.3,12.3,-0.35,3,12.350869746808801,12.170959255256356,11.838836885407263,11.830526640641066,14.036604488279018
2009-02-03,8908,3000,37600,12.65,12.65,12.3,12.3,-0.35,3,12.3339131645392,12.19442120884611,11.878938025806631,11.844540770771184,14.023498039310875
2009-02-04,8908,3000,36900,12.3,12.3,12.3,12.3,0.0,2,12.322608776359468,12.213617352692273,11.915552110519098,11.858136568658612,14.010490506938718
2009-02-05,8908,3000,36900,12.3,12.3,12.3,12.3,0.0,2,12.315072517572979,12.229323288566405,11.948982361778306,11.871326521832982,13.997581144622199
2009-02-06,8908,1000,11800,11.8,11.8,11.8,11.8,-0.5,1,12.143381678381987,12.15126450882706,11.936027373797584,11.86919737192752,13.980995626549579
2009-02-09,8908,1000,11800,11.8,11.8,11.8,11.8,-0.5,1,12.028921118921325,12.087398234494867,11.924198906510838,11.867131778735654,13.964535282198261
2009-02-10,8908,2000,23600,11.8,11.8,11.8,11.8,0.0,1,11.952614079280883,12.035144010041254,11.913399001596853,11.865127845042053,13.948199166860915
2009-02-11,8908,4000,49700,11.9,12.6,11.9,12.6,0.8,4,12.168409386187255,12.137845099124663,11.973103436240605,11.887064327279605,13.938024078809134
2009-02-12,8908,4000,49100,12.0,12.55,12.0,12.55,-0.05,4,12.29560625745817,12.212782353829269,12.023268354828378,11.906853451838423,13.92754842538416
2009-02-13,8908,4000,50650,12.45,13.05,12.45,13.05,0.5,4,12.547070838305446,12.365003744042129,12.112549367451997,11.940977229395484,13.92092541840013
2009-02-16,8908,4000,50650,12.45,13.05,12.45,13.05,0.5,4,12.714713892203632,12.48954851785265,12.19406681376052,11.974082386726963,13.914352396374468
2009-02-17,8908,4000,50650,12.45,13.05,12.45,13.05,0.5,4,12.826475928135755,12.591448787333986,12.268495786476997,12.006199330406755,13.907828982062208
2009-02-18,8908,2000,25700,12.8,12.9,12.8,12.9,-0.15,2,12.850983952090504,12.647549007818716,12.323409196348562,12.032879947409539,13.900222725593814
2009-02-19,8908,2000,25700,12.8,12.9,12.8,12.9,-0.15,2,12.867322634727003,12.693449188215313,12.373547527100861,12.058764128083881,13.892673874834616
2009-02-20,8908,2000,24500,12.25,12.25,12.25,12.25,-0.65,2,12.661548423151336,12.612822063085256,12.362804263874699,12.064472661573914,13.88027633615662
2009-02-23,8908,6000,75700,12.75,13.0,11.75,12.65,0.4,5,12.657698948767557,12.619581687978846,12.387777806146463,12.081951089586633,13.870991231732797
2009-02-24,8908,6000,73800,12.0,12.75,12.0,12.15,-0.5,6,12.488465965845037,12.534203199255419,12.367101475177206,12.083982400345242,13.858002618663114
2009-02-25,8908,6000,73800,12.0,12.75,12.0,12.15,-0.5,6,12.375643977230025,12.46434807211807,12.348223086031362,12.085953074961802,13.845112032861884
2009-02-26,8908,1000,12150,12.15,12.15,12.15,12.15,0.0,1,12.30042931815335,12.407193877187513,12.33098629594168,12.087864923470406,13.832318734500662
2009-02-27,8908,1000,12150,12.15,12.15,12.15,12.15,0.0,1,12.250286212102234,12.360431354062511,12.315248357164142,12.089719701874275,13.81962198933462
2009-03-02,8908,3000,34700,11.65,11.65,11.5,11.5,-0.65,3,12.000190808068156,12.20398928968751,12.244357195671608,12.072116128683998,13.802115408283036
2009-03-03,8908,2000,22550,11.05,11.5,11.05,11.5,0.0,2,11.833460538712105,12.075991237017053,12.17963048300451,12.055038035290446,13.784740952371466
2009-03-04,8908,1000,10800,10.8,10.8,10.8,10.8,-0.7,1,11.488973692474737,11.84399283028668,12.059662614917162,12.017574213341478,13.762214605561116
2009-03-05,8908,8000,92350,11.5,11.55,11.5,11.55,0.75,5,11.509315794983157,11.790539588416374,12.015344126663496,12.003616774137255,13.745518646273862
2009-03-06,8908,1000,11550,11.55,11.55,11.55,11.55,0.0,1,11.522877196655438,11.746805117795216,11.974879419997105,11.990075974909278,13.728948694226512
2009-03-09,8908,1000,11550,11.55,11.55,11.55,11.55,0.0,1,11.531918131103625,11.711022369105176,11.937933383475618,11.97693937864333,13.712503798421029
2009-03-10,8908,1000,11550,11.55,11.55,11.55,11.55,0.0,1,11.53794542073575,11.681745574722417,11.904200045782087,11.96419491957935,13.69618301503672
2009-03-11,8908,2000,23100,11.55,11.55,11.55,11.55,0.0,2,11.541963613823834,11.657791833863795,11.873400041801036,11.951830892129221,13.679985407376066
2009-03-12,8908,5000,59600,11.8,12.0,11.8,12.0,0.45,4,11.69464240921589,11.720011500434014,11.884408733818336,11.95326877594626,13.667306272226057
2009-03-13,8908,5000,59600,11.8,12.0,11.8,12.0,0.45,4,11.796428272810592,11.770918500355101,11.894460148268916,11.954663737858311,13.654722828662086
2009-03-16,8908,5000,59600,11.8,12.0,11.8,12.0,0.45,4,11.864285515207062,11.81256968210872,11.903637526680315,11.956017059116272,13.642234354483504
2009-03-17,8908,1000,11700,11.7,11.7,11.7,11.7,-0.3,1,11.809523676804707,11.79210246717986,11.885929915664635,11.948374758844144,13.627575981996836
2009-03-18,8908,5000,60100,11.15,12.5,11.15,12.5,0.8,4,12.039682451203138,11.920811109510796,11.939327314302492,11.964841183953274,13.619065974585538
2009-03-19,8908,1000,12050,12.05,12.05,12.05,12.05,-0.45,1,12.043121634135426,11.944299998690651,11.948951026102275,11.967383238163624,13.607223967230176
2009-03-20,8908,1000,12050,12.05,12.05,12.05,12.05,-0.45,1,12.04541442275695,11.963518180746897,11.957737893397729,11.969849410158739,13.595471333515231
2009-03-23,8908,2000,25000,12.5,12.5,12.5,12.5,0.45,1,12.196942948504633,12.061060329702007,12.004891120058796,11.985674800900268,13.587203625337757
2009-03-24,8908,1000,12800,12.8,12.8,12.8,12.8,0.3,1,12.397961965669756,12.195412997028916,12.074031022662378,12.009983015798769,13.581262465901245
2009-03-25,8908,1000,12800,12.8,12.8,12.8,12.8,0.3,1,12.531974643779838,12.305337906660021,12.13715875982217,12.03356561234209,13.575366145403878
2009-03-26,8908,7000,91750,12.95,13.45,12.95,13.45,0.65,4,12.837983095853225,12.51345828726729,12.251318867663722,12.075847235854265,13.574419985815924
2009-03-27,8908,7000,91750,12.95,13.45,12.95,13.45,0.65,4,13.041988730568816,12.683738598673237,12.355552009606006,12.116866721351153,13.57348096705505
2009-03-30,8908,1000,12700,12.7,12.7,12.7,12.7,-0.75,1,12.927992487045877,12.686695217096284,12.3855040087707,12.134273684892909,13.566888657869729
2009-03-31,8908,4000,52850,12.8,13.35,12.8,13.35,0.65,4,13.068661658030585,12.80729608671514,12.469373225399336,12.170564022657299,13.565251762338637
2009-04-01,8908,4000,52850,12.8,13.35,12.8,13.35,0.65,4,13.162441105353723,12.905969525494205,12.545949466668958,12.20577106675708,13.56362722073608
2009-04-02,8908,4000,52850,12.8,13.35,12.8,13.35,0.65,4,13.224960736902482,12.986702339040713,12.615866904349918,12.23992715431657,13.562014939824865
2009-04-03,8908,2000,26700,13.35,13.35,13.35,13.35,0.0,2,13.266640491268321,13.052756459215129,12.679704564841229,12.273063657172791,13.560414827071469
2009-04-06,8908,1000,13350,13.35,13.35,13.35,13.35,0.0,1,13.294426994178881,13.106800739357832,12.737991124420253,12.305211010690021,13.55882679064074
2009-04-07,8908,1000,13350,13.35,13.35,13.35,13.35,0.0,1,13.312951329452588,13.151018786747317,12.791209287514144,12.3363987417142,13.557250739390621
2009-04-08,8908,2000,25700,12.85,12.85,12.85,12.85,-0.5,1,13.158634219635058,13.096288098247804,12.79632152338248,12.351730122558552,13.551912997961258
2009-04-09,8908,2000,25300,12.65,12.65,12.65,12.65,-0.2,1,12.989089479756705,13.015144807657295,12.783597912653569,12.36063370098964,13.545106107410607
2009-04-10,8908,9000,118250,13.3,13.35,12.8,12.8,0.15,7,12.926059653171137,12.976027569901424,12.785024181118477,12.373749112900397,13.539482665090528
2009-04-13,8908,14000,187200,12.8,13.5,12.8,13.45,0.65,9,13.100706435447425,13.062204375373891,12.842848165369043,12.405876005052624,13.53880732422192
2009-04-14,8908,10000,133850,12.95,13.6,12.95,13.2,-0.25,7,13.133804290298283,13.087258125305912,12.8739048466413,12.42958119893165,13.536250287812699
2009-04-15,8908,5000,65500,12.8,13.3,12.8,13.3,0.1,3,13.189202860198856,13.125938466159383,12.910956599107275,12.45556384970981,13.534467266772603
2009-04-16,8908,1000,12950,12.95,12.95,12.95,12.95,-0.35,1,13.109468573465904,13.093949654130403,12.914351677445772,12.470323137778173,13.530056193061112
2009-04-17,8908,3000,38450,12.85,12.85,12.8,12.8,-0.15,3,13.006312382310602,13.04050426247033,12.904408053320052,12.480164238143004,13.524546335000274
2009-04-20,8908,3000,38450,12.85,12.85,12.8,12.8,-0.15,3,12.937541588207068,12.996776214748452,12.895329092161788,12.48971157431784,13.519078060773857
2009-04-21,8908,3000,38450,12.85,12.85,12.8,12.8,-0.15,3,12.891694392138046,12.960998721157825,12.88703960588685,12.498973915382978,13.513651056541601
2009-04-22,8908,3000,38450,12.85,12.85,12.8,12.8,-0.15,3,12.861129594758697,12.931726226401857,12.879470944505385,12.507959768655128,13.508265010831852
2009-04-23,8908,2000,25600,12.8,12.8,12.8,12.8,0.0,2,12.840753063172466,12.9077760034197,12.872560427591873,12.516677387501245,13.502919614523687
2009-04-24,8908,16000,206850,12.95,12.95,12.7,12.95,0.15,6,12.877168708781644,12.915453093707027,12.879294303453449,12.529612390859416,13.498746636300867
2009-04-27,8908,16000,199200,12.45,12.45,12.45,12.45,-0.5,2,12.734779139187763,12.830825258487568,12.841964364022713,12.527235901580031,13.490831567347653
2009-04-28,8908,6000,72900,11.65,12.7,11.65,12.6,0.15,5,12.689852759458509,12.788857029671647,12.820923984542477,12.529407964219434,13.484108310235596
2009-04-29,8908,3000,37450,12.65,12.65,12.4,12.4,-0.2,2,12.593235172972339,12.71815575154953,12.784321898930088,12.525545039914377,13.475926360724385
2009-04-30,8908,8000,101500,12.7,13.0,12.45,13.0,0.6,6,12.728823448648226,12.769400160358707,12.803076516414428,12.539707874543799,13.472334463662314
2009-05-04,8908,3000,39450,13.15,13.15,13.15,13.15,0.15,2,12.869215632432152,12.838600131202579,12.833243775856651,12.557925549930552,13.469901750729013
2009-05-05,8908,2000,25400,12.7,12.7,12.7,12.7,-0.45,1,12.812810421621434,12.813400107347565,12.82165736056477,12.562166578290833,13.464091171478229
2009-05-06,8908,13000,162400,12.5,12.8,12.35,12.4,-0.3,9,12.675206947747622,12.73823645146619,12.784991503124354,12.557325784909018,13.456060294712355
2009-05-07,8908,10000,124300,12.5,12.5,12.25,12.3,-0.1,4,12.550137965165082,12.658557096654155,12.742818328939627,12.549644418195316,13.447335311356035
2009-05-08,8908,10000,124300,12.5,12.5,12.25,12.3,-0.1,4,12.466758643443388,12.593364897262491,12.704312387292703,12.542192346010381,13.438676176930706
2009-05-11,8908,1000,12900,12.9,12.9,12.9,12.9,0.6,1,12.61117242896226,12.649116734123856,12.721328701441163,12.55287317150261,13.434610696350097
2009-05-12,8908,3000,38150,12.85,12.85,12.5,12.5,-0.4,3,12.574114952641507,12.622004600646791,12.7020827274028,12.551294867875665,13.427557030717265
2009-05-13,8908,1000,12500,12.5,12.5,12.5,12.5,0.0,1,12.549409968427671,12.599821945983738,12.684510316324296,12.549763677789825,13.420556600296758
2009-05-14,8908,2000,24500,12.25,12.25,12.25,12.25,-0.25,1,12.449606645618447,12.536217955804876,12.646726810556967,12.540815508303561,13.411722210860555
2009-05-15,8908,2000,24700,12.35,12.35,12.35,12.35,0.1,2,12.416404430412298,12.502360145658535,12.620924479204186,12.535119522981066,13.40370921304274
2009-05-18,8908,4000,47450,12.5,12.5,11.65,11.65,-0.7,3,12.160936286941531,12.34738557372062,12.536496263621213,12.508698044683124,13.390473671812229
2009-05-19,8908,11000,136400,12.35,12.45,12.15,12.15,0.5,9,12.157290857961021,12.3114972875896,12.502887892871543,12.497990640364225,13.38111160636459
2009-05-20,8908,13000,162350,12.2,12.75,12.2,12.35,0.2,9,12.22152723864068,12.318497780755127,12.489593293491408,12.493573009308577,13.373329631976931
2009-05-21,8908,14000,177700,12.7,12.8,12.55,12.55,0.2,7,12.331018159093787,12.360589093345103,12.494846050579111,12.49525739709041,13.367115823433709
2009-05-22,8908,6000,75000,12.5,12.5,12.5,12.5,-0.05,3,12.387345439395858,12.385936530918721,12.495294220093971,12.495398967326517,13.360571553068171
2009-05-25,8908,1000,12350,12.35,12.35,12.35,12.35,-0.15,1,12.374896959597239,12.379402616206226,12.4826599400858,12.491058699645128,13.352944597950675
2009-05-26,8908,2000,24400,12.05,12.35,12.05,12.35,0.0,2,12.366597973064826,12.374056685986913,12.471124293121816,12.486847992193034,13.345375204758595
2009-05-27,8908,4000,49700,12.35,12.45,12.35,12.45,0.1,3,12.394398648709883,12.38786456126202,12.469287398067745,12.48574805212757,13.338617656043436
2009-06-01,8908,3000,37900,12.8,12.8,12.55,12.55,0.1,2,12.446265765806588,12.417343731941653,12.47630588519229,12.487666020720777,13.33266582467707
2009-06-02,8908,9000,113300,12.8,12.8,12.5,12.5,-0.05,7,12.464177177204393,12.432372144315897,12.478366243001656,12.488034199206725,13.326381554302149
2009-06-03,8908,3000,37500,12.5,12.5,12.5,12.5,0.0,3,12.476118118136261,12.444668118076644,12.480247439262381,12.488391387290106,13.320144712382888
2009-06-04,8908,1000,12500,12.5,12.5,12.5,12.5,0.0,1,12.484078745424174,12.454728460244526,12.481965053239566,12.48873791304264,13.313954940968678
2009-06-05,8908,1000,12500,12.5,12.5,12.5,12.5,0.0,1,12.489385830282783,12.462959649290976,12.483533309479604,12.48907409474286,13.307811884810423
2009-06-06,8908,2000,25200,12.6,12.6,12.6,12.6,0.1,1,12.526257220188523,12.487876076692617,12.493660847785726,12.49238531579531,13.302469908321289
2009-06-08,8908,3000,38350,12.8,12.8,12.75,12.75,0.15,2,12.600838146792348,12.535534971839414,12.515951208847836,12.500075306368585,13.298300324107544
2009-06-09,8908,1000,12500,12.5,12.5,12.5,12.5,-0.25,1,12.567225431194899,12.529074067868612,12.514564147208894,12.500073058417284,13.292275416001072
2009-06-10,8908,10000,116850,11.95,11.95,11.65,11.65,-0.85,7,12.2614836207966,12.369242419165229,12.43938465614725,12.474697743240649,13.279880884559555
2009-06-11,8908,13000,157100,11.65,12.45,11.65,12.05,0.4,9,12.190989080531066,12.31119834295337,12.405525120830099,12.4620201986663,13.270598764676086
2009-06-12,8908,2000,24100,12.0,12.1,12.0,12.1,0.05,2,12.160659387020711,12.272798644234575,12.378957719018786,12.451213625571784,13.261764057018153
2009-06-15,8908,4000,49050,12.6,12.6,12.15,12.15,0.05,3,12.157106258013808,12.250471618010106,12.359048352147587,12.442222174062179,13.253373384889715
2009-06-16,8908,5000,59850,11.7,12.55,11.7,11.95,-0.2,3,12.088070838675872,12.19584041473554,12.32347893022171,12.427528974836441,13.243536604626396
2009-06-17,8908,3000,37400,12.4,12.5,12.4,12.5,0.55,2,12.225380559117248,12.251142157510897,12.338828588463299,12.429692289020428,13.237925007610347
2009-06-18,8908,3000,37400,12.4,12.5,12.4,12.5,0.55,2,12.316920372744832,12.296389037963461,12.352843493814316,12.43179102666161,13.232355762269892
2009-06-19,8908,3000,37400,12.4,12.5,12.4,12.5,0.55,2,12.377946915163221,12.333409212879195,12.365639711743505,12.43382711541798,13.226828548969742
2009-06-22,8908,2000,24100,12.05,12.05,12.05,12.05,-0.45,1,12.268631276775482,12.281880265082977,12.338192780287548,12.422369589584607,13.217946824071857
2009-06-23,8908,6000,76800,12.75,12.85,12.75,12.8,0.75,5,12.445754184516987,12.376083853249709,12.378349929827761,12.433642139149246,13.214792508418485
2009-06-24,8908,6000,76800,12.75,12.85,12.75,12.8,0.75,5,12.563836123011326,12.453159516295216,12.415015153320999,12.44457819469703,13.211661998920988
2009-06-25,8908,1000,12850,12.85,12.85,12.85,12.85,0.05,1,12.659224082007551,12.525312331514268,12.452839922597434,12.45668033813891,13.208932474400829
2009-06-26,8908,5000,64600,12.85,13.0,12.85,13.0,0.15,5,12.7728160546717,12.611619180329855,12.500419059762875,12.472898835507896,13.207355625537426
2009-06-29,8908,1000,12950,12.95,12.95,12.95,12.95,-0.05,1,12.831877369781134,12.673142965724427,12.539513054566102,12.487140661313632,13.205413318929596
2009-06-30,8908,1000,12950,12.95,12.95,12.95,12.95,-0.05,1,12.87125157985409,12.723480608319985,12.575207571560354,12.500957357990837,13.20348567123956
2009-07-01,8908,1000,12950,12.95,12.95,12.95,12.95,-0.05,1,12.89750105323606,12.764665952261806,12.607798217511627,12.51436161596126,13.20157257183398
2009-07-02,8908,1000,12950,12.95,12.95,12.95,12.95,-0.05,1,12.915000702157373,12.798363051850568,12.637554894249746,12.527365746828087,13.199673910914479
2009-07-03,8908,1000,12950,12.95,12.95,12.95,12.95,-0.05,1,12.926667134771582,12.825933406059557,12.664724033880203,12.539981694683965,13.197789579511351
2009-07-06,8908,1000,12550,12.55,12.55,12.55,12.55,-0.4,1,12.801111423181055,12.77576369586691,12.6547480309341,12.540280748573995,13.192900601552775
2009-07-07,8908,2000,24200,12.1,12.1,12.1,12.1,-0.45,1,12.567407615454037,12.652897569345654,12.606509071722439,12.527138039661338,13.184652295125963
2009-07-08,8908,10000,128500,12.75,12.9,12.75,12.9,0.8,10,12.678271743636024,12.697825284010081,12.632030022007443,12.538268247432642,13.182503975917465
2009-07-09,8908,19000,258750,13.4,13.8,13.2,13.2,0.3,17,12.852181162424015,12.78912977782643,12.681418715745927,12.558021434076444,13.182636021382239
2009-07-10,8908,3000,38500,13.0,13.0,12.75,12.75,-0.45,3,12.818120774949344,12.78201527276708,12.687382305681064,12.563752137536849,13.179370843862372
2009-07-13,8908,3000,38500,13.0,13.0,12.75,12.75,-0.45,3,12.795413849966229,12.776194314082156,12.692827322578363,12.569311775222316,13.176130309191713
2009-07-14,8908,8000,104600,12.55,13.4,12.55,13.0,0.25,8,12.86360923331082,12.816886256976309,12.719537990180244,12.582168140141052,13.174801023839322
2009-07-15,8908,3000,39750,13.45,13.45,12.95,13.35,0.35,3,13.02573948887388,12.913816028435162,12.774360773642831,12.605088494166692,13.176123280263177
2009-07-16,8908,3000,40000,13.2,13.6,13.2,13.6,0.25,2,13.217159659249253,13.03857675053786,12.846155488978237,12.634787345087089,13.179322349846096
2009-07-17,8908,1000,13250,13.25,13.25,13.25,13.25,-0.35,1,13.228106439499502,13.077017341349158,12.88127240298013,12.65315190195016,13.179855766073672
2009-07-20,8908,7000,93450,13.65,13.65,13.1,13.2,-0.05,7,13.218737626333,13.09937782474022,12.908987846199249,12.669475725772543,13.180007798027832
2009-07-21,8908,1000,13450,13.45,13.45,13.45,13.45,0.25,1,13.295825084222,13.163127311151088,12.956032381312358,12.692774957839035,13.182045475023848
2009-07-22,8908,1000,13450,13.45,13.45,13.45,13.45,0.25,1,13.347216722814666,13.21528598185089,12.998986087285196,12.715378690440854,13.184067773325555
2009-07-23,8908,2000,26250,13.15,13.15,13.1,13.1,-0.35,2,13.26481114854311,13.194324894241637,13.007769905782135,12.726859923562023,13.183433299564609
2009-07-24,8908,4000,52900,13.4,13.4,13.0,13.0,-0.1,4,13.176540765695407,13.158993095288611,13.00709426180108,12.735013358679574,13.182048897303744
2009-07-27,8908,5000,67350,13.2,13.75,13.2,13.4,0.4,5,13.251027177130272,13.202812532508863,13.041259978166204,12.754863706181675,13.183693811286357
2009-07-28,8908,3000,40600,13.65,13.65,13.3,13.3,-0.1,2,13.267351451420181,13.220482981143615,13.063759110499578,12.771136431370282,13.184571593842687
2009-07-29,8908,3000,40600,13.65,13.65,13.3,13.3,-0.1,2,13.278234300946787,13.234940620935685,13.084301796543093,12.786923403568185,13.185442751625006
2009-07-30,8908,14000,193450,13.5,14.1,13.4,14.05,0.75,10,13.535489533964524,13.383133235311016,13.168275553365433,12.82462718256615,13.1919677119901
2009-07-31,8908,21000,305850,14.0,14.95,14.0,14.85,0.8,15,13.973659689309683,13.649836283436287,13.31451246176844,12.885086072638803,13.204481163220365
2009-08-03,8908,12000,184550,15.45,15.6,14.45,15.6,0.75,6,14.515773126206454,14.004411504629688,13.513250508571183,12.966128279425703,13.222560550667758
2009-08-04,8908,12000,184550,15.45,15.6,14.45,15.6,0.75,6,14.877182084137637,14.294518503787927,13.694706986086732,13.044751315860758,13.240503489908
2009-08-05,8908,1000,15300,15.3,15.3,15.3,15.3,-0.3,1,15.018121389425092,14.477333321281032,13.834297682948757,13.112072172103721,13.256046859795488
2009-08-06,8908,1000,15300,15.3,15.3,15.3,15.3,-0.3,1,15.112080926283395,14.626909081048117,13.961750058344517,13.177383450548387,13.271472921230993
2009-08-10,8908,11000,167550,15.35,15.65,14.75,15.55,0.25,8,15.258053950855597,14.794743793584823,14.099858748923255,13.248207825158882,13.288669352014155
2009-08-11,8908,10000,149600,14.9,15.2,14.9,15.2,-0.35,6,15.238702633903731,14.868426740205765,14.195523205538624,13.306470278139214,13.303094488980086
2009-08-12,8908,15000,225550,14.95,15.15,14.95,15.15,-0.05,9,15.209135089269154,14.91962187835017,14.2785211876657,13.361501016105208,13.317033398497218
2009-08-13,8908,2000,29700,14.65,15.05,14.65,15.05,-0.1,2,15.156090059512769,14.943326991377413,14.345606301781725,13.411903970848336,13.330112391716106
2009-08-14,8908,2000,30200,15.1,15.1,15.1,15.1,0.05,1,15.137393373008512,14.971812992945155,14.411205753800706,13.462294897091668,13.343470034042777
2009-08-17,8908,3000,45850,15.05,15.7,15.05,15.7,0.6,3,15.324928915339008,15.10421063059149,14.523274818687602,13.529092064342663,13.361255165861323
2009-08-18,8908,4000,60350,14.95,15.5,14.95,15.5,-0.2,2,15.383285943559338,15.17617233412031,14.60820744314955,13.587925137048853,13.377396636307653
2009-08-19,8908,18000,275000,14.85,15.65,14.85,15.45,-0.05,12,15.405523962372891,15.225959182462072,14.681406795919154,13.64350946131605,13.393038925844953
2009-08-20,8908,10000,153300,15.45,15.65,15.15,15.15,-0.3,6,15.320349308248595,15.212148422014423,14.722154031056618,13.688479328142437,13.406299009423481
2009-08-21,8908,8000,121850,15.5,15.5,15.05,15.05,-0.1,6,15.23023287216573,15.182666890739073,14.75066237618213,13.729121736257587,13.418704299918398
2009-08-24,8908,6000,92150,15.75,15.75,15.15,15.15,0.1,4,15.203488581443821,15.176727456059242,14.785387386948901,13.771536012787212,13.431770682560522
2009-08-25,8908,7000,102700,14.55,15.1,14.55,15.1,-0.05,3,15.168992387629213,15.162777009503015,14.812745005475083,13.811191654196548,13.444361092503462
2009-08-26,8908,6000,89500,14.6,15.35,14.6,15.35,0.25,6,15.229328258419475,15.19681755322974,14.859462831085946,13.85712623168322,13.458743272937397
2009-08-27,8908,1000,15300,15.3,15.3,15.3,15.3,-0.05,1,15.252885505612984,15.21557799809706,14.897770410991516,13.900197090438944,13.472639550122775
2009-08-28,8908,7000,103950,14.7,15.45,14.7,15.0,-0.3,7,15.168590337075322,15.17638199844305,14.906659940470515,13.933027028037781,13.484166798801093
2009-08-31,8908,2000,31050,15.8,15.8,15.25,15.25,0.25,2,15.195726891383549,15.189767089635223,14.936515597820906,13.972339654066504,13.497493841829009
2009-09-01,8908,17000,259800,15.35,15.45,15.0,15.0,-0.25,8,15.1304845942557,15.155263982428819,14.942035980619087,14.003016082303324,13.50883351094728
2009-09-02,8908,24000,361500,15.15,15.5,14.9,15.0,0.0,19,15.0869897295038,15.12703416744176,14.947076330130471,14.032776796264418,13.520087597657112
2009-09-03,8908,2000,28500,13.65,14.85,13.65,14.85,0.0,2,15.007993153002534,15.076664318815986,14.938634910119125,14.057171518763989,13.530124672391775
2009-09-04,8908,4000,56600,14.15,14.15,14.15,14.15,-0.7,3,14.721995435335023,14.90817989721308,14.870057961413114,14.059942518203869,13.534802976751083
2009-09-07,8908,4000,56150,14.25,14.25,13.95,13.95,-0.2,4,14.464663623556682,14.733965370447065,14.790052921290235,14.056660651988828,13.537936539190698
2009-09-08,8908,13000,179250,13.75,14.25,13.75,14.25,0.3,6,14.39310908237112,14.645971666729416,14.74309179769978,14.062431975810057,13.543310603045862
2009-09-09,8908,5000,72050,14.35,14.7,14.05,14.35,0.1,5,14.378739388247414,14.592158636414977,14.708909902247624,14.07101609593513,13.549398824909668
2009-09-10,8908,3000,43150,14.45,14.45,14.35,14.35,0.0,2,14.369159592164943,14.548129793430435,14.67770034553044,14.07934397366841,13.555441097929217
2009-09-11,8908,2000,29400,14.65,14.75,14.65,14.75,0.4,2,14.496106394776628,14.584833467352174,14.683987272006053,14.09936355654398,13.56445663681277
2009-09-14,8908,3000,44100,14.75,14.75,14.6,14.6,-0.15,3,14.530737596517753,14.587591018742689,14.676684030962049,14.114307927990428,13.57227205842173
2009-09-15,8908,3000,44100,14.75,14.75,14.6,14.6,-0.15,3,14.553825064345169,14.589847197153109,14.670015854356652,14.128806198796683,13.58002849571666
2009-09-16,8908,2000,29550,14.6,14.95,14.6,14.95,0.35,2,14.685883376230112,14.655329524943452,14.6943623018039,14.153319446593796,13.590367903296157
2009-09-17,8908,2000,29550,14.6,14.95,14.6,14.95,0.35,2,14.773922250820075,14.708905974953733,14.71659166686443,14.177100955650698,13.600629277610903
2009-09-18,8908,1000,14900,14.9,14.9,14.9,14.9,-0.05,1,14.815948167213383,14.743650343143964,14.73254021757187,14.198680031601423,13.610435849100632
2009-09-21,8908,1000,14900,14.9,14.9,14.9,14.9,-0.05,1,14.843965444808923,14.772077553481425,14.747101937783011,14.219614956031231,13.620168408730061
2009-09-22,8908,1000,14900,14.9,14.9,14.9,14.9,-0.05,1,14.862643629872615,14.795336180121167,14.760397421454053,14.239924957343732,13.629827515079269
2009-09-23,8908,3000,44700,14.95,14.95,14.8,14.8,-0.1,3,14.841762419915076,14.796184147371864,14.76384112393631,14.256643615333472,13.638659005531501
2009-09-24,8908,16000,238000,14.9,15.0,14.3,14.9,0.1,9,14.861174946610051,14.815059756940617,14.775681026202717,14.275848283532472,13.648178560206736
2009-09-25,8908,16000,238000,14.9,15.0,14.3,14.9,0.1,9,14.874116631073367,14.830503437496867,14.786491371750307,14.294479678053891,13.657626269186308
2009-09-28,8908,16000,238000,14.9,15.0,14.3,14.9,0.1,9,14.882744420715579,14.8431391761338,14.79636168725028,14.31255491154482,13.667002674701882
2009-09-29,8908,1000,14800,14.8,14.8,14.8,14.8,-0.1,1,14.85516294714372,14.835295689564019,14.796678062271996,14.327105511200198,13.67555359791168
2009-09-30,8908,1000,14900,14.9,14.9,14.9,14.9,0.1,1,14.870108631429147,14.847060109643287,14.80566257859617,14.344206839224073,13.684794702833102
2009-10-01,8908,5000,72900,14.4,14.85,14.4,14.8,-0.1,5,14.846739087619431,14.83850372607178,14.805170180457372,14.357812605217385,13.693211346585304
2009-10-02,8908,9000,126350,14.15,14.35,13.9,14.35,-0.45,9,14.681159391746288,14.749684866786001,14.765590164765428,14.357579393121343,13.698168242082774
2009-10-05,8908,2000,28400,14.0,14.4,14.0,14.4,0.05,2,14.587439594497525,14.686105800097637,14.73379971565539,14.35884567989384,13.703465085538753
2009-10-06,8908,13000,186000,13.7,14.8,13.7,14.3,-0.1,13,14.491626396331684,14.615904745534431,14.696078001250575,14.357089092434322,13.707967235836573
2009-10-07,8908,2000,29250,14.5,14.75,14.5,14.75,0.45,2,14.57775093088779,14.640285700891807,14.700766870707046,14.368817776242253,13.715831634056675
2009-10-08,8908,3000,42750,14.1,14.55,14.1,14.55,-0.2,3,14.56850062059186,14.623870118911478,14.687656708036869,14.374226200832036,13.722127244365682
2009-10-09,8908,2000,28000,14.05,14.05,13.95,13.95,-0.6,2,14.36233374706124,14.501348279109392,14.623512646468445,14.361562732150482,13.723847038747827
2009-10-12,8908,1000,13800,13.8,13.8,13.8,13.8,-0.15,1,14.174889164707494,14.373830410180412,14.551902851123362,14.344799665519124,13.724421778078032
2009-10-13,8908,2000,28400,14.2,14.2,14.2,14.2,0.4,2,14.18325944313833,14.342224881056701,14.521302603199592,14.340477287443926,13.728011047677443
2009-10-14,8908,2000,28400,14.2,14.2,14.2,14.2,0.4,2,14.188839628758886,14.316365811773665,14.493363246399628,14.336283935579928,13.731573228449689
2009-10-15,8908,1000,14100,14.1,14.1,14.1,14.1,-0.1,1,14.15922641917259,14.277026573269362,14.459157746712703,14.329230683771572,13.734353807857616
2009-10-16,8908,11000,155400,14.05,14.35,14.05,14.35,0.25,7,14.222817612781727,14.29029446903857,14.449665768737686,14.32985066336048,13.739000194213407
2009-10-19,8908,4000,58000,14.45,14.7,14.2,14.65,0.3,4,14.365211741854484,14.35569547466792,14.46708613667354,14.339407359976585,13.745875664445759
2009-10-20,8908,1000,14700,14.7,14.7,14.7,14.7,0.05,1,14.47680782790299,14.418296297455571,14.487339516093233,14.35017131938027,13.7530766028273
2009-10-21,8908,1000,14700,14.7,14.7,14.7,14.7,0.05,1,14.551205218601993,14.469515152463648,14.505831732085126,14.360613966562948,13.760223194504075
2009-10-22,8908,1000,14700,14.7,14.7,14.7,14.7,0.05,1,14.600803479067995,14.511421488379348,14.522715929295115,14.370744892934203,13.767315849639893
2009-10-23,8908,9000,131000,14.75,14.8,14.25,14.65,-0.05,9,14.617202319378663,14.536617581401284,14.533784109356409,14.37908086627945,13.773977616812422
2009-10-26,8908,1000,14650,14.65,14.65,14.65,14.65,0.0,1,14.628134879585776,14.557232566601051,14.543889838977591,14.387168004599467,13.780589106496857
2009-10-27,8908,1000,14650,14.65,14.65,14.65,14.65,0.0,1,14.635423253057184,14.574099372673588,14.55311680950128,14.395013735805453,13.787150698145936
2009-10-28,8908,1000,14650,14.65,14.65,14.65,14.65,0.0,1,14.64028216870479,14.587899486732937,14.561541434762038,14.402625266079916,13.793662768348609
2009-10-29,8908,1000,14650,14.65,14.65,14.65,14.65,0.0,1,14.643521445803193,14.59919048914513,14.569233483913164,14.410009586495441,13.800125690851639
2009-10-30,8908,1000,14650,14.65,14.65,14.65,14.65,0.0,1,14.645680963868795,14.608428582027834,14.576256659225063,14.417173479435876,13.80653983658106
2009-11-02,8908,1000,14650,14.65,14.65,14.65,14.65,0.0,1,14.647120642579196,14.615987021659137,14.582669123640274,14.42412352482585,13.812905573663466
2009-11-03,8908,1000,14650,14.65,14.65,14.65,14.65,0.0,1,14.64808042838613,14.622171199539293,14.588523982454163,14.430866106174332,13.819223267447137
2009-11-04,8908,1000,14650,14.65,14.65,14.65,14.65,0.0,1,14.648720285590754,14.62723098144124,14.593869723110323,14.437407416437784,13.825493280523007
2009-11-05,8908,2000,28450,14.0,14.45,14.0,14.45,-0.2,2,14.582480190393836,14.595007166633742,14.581359312405079,14.437783314454567,13.83020653878321
2009-11-06,8908,3000,43100,14.6,14.6,14.1,14.4,-0.05,3,14.521653460262558,14.55955131815488,14.565588937413333,14.436655454321595,13.834506866792394
2009-11-09,8908,5000,72500,14.45,14.65,14.35,14.35,-0.05,5,14.464435640175038,14.521451078490356,14.546842073290435,14.434068724341847,13.838397381005281
2009-11-10,8908,1000,14850,14.85,14.85,14.85,14.85,0.5,1,14.592957093450025,14.581187246037564,14.573203632134744,14.446484583316717,13.846032117752411
2009-11-11,8908,2000,28800,14.15,14.65,14.15,14.65,-0.2,2,14.61197139563335,14.593698655848916,14.579881577166505,14.45255967038189,13.852099799882582
2009-11-12,8908,4000,59450,14.65,15.35,14.65,15.35,0.7,4,14.857980930422233,14.731207991149113,14.64684839654333,14.47934893395258,13.863404707053279
2009-11-13,8908,6000,87050,14.4,14.75,14.35,14.75,-0.6,6,14.821987286948156,14.734624720031093,14.655818101191736,14.487428070252502,13.870095992283066
2009-11-16,8908,19000,289650,14.65,15.7,14.65,15.7,0.95,19,15.114658191298771,14.910147498207257,14.746616527175064,14.52362424725989,13.883906588567722
2009-11-17,8908,20000,322200,15.9,16.6,15.6,16.5,0.8,16,15.57643879419918,15.199211589442301,14.899084655246797,14.582620538386461,13.90365068978608
2009-11-18,8908,28000,484900,17.2,17.65,16.5,16.6,0.1,24,15.917625862799454,15.453900391361882,15.04699033739925,14.642840820822686,13.924000495900902
2009-11-19,8908,28000,479400,16.7,17.75,16.45,17.0,0.4,19,16.278417241866304,15.735009411114268,15.216817264581925,14.713203781395142,13.947215586497876
2009-11-20,8908,1000,17000,17.0,17.0,17.0,17.0,0.0,1,16.518944827910868,15.965007700002582,15.371876632879149,14.78146635508484,13.970255468863929
2009-11-23,8908,13000,214350,16.35,17.0,16.1,16.95,-0.05,13,16.662629885273912,16.144097209093022,15.509104751759223,14.846198702694247,13.992744106834767
2009-11-24,8908,12000,196650,16.85,16.85,16.0,16.75,-0.2,12,16.691753256849275,16.25426135289429,15.617008686388855,14.903028592166061,14.01355358527375
2009-11-25,8908,5000,79900,16.1,16.4,15.8,15.8,-0.95,5,16.39450217123285,16.17166837964078,15.632920974528956,14.929803858071551,14.027036199724513
2009-11-26,8908,6000,94800,15.8,16.2,15.45,16.1,0.3,5,16.2963347808219,16.15863776516064,15.673536541961221,14.964735086188819,14.042681209537912
2009-11-27,8908,6000,94800,15.8,16.2,15.45,16.1,0.3,5,16.23088985388127,16.14797635331325,15.710620320921116,14.998623591078704,14.058208143805551
2009-11-30,8908,6000,94800,15.8,16.2,15.45,16.1,0.3,5,16.187259902587513,16.13925337998357,15.744479423449715,15.031500498807699,14.073617893663622
2009-12-01,8908,12000,183000,15.3,15.75,15.15,15.75,-0.35,9,16.041506601725008,16.068480038168374,15.744959473584522,15.052948245111946,14.086269834088801
2009-12-02,8908,1000,15550,15.55,15.55,15.55,15.55,-0.2,1,15.877671067816673,15.97421094031958,15.72800647588152,15.0677856109295,14.097316854208886
2009-12-03,8908,3000,46650,15.5,15.65,15.5,15.65,0.1,3,15.801780711877782,15.91526349662511,15.721223304065735,15.085165144931604,14.109035217573346
2009-12-04,8908,4000,62950,15.5,15.85,15.5,15.8,0.15,4,15.801187141251855,15.894306497238727,15.728073451538279,15.106503498814243,14.121797215931284
2009-12-07,8908,3000,48300,15.8,16.35,15.8,16.35,0.55,3,15.98412476083457,15.97715986137714,15.782154020969733,15.143622797357102,14.138613840716708
2009-12-08,8908,3000,48300,15.8,16.35,15.8,16.35,0.55,3,16.106083173889715,16.04494897749039,15.831531932189757,15.179634057137488,14.155303547579223
2009-12-09,8908,3000,48300,15.8,16.35,15.8,16.35,0.55,3,16.187388782593143,16.100412799764865,15.876616111999343,15.214570353939354,14.171867294389946
2009-12-10,8908,41000,627300,15.5,15.65,15.25,15.65,-0.7,23,16.008259188395428,16.01851956344398,15.856910363129835,15.227568253821762,14.183023012922853
2009-12-11,8908,41000,627300,15.5,15.65,15.25,15.65,-0.7,23,15.888839458930285,15.951516006454167,15.838918157640284,15.240178156692753,14.194094537353623
2009-12-14,8908,1000,14850,14.85,14.85,14.85,14.85,-0.8,1,15.542559639286857,15.751240368917045,15.752925274367216,15.228531047537746,14.199044767260387
2009-12-15,8908,9000,137050,15.15,15.35,15.1,15.35,0.5,9,15.478373092857904,15.678287574568492,15.717888293987459,15.232156986417216,14.207731221847101
2009-12-16,8908,4000,59700,14.9,15.2,14.8,15.2,-0.15,4,15.38558206190527,15.59132619737422,15.672854529292897,15.231197076374912,14.215220042814293
2009-12-17,8908,22000,328200,14.55,15.35,14.55,15.35,0.15,10,15.373721374603512,15.547448706942545,15.644780222397863,15.234743432304018,14.223784419849657
2009-12-18,8908,2000,30200,14.95,15.25,14.95,15.25,-0.1,2,15.332480916402341,15.493367123862082,15.610451507406744,15.235198852235241,14.231529443096075
2009-12-21,8908,2000,30600,15.3,15.3,15.3,15.3,0.05,2,15.321653944268228,15.458209464978067,15.583455724153984,15.237133214855085,14.239593371827425
2009-12-22,8908,6000,91850,15.35,15.4,15.2,15.4,0.1,5,15.347769296178818,15.447625925891145,15.56750305248842,15.241994909934037,14.248351157700425
2009-12-23,8908,10000,148700,15.0,15.1,14.8,15.1,-0.3,9,15.265179530785879,15.384421212092755,15.5268506131416,15.237756255906156,14.254778696132874
2009-12-24,8908,2000,30150,14.95,15.2,14.95,15.2,0.1,2,15.24345302052392,15.350890082621346,15.498428820694503,15.236629203491047,14.261912441822437
2009-12-25,8908,2000,30150,14.95,15.2,14.95,15.2,0.1,2,15.22896868034928,15.323455522144737,15.4724784884602,15.235535794431613,14.26899234792189
2009-12-28,8908,14000,211950,15.0,15.4,15.0,15.4,0.2,8,15.285979120232852,15.337372699936603,15.46617601120279,15.24044517370231,14.277528254730026
2009-12-29,8908,1000,15550,15.55,15.55,15.55,15.55,0.15,1,15.373986080155236,15.376032209039039,15.473465053706896,15.249685616278361,14.287131815071685
2009-12-30,8908,1000,15550,15.55,15.55,15.55,15.55,0.15,1,15.432657386770158,15.407662716486486,15.480120266428035,15.258650224747663,14.296662895712654
2009-12-31,8908,36000,556950,15.45,15.8,15.1,15.8,0.25,14,15.555104924513438,15.478996768034397,15.507935895434292,15.274809919531315,14.30800883612237
2010-01-04,8908,11000,173700,15.7,15.8,15.7,15.8,0.0,3,15.636736616342292,15.537360992028143,15.53333277409218,15.2904872353662,14.319269146793145
2010-01-05,8908,16000,253950,15.3,16.0,15.3,16.0,0.2,8,15.75782441089486,15.621477175295754,15.573912532866773,15.311666720877657,14.331953907949423
2010-01-06,8908,4000,64150,16.1,16.1,16.0,16.05,0.05,4,15.855216273929907,15.699390416151072,15.61531144305227,15.333706520254443,14.344920293549805
2010-01-07,8908,10000,160000,16.0,16.0,16.0,16.0,-0.05,2,15.903477515953272,15.754046704123605,15.64876262191729,15.353595877858789,14.357411461145656
2010-01-08,8908,10000,160000,16.0,16.0,16.0,16.0,-0.05,2,15.93565167730218,15.79876548519204,15.679305002620135,15.37289152329584,14.369808355778519
2010-01-11,8908,2000,31050,15.55,15.55,15.5,15.5,-0.5,2,15.790434451534788,15.744444487884397,15.663713263261862,15.37668580618253,14.378338104036795
2010-01-12,8908,5000,75400,15.05,15.2,15.05,15.2,-0.3,4,15.593622967689859,15.645454580996326,15.623390370804309,15.371411603012902,14.38453932589312
2010-01-13,8908,5000,77000,15.25,15.6,15.25,15.6,0.4,4,15.595748645126573,15.637190111724266,15.621356425516977,15.378235137251323,14.393712613999588
2010-01-14,8908,4000,61750,15.75,15.75,15.2,15.6,0.0,4,15.597165763417715,15.630428273228945,15.619499345037239,15.384854983900537,14.402816669742988
2010-01-15,8908,1000,15600,15.6,15.6,15.6,15.6,0.0,1,15.598110508945144,15.624895859914592,15.61780374981661,15.391277223187087,14.41185201563172
2010-01-18,8908,3000,45550,15.15,15.2,15.15,15.2,-0.4,2,15.46540700596343,15.547642067202847,15.581472988962991,15.385567455330756,14.417800302306198
2010-01-19,8908,3000,45550,15.15,15.2,15.15,15.2,-0.4,2,15.376938003975619,15.484434418620511,15.54830142470534,15.380028128305957,14.423703696251057
2010-01-20,8908,5000,77300,15.3,15.5,15.3,15.5,0.3,4,15.417958669317079,15.487264524325873,15.54410130081792,15.383609378207272,14.431826687222747
2010-01-21,8908,3000,45600,15.25,15.25,15.15,15.15,-0.35,3,15.328639112878053,15.425943701721168,15.509831622485926,15.376635963932427,14.437246863168236
2010-01-22,8908,5000,72650,14.5,14.65,14.5,14.65,-0.5,4,15.102426075252035,15.284863028680956,15.435063655313236,15.3549453381434,14.438852547219795
2010-01-25,8908,3000,44850,14.65,15.1,14.65,15.1,0.45,3,15.101617383501356,15.251251568920782,15.405927685285999,15.347335029542105,14.44384233931625
2010-01-26,8908,4000,57850,14.65,14.65,14.3,14.3,-0.8,4,14.834411589000904,15.078296738207912,15.30976006047852,15.316071297316968,14.442756736755372
2010-01-27,8908,1000,14600,14.6,14.6,14.6,14.6,0.3,1,14.756274392667269,14.991333694897383,15.248041794349954,15.294696034710492,14.443943478364766
2010-01-28,8908,1000,14550,14.55,14.55,14.55,14.55,-0.05,1,14.68751626177818,14.91109120491604,15.18734250788474,15.272466302331075,14.444743904943145
2010-01-29,8908,2000,29800,14.55,15.25,14.55,15.25,0.7,2,14.875010841185453,14.972710985840397,15.192790985459979,15.271795666440596,14.45082130943414
2010-02-01,8908,36000,541100,14.45,15.5,14.3,15.5,0.25,13,15.083340560790303,15.068581715687598,15.219504812811286,15.278607736099085,14.45873963917426
2010-02-02,8908,3000,45100,14.75,15.2,14.75,15.2,-0.3,3,15.122227040526868,15.092475949198944,15.217808742132043,15.276261236514037,14.464334056991813
2010-02-03,8908,3000,45100,14.75,15.2,14.75,15.2,-0.3,3,15.148151360351244,15.112025776617317,15.216260155859691,15.273984781692722,14.4698862527881
2010-02-04,8908,3000,45100,14.75,15.2,14.75,15.2,-0.3,3,15.165434240234163,15.128021089959622,15.214846229263197,15.27177628074667,14.475396545219889
2010-02-05,8908,5000,71950,14.3,14.75,14.3,14.75,-0.45,3,15.026956160156109,15.059289982694237,15.174424818022919,15.256200869381097,14.47746902412389
2010-02-06,8908,3000,43950,14.65,14.65,14.65,14.65,-0.1,1,14.90130410677074,14.984873622204375,15.12882265993397,15.238105321041363,14.47877114469654
2010-02-08,8908,3000,42100,14.0,14.1,14.0,14.1,-0.55,3,14.63420273784716,14.823987509076307,15.039359819939712,15.20413202787595,14.475912494547886
2010-02-09,8908,6000,89100,14.55,15.0,14.55,15.0,0.9,4,14.756135158564772,14.855989780153342,15.035937226901476,15.19803853450652,14.479867871947524
2010-02-10,8908,2000,29650,14.6,15.05,14.6,15.05,0.05,2,14.85409010570985,14.891264365580007,15.03716007673613,15.193619473774982,14.484170755932826
2010-02-22,8908,1000,15350,15.35,15.35,15.35,15.35,0.3,1,15.019393403806566,14.97467084456546,15.064363548324293,15.198287549184684,14.490705316265409
2010-02-23,8908,1000,15350,15.35,15.35,15.35,15.35,0.3,1,15.12959560253771,15.042912509189922,15.08920150064392,15.202816279059768,14.497190559161519
2010-02-24,8908,1000,14700,14.7,14.7,14.7,14.7,-0.65,1,14.986397068358473,14.980564780246299,15.055357891892275,15.187806837893804,14.498721196450866
2010-02-25,8908,6000,88700,15.2,15.2,14.7,14.7,0.0,2,14.890931378905648,14.929553002019698,15.024457205640772,15.17324543974772,14.500240281760671
2010-02-26,8908,1000,15150,15.15,15.15,15.15,15.15,0.45,1,14.977287585937098,14.969634274379754,15.035373970367662,15.172551546023907,14.50514412869078
2010-03-01,8908,1000,14700,14.7,14.7,14.7,14.7,-0.45,1,14.884858390624732,14.920609860856162,15.006211016422647,15.158445529724686,14.506614739040284
2010-03-02,8908,8000,118900,15.15,15.15,14.6,14.6,-0.1,8,14.789905593749822,14.862317158882314,14.970888319342416,15.141775513912009,14.50731953346262
2010-03-03,8908,8000,119700,15.05,15.05,14.75,14.95,0.35,8,14.843270395833214,14.878259493630985,14.969071943747423,15.136050871705681,14.510660518115733
2010-03-04,8908,8000,119700,15.05,15.05,14.75,14.95,0.35,8,14.878846930555476,14.891303222061715,14.967413513856343,15.130497114341333,14.513976287790332
2010-03-05,8908,6000,90150,15.1,15.1,14.95,14.95,0.0,6,14.902564620370317,14.90197536350504,14.965899295260138,15.125109140778905,14.51726703278814
2010-03-08,8908,6000,90100,15.1,15.1,14.95,15.0,0.05,5,14.935043080246878,14.919798024685942,14.96886457393317,15.121374539561625,14.52091030046521
2010-03-09,8908,4000,60000,15.0,15.0,15.0,15.0,0.0,2,14.956695386831251,14.93438020201577,14.971572002286807,15.117751418977695,14.524526071782454
2010-03-10,8908,4000,60000,15.0,15.0,15.0,15.0,0.0,2,14.9711302578875,14.94631107437654,14.974044002087954,15.114236451247018,14.528114554259567
2010-03-11,8908,1000,14850,14.85,14.85,14.85,14.85,-0.15,1,14.930753505258334,14.928799969944443,14.963257567123785,15.106348795985914,14.530543878378362
2010-03-12,8908,1000,14850,14.85,14.85,14.85,14.85,-0.15,1,14.903835670172223,14.914472702681817,14.953409083026065,15.098696593120662,14.532954867975507
2010-03-15,8908,1000,14850,14.85,14.85,14.85,14.85,-0.15,1,14.885890446781481,14.902750393103304,14.944416988849886,15.091272814221538,14.535347661424748
2010-03-16,8908,8000,119100,14.85,15.25,14.8,15.25,0.4,4,15.007260297854321,14.965886685266339,14.97098942460207,15.09601093917015,14.540741263980033
2010-03-17,8908,2000,30100,14.75,15.35,14.75,15.35,0.1,2,15.121506865236213,15.035725469763369,15.003946865941021,15.103592702179995,14.54684887708207
2010-03-18,8908,2000,30100,14.75,15.35,14.75,15.35,0.1,2,15.19767124349081,15.092866293442757,15.034038442815715,15.110948143905965,14.552910394990885
2010-03-19,8908,3000,45550,14.85,15.5,14.85,15.2,-0.15,3,15.19844749566054,15.112345149180438,15.04846988257087,15.11360640826698,14.557794090123028
2010-03-22,8908,3000,45550,14.85,15.5,14.85,15.2,-0.15,3,15.198964997107026,15.128282394783994,15.06164641452123,15.11618532145304,14.562640927178704
2010-03-23,8908,1000,15200,15.2,15.2,15.2,15.2,0.0,1,15.199309998071351,15.141321959368723,15.0736771610846,15.118687252155935,14.567451184332072
2010-03-24,8908,7000,105900,14.95,15.55,14.95,15.05,-0.15,7,15.149539998714234,15.124717966756227,15.071618277512027,15.116636886419936,14.571093062186169
2010-03-25,8908,69000,1097900,14.8,16.1,14.8,16.1,1.05,22,15.466359999142822,15.30204197280055,15.161042775119677,15.145991009213372,14.582631982471556
2010-03-26,8908,311000,5349200,17.2,17.2,17.2,17.2,1.1,124,16.044239999428548,15.647125250473177,15.33834340337014,15.207304710430883,14.602385703358562
2010-03-29,8908,228000,4195200,18.4,18.4,18.4,18.4,1.2,95,16.829493332952364,16.147647932205327,15.604574411772736,15.302609047432945,14.631046943333216
2010-03-30,8908,85000,1670250,19.65,19.65,19.65,19.65,1.25,41,17.769662221968243,16.784439217258903,15.956350549879454,15.432381911688678,14.668925834326927
2010-03-31,8908,274000,5427850,21.0,21.0,18.5,19.5,-0.15,135,18.346441481312162,17.27817754139365,16.26449398032472,15.553803347160658,14.705386771426348
2010-04-01,8908,68000,1242750,18.5,19.1,18.15,18.15,-1.35,48,18.28096098754144,17.436690715685714,16.428451025513873,15.631301754708101,14.731383852396714
2010-04-02,8908,45000,785250,17.5,17.95,17.1,17.8,-0.35,39,18.120640658360962,17.5027469491974,16.547716153730057,15.69603901576159,14.754543219548436
2010-04-06,8908,82000,1397650,17.7,17.7,16.75,16.95,-0.85,52,17.730427105573973,17.402247503888784,16.58269735775353,15.733470686932886,14.77111270468392
2010-04-07,8908,81000,1335500,17.0,17.05,15.8,16.55,-0.4,52,17.336951403715982,17.24729341227264,16.579854109253223,15.757844696278173,14.784538269176872
2010-04-08,8908,69000,1118650,16.55,16.55,15.9,16.25,-0.3,39,16.974634269143987,17.065967337313978,16.551171143231205,15.772535899374347,14.795598357711386
2010-04-09,8908,55000,891650,16.25,16.55,16.0,16.5,0.25,38,16.816422846095993,16.963064185075073,16.546721478602404,15.79425124566168,14.808461766332432
2010-04-12,8908,22000,359750,16.25,16.55,16.25,16.45,-0.05,17,16.694281897397328,16.869779787788694,16.538310915245674,15.81382583534342,14.820850734133696
2010-04-13,8908,130000,2234800,16.6,17.6,16.4,17.6,1.15,80,16.996187931598218,17.00254709909984,16.63063170522431,15.867144467124215,14.841825445574196
2010-04-14,8908,78000,1412550,18.45,18.45,17.55,17.8,0.2,51,17.264125287732146,17.14753853562714,16.732315904770022,15.924841647210059,14.864151291267977
2010-04-15,8908,104000,1890900,18.3,18.5,17.9,18.0,0.2,71,17.5094168584881,17.30253152914948,16.842549304355238,15.986786672666474,14.887818073975389
2010-04-16,8908,42000,751550,18.1,18.1,17.5,17.5,-0.5,28,17.50627790565873,17.33843488748594,16.89971893006348,16.031957219751057,14.90753265454916
2010-04-19,8908,17000,291150,17.75,17.8,16.9,16.9,-0.6,15,17.304185270439152,17.258719453397585,16.899743370927524,16.057868944534608,14.92257014394879
2010-04-20,8908,11000,184150,16.75,17.1,16.7,17.1,0.2,9,17.2361235136261,17.22986137096166,16.91715699084687,16.088977334249993,14.939003576824648
2010-04-21,8908,88000,1596300,16.85,18.25,16.85,18.25,1.15,34,17.5740823424174,17.415341121695903,17.03305638294714,16.153485473526114,14.963992229075028
2010-04-22,8908,120000,2163950,18.25,18.45,17.1,17.35,-0.9,61,17.499388228278267,17.403460917751193,17.060616697473478,16.18920232506265,14.98199983489333
2010-04-23,8908,53000,903350,17.75,17.75,16.85,16.9,-0.45,40,17.29959215218551,17.311922569069157,17.046650028127956,16.210420166105553,14.996475307837532
2010-04-26,8908,124000,2204550,16.75,18.05,16.75,18.05,1.15,54,17.549728101457006,17.446118465602037,17.133897851769003,16.265332996968073,15.019520777212342
2010-04-27,8908,120000,2316000,19.3,19.3,19.3,19.3,1.25,62,18.133152067638004,17.783187835492576,17.322254560310828,16.355920071685443,15.051826280780551
2010-04-28,8908,580000,11976850,20.65,20.65,20.6,20.65,1.35,246,18.972101378425336,18.304426410857563,17.611623728979453,16.48410156208289,15.094076648472774
2010-04-29,8908,581000,12461500,22.05,22.05,19.35,19.85,-0.8,319,19.264734252283557,18.585439790701642,17.806265143850805,16.58457614231922,15.129970409616375
2010-04-30,8908,243000,4592850,19.85,20.7,18.5,18.5,-1.35,133,19.009822834855704,18.569905283301342,17.866589913950733,16.641752973891784,15.155404595204176
2010-05-03,8908,145000,2545850,17.6,17.85,17.4,17.4,-1.1,73,18.473215223237137,18.357195231792005,17.826016877955016,16.664387213477102,15.172344937881881
2010-05-04,8908,39000,686900,17.25,17.7,17.2,17.7,0.3,23,18.215476815491424,18.237705189648004,17.815058888567624,16.695301028000173,15.191421579860132
2010-05-05,8908,69000,1187100,16.7,17.5,16.7,16.8,-0.9,50,17.743651210327616,17.97630424607564,17.726792898257397,16.69842637044793,15.203561794351753
2010-05-06,8908,160000,2837900,16.4,17.95,16.4,17.95,1.15,61,17.81243414021841,17.971521655880068,17.746202211452406,16.73578677730023,15.22428962986608
2010-05-07,8908,117000,2050100,17.75,17.75,17.05,17.35,-0.6,51,17.658289426812274,17.858517718447327,17.711749845239154,16.754121500365894,15.240332726999165
2010-05-10,8908,32000,569400,17.8,18.0,17.6,17.95,0.6,17,17.755526284541517,17.875150860547812,17.732467250000965,16.789819366026613,15.26078304604068
2010-05-11,8908,59000,1041800,17.95,18.05,17.4,17.9,-0.05,27,17.803684189694344,17.879668885902756,17.747035315218273,16.822959086443728,15.280701664561128
2010-05-12,8908,34000,602650,17.6,17.85,17.6,17.65,-0.25,17,17.752456126462896,17.83791090664771,17.73859746172103,16.847646874908094,15.298583161432365
2010-05-13,8908,41000,727050,17.65,17.85,17.65,17.7,0.05,22,17.734970750975265,17.812836196348126,17.73524116070181,16.87309025177651,15.3167070621008
2010-05-14,8908,37000,646200,16.8,17.7,16.8,17.65,-0.05,22,17.70664716731684,17.78322961519392,17.727828885858177,16.896281587544376,15.33431682012268
2010-05-17,8908,138000,2514550,17.55,18.85,17.55,18.85,1.2,58,18.087764778211227,17.977187866976845,17.825408982740075,16.954601540154993,15.360850278084019
2010-05-18,8908,353000,6926400,18.75,20.15,17.8,20.15,1.3,121,18.775176518807484,18.3722446184356,18.027547332067027,17.049986568807082,15.396994804287159
2010-05-19,8908,525000,10556300,20.15,20.25,19.6,20.15,0.0,233,19.23345101253832,18.69547286962913,18.212108433626415,17.14252428317105,15.432866541613294
2010-05-20,8908,66000,1250000,19.65,19.9,18.75,18.75,-1.4,49,19.07230067502555,18.705386893332925,18.258881613311075,17.190508632927138,15.45790151111055
2010-05-21,8908,94000,1642450,17.45,17.9,17.45,17.45,-1.3,57,18.531533783350365,18.477134730908755,18.188544081718806,17.198254643884535,15.472936216687074
2010-05-24,8908,80000,1368750,17.6,17.75,16.85,16.9,-0.55,60,17.987689188900244,18.190382961652617,18.076496770264995,17.189351520186488,15.483706509391324
2010-05-25,8908,81000,1297300,16.5,16.55,15.85,15.9,-1.0,47,17.291792792600162,17.773949695897596,17.8872361815463,17.150863415106294,15.486848347056295
2010-05-26,8908,20000,325700,16.3,16.5,16.15,16.25,0.35,20,16.94452852840011,17.496867933007124,17.744867817933578,17.12397196987924,15.492607982172851
2010-05-27,8908,23000,379400,16.45,16.8,16.4,16.8,0.55,13,16.89635235226674,17.370164672460373,17.662705398982833,17.114301164808218,15.502475091741358
2010-05-28,8908,112000,1995850,16.8,17.95,16.7,17.95,1.15,55,17.247568234844493,17.475589277467577,17.68768753820172,17.13924739869454,15.520946977841422
2010-05-31,8908,335000,6257950,18.35,19.2,18.2,18.75,0.8,179,17.74837882322966,17.707300317928016,17.78006253487983,17.187329565897688,15.545317189329412
2010-06-01,8908,39000,698750,18.0,18.5,17.7,17.9,-0.85,35,17.79891921548644,17.742336623759286,17.790491879672885,17.208603310199248,15.56308838035334
2010-06-02,8908,24000,418850,17.3,17.75,17.3,17.3,-0.6,21,17.632612810324293,17.66191178307578,17.74784041187524,17.211331569596286,15.57619714729407
2010-06-03,8908,63000,1095100,17.85,17.85,17.2,17.3,0.0,41,17.52174187354953,17.596109640698366,17.708897767364352,17.213978388414308,15.58920698014468
2010-06-04,8908,36000,625250,17.3,17.6,17.3,17.4,0.1,27,17.48116124903302,17.56045334238957,17.682037091941364,17.219531272342238,15.602873342558683
2010-06-07,8908,25000,424350,16.7,17.0,16.7,16.85,-0.55,6,17.27077416602201,17.43128000740965,17.6096860404682,17.208500488093215,15.612285619218618
2010-06-08,8908,10000,169450,16.8,17.35,16.8,17.0,0.15,10,17.180516110681342,17.352865460607894,17.556669863036184,17.202276592926253,15.622758935299986
2010-06-09,8908,12000,200750,17.3,17.3,16.6,16.6,-0.4,11,16.987010740454227,17.21598083140646,17.47348117929391,17.18429818716726,15.630134339561874
2010-06-10,8908,12000,204350,16.6,17.2,16.6,16.9,0.3,9,16.958007160302817,17.15852977115074,17.423613250659656,17.175811674117494,15.639718231338765
2010-06-11,8908,12000,203450,16.95,17.3,16.9,16.95,0.05,9,16.955338106868545,17.12061526730515,17.38242948973273,17.16907102712891,15.64960715034753
2010-06-14,8908,13000,220400,17.0,17.1,16.85,16.95,0.0,8,16.953558737912363,17.089594309613304,17.344826925408142,17.162531593483273,15.659421436005283
2010-06-15,8908,4000,68200,17.1,17.1,17.0,17.0,0.05,3,16.969039158608243,17.07330443513816,17.31484197537265,17.157679904125562,15.669539010073168
2010-06-17,8908,15000,254500,16.8,17.15,16.8,17.0,0.0,12,16.979359439072162,17.05997635602213,17.287464412296767,17.152973041315843,15.679580225091483
2010-06-18,8908,4000,67300,16.8,16.95,16.75,16.95,-0.05,4,16.96957295938144,17.0399806549272,17.2581196807927,17.146914144560146,15.689168298864377
2010-06-21,8908,18000,304000,16.8,17.05,16.8,16.85,-0.1,14,16.929715306254295,17.005438717667708,17.222631012897683,17.138051035767305,15.697929292835212
2010-06-22,8908,15000,255650,16.85,17.15,16.8,17.15,0.3,12,17.00314353750286,17.03172258718267,17.21631527264571,17.138407721266788,15.708888317040229
2010-06-23,8908,15000,254550,17.0,17.15,16.85,16.85,-0.3,14,16.952095691668575,16.998682116785822,17.184461770676517,17.12979853555733,15.717500480685208
2010-06-24,8908,189000,3371950,17.15,18.0,17.15,18.0,1.15,75,17.30139712777905,17.180739913733856,17.255378138443778,17.15577469867502,15.734726892151736
2010-06-25,8908,396000,7385550,18.0,19.25,18.0,18.7,0.7,203,17.767598085186034,17.4569690203277,17.380997430753013,17.201870976326514,15.75710631183361
2010-06-28,8908,91000,1637900,18.7,18.7,17.55,17.55,-1.15,56,17.69506539012402,17.473883743904484,17.39569330633971,17.212262887480946,15.770637584951848
2010-06-29,8908,50000,866750,17.55,17.85,17.0,17.1,-0.45,38,17.496710260082683,17.405904881376397,17.369980844918864,17.208911756511366,15.780670508839004
2010-06-30,8908,73000,1207600,16.3,17.1,16.3,17.1,0.0,51,17.36447350672179,17.350285812035235,17.346504249708527,17.205660659302072,15.790627712545879
2010-07-01,8908,18000,301250,16.8,16.95,16.65,16.65,-0.45,14,17.12631567114786,17.22296111893792,17.28593866277735,17.189073773949772,15.797113541130438
2010-07-02,8908,25000,422500,16.5,17.15,16.5,16.8,0.15,21,17.01754378076524,17.146059097312843,17.243683126883667,17.17745963144381,15.804682495537001
2010-07-05,8908,18000,301050,16.65,16.9,16.6,16.6,-0.2,15,16.878362520510162,17.046775625074144,17.187710681067696,17.16022203050519,15.810684891797099
2010-07-06,8908,8000,133900,16.7,17.0,16.7,17.0,0.4,7,16.918908347006774,17.038270965969755,17.171388013148764,17.15543928332593,15.819660854877876
2010-07-07,8908,25000,430150,17.5,17.5,16.95,16.95,-0.05,12,16.929272231337848,17.0222216994298,17.15213688157061,17.14930676740575,15.828191716350496
2010-07-08,8908,30000,511600,16.95,17.25,16.9,17.0,0.05,25,16.952848154225233,17.018181390442564,17.13890758752099,17.144849848975728,15.83703555245351
2010-07-09,8908,17000,288850,17.15,17.3,16.75,16.95,-0.05,17,16.95189876948349,17.00578477399846,17.122480840780035,17.139033435573467,15.845435284133107
2010-07-12,8908,5000,84850,16.9,17.05,16.9,16.9,-0.05,5,16.93459917965566,16.986551178726014,17.103134680712206,17.131898109138437,15.853394263120782
2010-07-13,8908,9000,151500,17.1,17.1,16.7,17.0,0.1,9,16.956399453103774,16.988996418957647,17.094166447606796,17.12796085214923,15.862047891323645
2010-07-14,8908,11000,188800,17.15,17.2,17.0,17.2,0.2,11,17.037599635402515,17.027360706419895,17.103369365206206,17.130111274473133,15.87214564308724
2010-07-15,8908,20000,347150,17.25,17.5,16.9,17.5,0.3,17,17.191733090268343,17.113295123434458,17.13785898562306,17.14115272896647,15.884431336346958
2010-07-16,8908,318000,5872800,17.5,18.7,17.4,18.65,1.15,155,17.677822060178894,17.392696010082737,17.269349508612358,17.18619294601225,15.905303552676415
2010-07-19,8908,118000,2113150,18.6,18.6,17.35,18.45,-0.2,69,17.935214706785928,17.584933099158604,17.37201476873302,17.223918529713377,15.924508808882631
2010-07-20,8908,50000,871350,17.55,17.55,17.25,17.35,-1.1,35,17.740143137857284,17.542217990220678,17.370100441017104,17.227682155692083,15.935267232966536
2010-07-21,8908,29000,500650,17.3,17.55,17.2,17.25,-0.1,18,17.576762091904857,17.48908744654419,17.35965692440692,17.22834835999978,15.945189744415845
2010-07-22,8908,26000,448550,17.05,17.4,17.05,17.25,0.0,12,17.467841394603237,17.445617001717974,17.350121539675882,17.228994677611727,15.955037368986291
2010-07-23,8908,16000,275450,17.35,17.35,17.1,17.2,-0.05,12,17.378560929735492,17.400959365041977,17.337067492747543,17.228129164847196,15.9644333133713
2010-07-26,8908,46000,790850,17.05,17.65,16.95,17.5,0.3,36,17.41904061982366,17.418966753216164,17.351235536856453,17.236244712165192,15.976022495911893
2010-07-27,8908,4000,71400,17.85,17.85,17.85,17.85,0.35,1,17.562693746549108,17.49733643444959,17.3946063597385,17.254565765533396,15.99016572235784
2010-07-28,8908,4000,71400,17.85,17.85,17.85,17.85,0.35,1,17.658462497699407,17.561457082731483,17.43420580671776,17.27233992178613,16.004202207472122
2010-07-29,8908,50000,885850,17.15,18.5,17.15,17.95,0.1,45,17.755641665132938,17.632101249507578,17.479057475698824,17.29256858083729,16.018887473830823
2010-07-30,8908,25000,441150,17.45,17.9,17.45,17.5,-0.45,19,17.670427776755293,17.6080828405062,17.480878564768492,17.298760563498863,16.030065681575497
2010-08-02,8908,11000,193950,17.8,17.8,17.35,17.6,0.1,10,17.646951851170197,17.606613233141434,17.491236950440797,17.30775278548397,16.041914242469268
2010-08-03,8908,317000,5870500,17.35,18.8,17.35,18.8,1.2,126,18.031301234113464,17.823592645297538,17.605042433011164,17.3522974784546,16.06272998403554
2010-08-04,8908,538000,10813800,20.1,20.1,20.1,20.1,1.3,227,18.720867489408977,18.237484891607078,17.82199526492324,17.434318449246998,16.093199946420174
2010-08-05,8908,429000,8818600,21.5,21.5,18.75,18.75,-1.35,206,18.730578326272653,18.330669456769428,17.902691328842955,17.473592525388877,16.11325126757927
2010-08-06,8908,137000,2487150,18.5,18.75,17.6,18.65,-0.1,78,18.703718884181768,18.38872955553862,17.967674691552265,17.508709166422044,16.1323965410315
2010-08-09,8908,82000,1460450,17.9,18.15,17.6,17.9,-0.75,61,18.43581258945451,18.29986963634978,17.96178993576511,17.52038948981243,16.145736944495415
2010-08-10,8908,76000,1410500,18.0,19.15,18.0,18.8,0.9,63,18.557208392969674,18.390802429740727,18.03467776743771,17.558586818474748,16.165769118499224
2010-08-11,8908,112000,2153400,18.75,19.7,18.75,19.7,0.9,84,18.93813892864645,18.62883835160605,18.17948839635617,17.622509600012815,16.192442559114323
2010-08-12,8908,42000,816350,19.65,19.7,19.1,19.65,-0.05,31,19.175425952430967,18.814504105859495,18.30735897058607,17.68303170150497,16.21853733225308
2010-08-13,8908,53000,1015050,19.55,19.7,18.45,18.55,-1.1,45,18.966950634953978,18.766412450248676,18.328458190535105,17.708911352206314,16.23613327691532
2010-08-16,8908,44000,801950,18.75,18.8,18.05,18.55,0.0,31,18.82796708996932,18.727064732021645,18.347722695705965,17.734018476021053,16.253596421995205
2010-08-17,8908,11000,203300,18.55,18.65,18.15,18.6,0.05,11,18.751978059979546,18.703962053472257,18.3696598526011,17.759868670766693,16.271305128244297
2010-08-18,8908,23000,421950,18.65,18.65,18.0,18.0,-0.6,22,18.50131870665303,18.575968952840938,18.33751551759231,17.76703677014679,16.284351881993395
2010-08-19,8908,25000,448850,18.0,18.2,17.8,17.9,-0.1,19,18.300879137768685,18.45306550686986,18.299470689975585,17.7710058217842,16.29654545269533
2010-08-20,8908,12000,216700,18.0,18.1,18.0,18.05,0.15,12,18.21725275851246,18.379780869257157,18.277777586499447,17.779334006208554,16.30977907192027
2010-08-23,8908,88000,1664650,17.9,19.3,17.9,19.0,0.95,56,18.478168505674972,18.492547983937673,18.340579535499494,17.815771797068,16.33008262609446
2010-08-24,8908,109000,2064400,18.5,19.55,18.35,19.45,0.45,74,18.802112337116647,18.666630168676278,18.43705088023867,17.864554728498806,16.353629172312615
2010-08-25,8908,78000,1490100,19.4,19.8,18.6,18.9,-0.55,39,18.834741558077763,18.70906104709877,18.477307325435305,17.89546354257347,16.372847065351767
2010-08-26,8908,22000,410900,19.4,19.4,18.4,18.4,-0.5,18,18.689827705385174,18.65286812944445,18.470584949310496,17.910524332347396,16.388146332783073
2010-08-27,8908,36000,655950,18.1,18.8,18.05,18.8,0.4,20,18.726551803590116,18.679619378636367,18.499229736326974,17.93707584481464,16.406349001969616
2010-08-30,8908,27000,498050,18.8,18.8,18.2,18.55,-0.25,20,18.66770120239341,18.6560522188843,18.50364454186376,17.955372088253007,16.422527500067957
2010-08-31,8908,37000,675500,18.5,18.6,17.75,18.55,0.0,23,18.628467468262272,18.636769997268974,18.507675451266913,17.97312217517083,16.43858389629386
2010-09-01,8908,2000,37300,18.6,18.7,18.6,18.7,0.15,2,18.65231164550818,18.648266361401888,18.52439932506979,17.994820020688117,16.455651187642587
2010-09-02,8908,5000,92850,18.85,18.85,18.2,18.8,0.1,5,18.701541097005453,18.675854295692453,18.548364601150677,18.01885524395116,16.473344386226415
2010-09-03,8908,6000,110950,18.65,18.65,18.25,18.6,-0.2,6,18.667694064670304,18.662062605566554,18.552854635833228,18.03620284860933,16.489394617273764
2010-09-06,8908,6000,109400,17.55,18.9,17.55,18.5,0.0,6,18.611796043113536,18.632596677281725,18.548258580543383,18.05004753969562,16.504568997520753
2010-09-07,8908,13000,234400,18.7,18.7,17.8,17.8,-0.7,13,18.34119736207569,18.4812154632305,18.48319261701787,18.042583434033062,16.514345835275314
2010-09-08,8908,17000,306350,18.05,18.15,17.85,18.15,0.35,16,18.277464908050458,18.420994469915865,18.454219345972838,18.045789898688792,16.526690395009087
2010-09-09,8908,11000,198900,18.3,18.5,17.8,18.0,-0.15,11,18.184976605366973,18.344450020840252,18.414722011540416,18.044423036041366,16.537809712782604
2010-09-10,8908,37000,669200,18.05,18.45,17.9,18.2,0.2,26,18.18998440357798,18.31818638068748,18.396050532276032,18.04906712451774,16.550354545138962
2010-09-13,8908,28000,502750,18.15,18.15,17.7,18.15,-0.05,23,18.176656269051986,18.2876070387443,18.374654833817246,18.052080046173927,16.562427341024705
2010-09-14,8908,26000,461600,17.9,17.95,17.6,17.85,-0.3,21,18.06777084603466,18.208042122608973,18.329032674354877,18.04604780598963,16.572144870526405
2010-09-15,8908,43000,756650,17.6,17.85,17.25,17.55,-0.3,28,17.895180564023107,18.088398100316432,18.261290702671843,18.03124040879591,16.579524909239414
2010-09-16,8908,44000,760000,17.55,17.55,17.1,17.15,-0.4,34,17.64678704268207,17.917780263895263,18.164656728526467,18.004934724951255,16.583830381622512
2010-09-17,8908,25000,428100,17.0,17.35,17.0,17.25,0.1,22,17.51452469512138,17.79636567045976,18.085121360828513,17.982399360027337,16.58885807685555
2010-09-20,8908,8000,137050,17.0,17.35,17.0,17.35,0.1,7,17.459683130080922,17.71520827583071,18.021197764234728,17.9635217671907,16.594602544200036
2010-09-21,8908,11000,188400,17.4,17.4,17.0,17.3,-0.05,11,17.40645542005395,17.63971586204331,17.95848491517084,17.94371514727456,16.599926298583433
2010-09-23,8908,15000,263450,17.3,17.7,17.3,17.7,0.4,15,17.5043036133693,17.65067661439907,17.93600796602555,17.93644006825144,16.608228741612994
2010-09-24,8908,79000,1432350,18.25,18.35,17.95,18.0,0.3,49,17.6695357422462,17.714189957235604,17.94157249071898,17.938337379646917,16.618732675638554
2010-09-27,8908,12000,212100,17.75,17.75,17.5,17.65,-0.35,11,17.663023828164132,17.70251905592004,17.916218361091243,17.929730293687307,16.626515825256377
2010-09-28,8908,9000,157700,17.55,17.55,17.5,17.5,-0.15,4,17.60868255210942,17.66569740938912,17.880025460126788,17.916902523726492,16.633108158650668
2010-09-29,8908,8000,140500,17.6,17.8,17.5,17.5,0.0,7,17.572455034739615,17.63557060768201,17.84697976794185,17.90445767227197,16.63965073858538
2010-09-30,8908,3000,52500,17.5,17.5,17.5,17.5,0.0,3,17.548303356493076,17.61092140628528,17.816807614207775,17.89238430892057,16.64614394055832
2010-10-01,8908,3000,52650,17.7,17.7,17.4,17.55,0.05,3,17.548868904328717,17.599844786960684,17.793606952102753,17.88216388178861,16.65296549572392
2010-10-04,8908,8000,140100,17.55,17.55,17.45,17.5,-0.05,7,17.53257926955248,17.58169118933147,17.76807591278947,17.870756004720295,16.659358208963738
2010-10-05,8908,3000,52100,17.1,17.5,17.1,17.5,0.0,3,17.521719513034984,17.566838245816655,17.744764963851257,17.85968866129581,16.66570267531118
2010-10-06,8908,8000,140750,17.6,17.85,17.4,17.6,0.1,7,17.54781300868999,17.572867655668173,17.73217670612506,17.851936760958623,16.67275397587487
2010-10-07,8908,14000,245950,17.5,17.6,17.5,17.6,0.0,9,17.565208672459992,17.57780080918305,17.720683079505488,17.8444162606315,16.679752059075813
2010-10-08,8908,28000,493450,17.6,17.8,17.5,17.8,0.2,22,17.64347244830666,17.618200662058857,17.72758020302675,17.843090402105187,16.68820676051675
2010-10-11,8908,44000,781750,17.8,17.8,17.6,17.8,0.0,23,17.695648298871106,17.651255087139067,17.733877576676598,17.841804121445332,16.69659765289021
2010-10-12,8908,13000,229500,17.6,17.8,17.5,17.8,0.0,11,17.730432199247403,17.678299616750145,17.739627352617763,17.840556237223083,16.704925217774054
2010-10-13,8908,13000,228700,17.8,17.8,17.5,17.5,-0.3,12,17.653621466164935,17.645881504613754,17.718790191520565,17.830390379395528,16.71092578216821
2010-10-14,8908,25000,444250,17.65,18.0,17.45,18.0,0.5,18,17.76908097744329,17.710266685593073,17.743243218344865,17.835453353144914,16.720654644189583
2010-10-15,8908,133000,2428400,18.05,19.0,17.55,19.0,1.0,79,18.17938731829553,17.944763651848877,17.852526416749658,17.8702159396182,16.73785725064853
2010-10-18,8908,266000,5080800,19.3,19.45,18.7,18.8,-0.2,98,18.38625821219702,18.100261169694537,17.93491542398882,17.8979706876893,16.75342059215307
2010-10-19,8908,34000,620350,17.8,19.0,17.8,18.5,-0.3,18,18.42417214146468,18.172940957022803,17.984053213207183,17.91594171193738,16.766602323533046
2010-10-20,8908,50000,906450,18.85,18.85,18.1,18.1,-0.4,21,18.316114760976454,18.15967896483684,17.994135542493513,17.92143598919298,16.77666570222336
2010-10-21,8908,15000,270150,17.9,18.3,17.9,18.0,-0.1,12,18.2107431739843,18.130646425775595,17.994645495320164,17.923781183545426,16.785898413904693
2010-10-22,8908,14000,252450,18.15,18.4,17.95,17.95,-0.05,7,18.1238287826562,18.097801621089122,17.990763278335802,17.924563834782877,16.794684086252584
2010-10-25,8908,14000,251650,18.15,18.3,17.85,17.85,-0.1,10,18.0325525217708,18.0527467808911,17.978522993263123,17.922338048669953,16.802648734658224
2010-10-26,8908,5000,90150,17.85,18.2,17.85,18.0,0.15,5,18.021701681180534,18.043156457092717,17.98039055906633,17.924656315873836,16.81168534798156
2010-10-27,8908,3000,54050,18.05,18.05,18.0,18.0,0.0,3,18.01446778745369,18.035309828530405,17.98209572784317,17.92690538107163,16.820653760449623
2010-10-28,8908,4000,71850,18.0,18.0,17.9,18.0,0.0,4,18.009645191635794,18.028889859706695,17.9836526210742,17.929087309994866,16.829554486785852
2010-10-29,8908,1000,18200,18.2,18.2,18.2,18.2,0.2,1,18.07309679442386,18.060000794305477,18.002465436632964,17.937174255965168,16.839897471791243
2010-11-01,8908,36000,625350,17.95,18.05,17.25,17.65,-0.55,14,17.932064529615907,17.985455195340844,17.971816268230096,17.928601890115463,16.846011453136214
2010-11-02,8908,7000,123450,17.65,17.75,17.55,17.55,-0.1,7,17.804709686410604,17.90628152346069,17.935136592731826,17.917300341156793,16.851324574244618
2010-11-03,8908,7000,123300,17.6,17.95,17.5,17.5,-0.05,7,17.7031397909404,17.832412155558746,17.89729862814645,17.904843614555098,16.856220237835224
2010-11-04,8908,11000,191700,17.45,17.65,17.4,17.4,-0.1,9,17.60209319396027,17.753791763638972,17.854055269177195,17.88977365591166,16.860324236040242
2010-11-05,8908,13000,227300,17.45,17.6,17.45,17.45,0.05,10,17.55139546264018,17.698556897522796,17.81892002837918,17.8766460840934,16.864774619164468
2010-11-08,8908,19000,336500,17.5,18.0,17.45,18.0,0.55,15,17.700930308426788,17.753364734336834,17.834666112867946,17.880328290538376,16.873342357887754
2010-11-09,8908,13000,233450,17.9,18.0,17.6,17.6,-0.4,10,17.667286872284524,17.725480237184684,17.81426036392291,17.87196028186559,16.87882656650747
2010-11-10,8908,7000,125650,17.95,18.0,17.7,17.7,0.1,4,17.678191248189684,17.72084746678747,17.804324680103527,17.866827139123334,16.885024101854583
2010-11-11,8908,10000,178000,17.9,17.9,17.55,17.7,0.0,6,17.685460832126456,17.717057018280656,17.795252968790177,17.861847224522638,16.89117486335002
2010-11-12,8908,17000,303200,17.6,18.0,17.55,17.7,0.0,12,17.690307221417637,17.713955742229626,17.786970101938856,17.857015964089126,16.897279204003983
2010-11-15,8908,12000,214100,18.05,18.05,17.5,17.85,0.15,11,17.74353814761176,17.73869106182424,17.792450962639826,17.856806532325272,16.90446954963414
2010-11-16,8908,22000,396650,17.85,18.15,17.55,18.15,0.3,13,17.879025431741173,17.813474505128923,17.82354218327984,17.865558576136458,16.913869779448223
2010-11-17,8908,51000,927100,18.15,18.4,18.1,18.2,0.05,31,17.986016954494115,17.883751867832753,17.85627764560333,17.875541902221936,16.923576422622197
2010-11-18,8908,197000,3747800,18.2,19.4,18.15,19.4,1.2,119,18.45734463632941,18.159433346408616,17.990514372072607,17.921048114095907,16.942266411885427
2010-11-19,8908,224000,4232250,19.4,19.4,18.5,18.5,-0.9,128,18.471563090886274,18.221354556152505,18.03481747015325,17.93833025994379,16.954022891795727
2010-11-22,8908,33000,587950,17.8,18.25,17.7,17.7,-0.8,29,18.214375393924183,18.12656281867023,18.005702907531226,17.931215923826066,16.9596529077067
2010-11-23,8908,18000,321700,17.8,18.0,17.7,17.7,0.0,14,18.04291692928279,18.04900594254837,17.979120046006773,17.924313955950662,16.965240432931555
2010-11-24,8908,21000,369400,17.55,17.8,17.45,17.8,0.1,17,17.96194461952186,18.003732134812303,17.963544389832272,17.920603091593925,16.971540505135845
2010-11-25,8908,10000,179550,17.8,18.1,17.75,17.8,0.0,10,17.907963079681238,17.966689928482793,17.94932313854251,17.917002999307538,16.977793029625385
2010-11-26,8908,38000,687550,17.8,18.25,17.8,17.85,0.05,24,17.888642053120826,17.945473577849558,17.94068634388664,17.91500290977597,16.98437572374142
2010-11-29,8908,13000,235350,18.1,18.15,18.1,18.15,0.3,6,17.975761368747218,17.982660200058728,17.958887531374756,17.92201774829012,16.99317288809054
2010-11-30,8908,27000,494800,18.3,18.4,18.3,18.3,0.15,15,18.083840912498147,18.040358345502597,17.988549485168257,17.933300800579968,17.00303573421816
2010-12-01,8908,16000,289250,18.1,18.55,17.85,18.55,0.25,13,18.239227274998765,18.133020464502124,18.037371269066668,17.95170973190594,17.01471093622406
2010-12-02,8908,17000,313050,18.5,18.6,18.15,18.45,-0.1,15,18.309484849999176,18.19065310731992,18.07325202827826,17.966584068266958,17.025543306516706
2010-12-03,8908,14000,256200,18.35,18.5,18.05,18.4,-0.05,13,18.339656566666118,18.228716178716297,18.1016648953845,17.979521857273912,17.03591656458073
2010-12-06,8908,14000,257600,18.4,18.4,18.4,18.4,0.0,10,18.359771044444077,18.25985869167697,18.127607078394544,17.992073443623944,17.04621153390465
2010-12-07,8908,7000,129150,18.4,18.55,18.2,18.2,-0.2,5,18.306514029629383,18.24897529319025,18.13390211505589,17.99828020650084,17.054919371384614
2010-12-08,8908,1000,18400,18.4,18.4,18.4,18.4,0.2,1,18.337676019752923,18.27643433079202,18.15704106157277,18.010271842127683,17.06507092329869
2010-12-09,8908,13000,232500,18.0,18.25,17.7,18.25,-0.15,12,18.308450679835282,18.271628088829836,18.165124447522963,18.01742790654178,17.074013784254927
2010-12-10,8908,25000,447700,18.0,18.15,17.7,17.9,-0.35,18,18.17230045322352,18.20405934540623,18.14207014773836,18.01392259589874,17.080247642486967
2010-12-13,8908,25000,450200,17.9,18.3,17.6,18.0,0.1,19,18.11486696881568,18.16695764624146,18.129716221848067,18.013506996021167,17.08718916971348
2010-12-14,8908,9000,160750,17.8,18.1,17.7,18.1,0.1,8,18.109911312543787,18.154783528743014,18.127132202556933,18.016088876736955,17.094833025036397
2010-12-15,8908,8000,144800,17.8,18.2,17.8,18.2,0.1,7,18.13994087502919,18.163004705335194,18.133468532769374,18.021578761013465,17.10317390786631
2010-12-16,8908,7000,126100,18.2,18.2,17.75,18.15,-0.05,7,18.143293916686126,18.160640213456066,18.134906051658994,18.025412230833957,17.111074482146563
2010-12-17,8908,16000,284750,17.7,18.1,17.7,18.05,-0.1,10,18.11219594445742,18.14052381100951,18.127522916732126,18.026146194092647,17.118160712469987
2010-12-20,8908,5000,90350,18.15,18.15,18.05,18.05,0.0,5,18.091463962971613,18.124064936280508,18.12078179353803,18.02685824800033,17.125193461809836
2010-12-21,8908,24000,436550,18.2,18.25,18.0,18.2,0.15,21,18.127642641981076,18.137871311502234,18.127670333230373,18.03202665850778,17.133305209267874
2010-12-22,8908,27000,499100,18.3,18.9,18.3,18.5,0.3,22,18.25176176132072,18.203712891229102,18.16004682599295,18.04599601198516,17.143619886933777
2010-12-23,8908,17000,313750,18.5,18.5,18.35,18.35,-0.15,11,18.28450784088048,18.230310547369267,18.17656449329791,18.05507075789605,17.15272464250409
2010-12-24,8908,24000,440550,18.35,18.5,18.3,18.5,0.15,13,18.356338560586988,18.27934499330213,18.204689319967656,18.0683522278096,17.16289275840972
2010-12-27,8908,7000,128550,18.5,18.5,18.3,18.4,-0.1,7,18.370892373724658,18.301282267247196,18.221672857361774,18.078252161307823,17.172229416836814
2010-12-28,8908,12000,220350,18.5,18.5,18.3,18.45,0.05,11,18.397261582483104,18.328321855020434,18.241527391504228,18.089349111716544,17.181872968407855
2010-12-29,8908,12000,223050,18.5,18.8,18.5,18.5,0.05,8,18.431507721655404,18.359536063198536,18.26400327050386,18.10160734718769,17.191821096948175
2010-12-30,8908,24000,446550,18.5,18.75,18.5,18.6,0.1,17,18.487671814436936,18.40325677898062,18.293220377416567,18.116484739808953,17.202448862254226
2010-12-31,8908,38000,721150,18.6,19.3,18.5,18.65,0.05,29,18.541781209624624,18.448119182802326,18.32424469242382,18.13241056847137,17.213373776501363
2011-01-03,8908,10000,188850,18.9,18.95,18.65,18.95,0.3,8,18.677854139749748,18.539370240474632,18.378658197430447,18.156816223143867,17.2264803895089
2011-01-04,8908,78000,1504750,19.2,19.5,19.0,19.2,0.25,42,18.851902759833166,18.659484742206516,18.450079223740843,18.187956037378378,17.241374877135247
2011-01-05,8908,28000,530850,19.0,19.15,18.8,18.8,-0.4,12,18.834601839888776,18.68503297089624,18.480507117328596,18.20622600641186,17.2531380856097
2011-01-06,8908,14000,264550,19.25,19.25,18.4,19.05,0.25,12,18.906401226592518,18.75139061255147,18.53002823756089,18.23141328980255,17.266699307605098
2011-01-07,8908,19000,356000,19.0,19.05,18.3,18.35,-0.7,14,18.72093415106168,18.678410501178476,18.51437360820777,18.234953191599487,17.274875161887323
2011-01-10,8908,36000,690300,18.55,19.3,18.55,19.3,0.95,26,18.913956100707786,18.79142677369148,18.582688946624486,18.266745633641293,17.290159122929683
2011-01-11,8908,38000,736200,19.5,19.6,19.25,19.25,-0.05,24,19.02597073380519,18.874803723929393,18.640715994744095,18.296096510249015,17.3049503748321
2011-01-12,8908,22000,421200,18.8,19.4,18.8,19.35,0.1,10,19.133980489203463,18.96120304685132,18.70239286476635,18.327556315913224,17.32038471162582
2011-01-13,8908,9000,169800,18.9,19.0,18.8,18.9,-0.45,8,19.055986992802307,18.95007522015108,18.7195760939171,18.344644187079993,17.33230633644374
2011-01-14,8908,5000,93650,18.6,19.0,18.55,19.0,0.1,5,19.037324661868205,18.959152452850883,18.74396078140257,18.364207047167156,17.344892703715864
2011-01-17,8908,5000,93650,18.6,19.0,18.55,19.0,0.1,5,19.024883107912135,18.96657927960527,18.766225061280608,18.383185941281567,17.357384079536878
2011-01-18,8908,7000,132700,18.95,19.1,18.75,18.75,-0.25,7,18.933255405274757,18.92720122876795,18.76481418638664,18.39413561467615,17.367894388370562
2011-01-19,8908,9000,169550,18.95,18.95,18.75,18.75,0.0,9,18.872170270183172,18.89498282353741,18.763525996266065,18.4047584321485,17.37832537411871
2011-01-20,8908,49000,917250,18.75,19.4,18.5,19.35,0.6,30,19.031446846788782,18.977713219257883,18.81452373572119,18.432974598353024,17.393205937332908
2011-01-21,8908,27000,515550,19.3,19.35,19.0,19.35,0.0,18,19.137631231192522,19.04540172484736,18.861086889136736,18.460348490939502,17.40797419440964
2011-01-24,8908,12000,228500,19.0,19.3,18.9,19.1,-0.25,12,19.12508748746168,19.05532868396602,18.88186194225528,18.47944256583683,17.420744200489565
2011-01-25,8908,8000,152150,19.0,19.1,18.9,19.1,0.0,7,19.11672499164112,19.063450741426745,18.90083046901569,18.497966668349164,17.433417829165116
2011-01-26,8908,23000,431400,19.1,19.1,18.65,19.05,-0.05,18,19.09448332776075,19.06100515207643,18.913801732579543,18.514445275264116,17.44561844932236
2011-01-27,8908,75000,1380000,18.7,18.95,17.85,18.25,-0.8,49,18.812988885173834,18.913549669880716,18.856079842790017,18.506551386450262,17.451689253478417
2011-01-28,8908,33000,603400,18.2,18.65,17.9,18.4,0.15,24,18.675325923449222,18.820177002629677,18.81642072602567,18.503370748048763,17.458846315716315
2011-02-08,8908,32000,578750,17.9,18.5,17.9,18.45,0.05,14,18.600217282299482,18.752872093060645,18.78455805419735,18.501777591390592,17.46632672088072
2011-02-09,8908,28000,506400,18.1,18.6,18.0,18.4,-0.05,14,18.533478188199656,18.688713530685984,18.751118223397583,18.498739454334157,17.473373311666524
2011-02-10,8908,11000,198900,18.0,18.25,18.0,18.25,-0.15,9,18.43898545879977,18.608947434197624,18.707542725710837,18.491314395995822,17.47923464516338
2011-02-11,8908,3000,55000,18.3,18.35,18.3,18.35,0.1,3,18.409323639199847,18.56186608252533,18.676452053909895,18.487096055816842,17.48580645916215
2011-02-14,8908,2000,36750,18.35,18.4,18.35,18.4,0.05,2,18.406215759466566,18.532435885702544,18.65241274487425,18.48449617355365,17.492706033055264
2011-02-15,8908,19000,345850,18.4,18.4,17.95,18.35,-0.05,14,18.38747717297771,18.49926572466572,18.626115984450404,18.480481362402795,17.499176176202017
2011-02-16,8908,3000,54700,18.3,18.3,18.1,18.3,-0.05,3,18.358318115318475,18.463035592908316,18.597758072759063,18.475093859047487,17.505220129589173
2011-02-17,8908,2000,37000,18.4,18.6,18.4,18.6,0.3,2,18.43887874354565,18.487938212379532,18.597953022953927,18.478822400568458,17.51348261917718
2011-02-18,8908,13000,241200,18.3,18.75,18.3,18.7,0.1,12,18.525919162363767,18.5264949010378,18.606826673131845,18.485424716969398,17.52243746733433
2011-02-21,8908,5000,90500,18.1,18.1,18.1,18.1,-0.6,4,18.38394610824251,18.448950373576384,18.562754788511686,18.473919501537477,17.526796429845014
2011-02-22,8908,11000,199400,18.0,18.4,17.9,18.4,0.3,9,18.389297405495007,18.440050305653404,18.54860219820632,18.471712949252776,17.533386645468823
2011-02-23,8908,8000,146300,18.1,18.35,18.1,18.35,-0.05,6,18.376198270330004,18.42367752280733,18.531332441840554,18.468079726887023,17.539549765125663
2011-02-24,8908,4000,74550,18.6,18.7,18.6,18.7,0.35,4,18.48413218022,18.473917973206,18.545999186028332,18.475002720114276,17.548307880105845
2011-02-25,8908,5000,93450,18.7,18.7,18.65,18.7,0.0,3,18.55608812014667,18.515023796259452,18.559390561156302,18.48171905682728,17.556999896105047
2011-03-01,8908,12000,222700,18.5,18.6,18.5,18.6,-0.1,4,18.570725413431113,18.53047401512137,18.562921816707927,18.485249831250346,17.56487159500237
2011-03-02,8908,7000,130000,18.6,18.7,18.35,18.65,0.05,7,18.59715027562074,18.55220601237203,18.570493832646367,18.49016774673541,17.573061243341975
2011-03-03,8908,16000,294950,18.65,18.75,18.3,18.55,-0.1,9,18.581433517080495,18.551804919213478,18.568711760242333,18.491953784146293,17.580434366033735
2011-03-04,8908,10000,186000,18.5,18.75,18.4,18.7,0.15,9,18.62095567805366,18.578749479356482,18.580128128916915,18.498164118947898,17.5888839179882
2011-03-07,8908,1000,18700,18.7,18.7,18.7,18.7,0.0,1,18.647303785369107,18.600795028564395,18.590551769880662,18.504189070621095,17.597269699739233
2011-03-08,8908,3000,55900,18.65,18.65,18.6,18.6,-0.1,2,18.631535856912738,18.600650477916325,18.59137335510843,18.507049098363748,17.60483747559026
2011-03-09,8908,96000,1778850,18.7,18.9,18.35,18.6,0.0,47,18.621023904608492,18.600532209204268,18.59212349814248,18.509823752143934,17.61234813615184
2011-03-10,8908,8000,148750,18.5,18.8,18.5,18.8,0.2,6,18.680682603072327,18.636799080258037,18.61019971569531,18.518485729691875,17.621311546445035
2011-03-11,8908,7000,131100,18.7,18.8,18.7,18.7,-0.1,6,18.687121735381552,18.648290156574756,18.61800843606963,18.523904066118984,17.629452591377525
2011-03-14,8908,3000,56100,18.7,18.7,18.7,18.7,0.0,3,18.691414490254367,18.657691946288438,18.625138137280967,18.52916066116021,17.637532194461468
2011-03-15,8908,42000,773150,18.7,18.95,18.15,18.7,0.0,23,18.694276326836246,18.66538431969054,18.631647864473926,18.53426034291662,17.64555081940893
2011-03-16,8908,12000,223950,18.7,18.7,18.5,18.7,0.0,9,18.69618421789083,18.671678079746805,18.637591528432715,18.53920779536687,17.653508926432256
2011-03-17,8908,8000,149500,18.8,18.8,18.45,18.8,0.1,8,18.730789478593888,18.695009337974657,18.651714004221173,18.546992637296217,17.662161689251636
2011-03-18,8908,9000,168350,18.7,18.75,18.65,18.75,-0.05,7,18.73719298572926,18.70500764016108,18.660260612549767,18.553052558570958,17.670371789710114
2011-03-21,8908,8000,150400,18.8,18.85,18.75,18.75,0.0,7,18.741461990486172,18.713188069222703,18.668064037545438,18.558931586673317,17.678519927146265
2011-03-22,8908,26000,492700,18.85,19.1,18.8,18.95,0.2,21,18.810974660324113,18.756244783909484,18.69258020819366,18.570605270653218,17.688116003167803
2011-03-23,8908,19000,363450,19.0,19.55,18.9,19.05,0.1,15,18.89064977354941,18.80965482319867,18.723660190089863,18.58491556108148,17.698394372955217
2011-03-24,8908,242000,4884600,19.5,20.35,19.5,20.35,1.3,80,19.37709984903294,19.089717582617094,18.865081043125528,18.63760464881039,17.718406490895177
2011-03-25,8908,280000,6086050,21.75,21.75,21.4,21.75,1.4,139,20.16806656602196,19.573405294868532,19.115943561114612,18.7305119727265,17.74883361171861
2011-03-28,8908,333000,7399950,23.15,23.15,21.05,21.45,-0.3,151,20.595377710681305,19.914604332165162,19.318904990582908,18.81169071980929,17.77676694295092
2011-03-29,8908,102000,2086550,21.45,21.45,20.3,20.65,-0.8,57,20.6135851404542,20.04831263540786,19.434652382706133,18.866565623695582,17.79845172073997
2011-03-30,8908,46000,946750,20.65,20.85,20.45,20.6,-0.05,32,20.609056760302803,20.14861942897007,19.53598695812299,18.918309933436014,17.81959548133816
2011-03-31,8908,14000,287100,20.45,20.7,20.45,20.7,0.1,9,20.639371173535203,20.248870441884602,19.6372054835036,18.9714947115424,17.841334383365794
2011-04-01,8908,34000,714900,20.7,21.4,20.7,21.0,0.3,31,20.759580782356803,20.38543945245104,19.755709354503285,19.03204710821278,17.865173369151712
2011-04-06,8908,8000,169950,21.15,21.35,21.15,21.3,0.3,7,20.939720521571203,20.55172318836903,19.889995497589958,19.099747194534785,17.89109658900717
2011-04-07,8908,7000,150100,21.4,21.5,21.35,21.5,0.2,6,21.126480347714136,20.72413715412012,20.029995889103873,19.171396532011357,17.918333595882586
2011-04-08,8908,11000,234900,21.85,21.95,21.1,21.1,-0.4,9,21.117653565142756,20.792475853371005,20.12303972483397,19.228966784787136,17.942346172517436
2011-04-11,8908,25000,531650,21.25,21.65,20.9,21.2,0.1,18,21.145102376761837,20.866571152758095,20.216688444413624,19.28780359718155,17.966932239139947
2011-04-12,8908,21000,446550,21.2,21.5,21.15,21.25,0.05,18,21.180068251174557,20.93628548862026,20.306541623160264,19.346376624131356,17.99171010903323
2011-04-13,8908,22000,471000,21.25,21.6,21.25,21.55,0.3,14,21.303378834116373,21.04786994523476,20.414668438537632,19.41215642639609,18.018565127078265
2011-04-14,8908,8000,171650,21.55,21.55,21.3,21.5,-0.05,8,21.36891922274425,21.13007540973753,20.5090450960561,19.474480115160386,18.044840107251257
2011-04-15,8908,4000,85350,21.1,21.65,21.1,21.65,0.15,4,21.46261281516283,21.224607153421616,20.608258565964263,19.53942100724515,18.072048861158795
2011-04-18,8908,14000,302700,21.6,21.75,21.6,21.6,-0.05,8,21.508408543441888,21.29286039825405,20.69449695153259,19.600930827924397,18.09867490748967
2011-04-19,8908,8000,172900,21.5,21.75,21.4,21.6,0.0,7,21.53893902896126,21.34870396220786,20.773236347051494,19.66060453455352,18.125100002527486
2011-04-20,8908,90000,1990200,21.6,23.1,21.6,23.1,1.5,44,22.059292685974174,21.667121423624614,20.975563621220928,19.763273055910133,18.16264641760275
2011-04-21,8908,17000,387250,23.1,23.2,22.2,22.95,-0.15,15,22.356195123982783,21.900372073874685,21.14725374111476,19.85839923334565,18.19877738803594
2011-04-22,8908,28000,644150,22.8,23.5,22.4,23.1,0.15,18,22.60413008265519,22.118486242261106,21.31705776362652,19.955163435335333,18.23576774737152
2011-04-25,8908,1000,23150,23.15,23.15,23.15,23.15,0.05,1,22.786086721770126,22.30603419821363,21.4764440450503,20.050531690996966,18.272856292674376
2011-04-26,8908,21000,478050,22.35,23.75,22.35,23.4,0.25,18,22.990724481180084,22.504937071265697,21.64370978026332,20.150515819623923,18.311551716880608
2011-04-27,8908,7000,159150,22.65,22.95,22.65,22.65,-0.75,7,22.877149654120057,22.53131214921739,21.731213277631724,20.22512728769485,18.34429472279094
2011-04-28,8908,6000,134150,22.1,22.55,22.1,22.55,-0.1,6,22.76809976941337,22.534709940268772,21.802412123055053,20.294526473136795,18.376035894694407
2011-04-29,8908,4000,88800,21.9,22.55,21.85,22.55,0.0,4,22.69539984627558,22.537489951128997,21.867419764528528,20.36185404110286,18.407537510583506
2011-05-03,8908,73000,1544250,21.55,21.55,21.0,21.0,-1.55,38,22.13026656418372,22.257946323650998,21.79199195891735,20.380903174204267,18.427103265220612
2011-05-04,8908,10000,208350,20.9,20.9,20.8,20.8,-0.2,10,21.68684437612248,21.99286517389627,21.70573178857671,20.393413527213095,18.445011919822722
2011-05-05,8908,12000,252450,21.0,21.45,21.0,21.45,0.65,10,21.60789625074832,21.89416241500604,21.68349424174395,20.424953421923153,18.467691075144813
2011-05-06,8908,1000,21400,21.4,21.4,21.4,21.4,-0.05,1,21.538597500498877,21.80431470318676,21.658842568548824,20.454059289925446,18.489821708539946
2011-05-09,8908,7000,146100,21.4,21.4,20.3,20.7,-0.7,7,21.259065000332583,21.603530211698256,21.575464953892403,20.461400803659014,18.50650229941889
2011-05-10,8908,26000,535050,20.75,21.1,20.3,20.3,-0.4,11,20.93937666688839,21.36652471866221,21.46455495790176,20.45658286922143,18.52003813112139
2011-05-11,8908,14000,287250,20.4,20.9,20.4,20.9,0.6,9,20.926251111258924,21.281702042541806,21.41546322243204,20.469819201483478,18.538000107490284
2011-05-12,8908,48000,1007750,20.8,21.0,20.8,21.0,0.1,11,20.950834074172615,21.230483489352387,21.37933598569882,20.48564549397651,18.556581238754507
2011-05-13,8908,12000,251650,21.0,21.1,20.55,20.55,-0.45,3,20.817222716115076,21.106759218561045,21.307219813029356,20.48756652400706,18.5716259086507
2011-05-16,8908,4000,82500,20.5,20.9,20.5,20.6,0.05,3,20.744815144076718,21.014621178822672,21.245722437983325,20.49092274717103,18.586934392358994
2011-05-17,8908,7000,143850,20.5,20.85,20.5,20.85,0.25,5,20.779876762717812,20.984690055400367,21.211311791202167,20.501641471136075,18.60401413279402
2011-05-18,8908,6000,123600,20.6,20.6,20.6,20.6,-0.25,2,20.719917841811874,20.914746408963936,21.15815424414111,20.50457754662455,18.61907817707482
2011-05-19,8908,6000,125050,20.9,20.95,20.7,20.7,0.1,6,20.713278561207915,20.87570160733413,21.11831474465058,20.51041105269546,18.63478324743652
2011-05-20,8908,3000,62450,20.75,20.95,20.75,20.75,0.05,3,20.725519040805278,20.852846769637015,21.08628737555053,20.51756296157022,18.650747147455867
2011-05-23,8908,8000,167300,20.95,21.0,20.75,20.75,0.0,8,20.73367936053685,20.83414735697574,21.057044995067876,20.524501380627825,18.666590565210917
2011-05-24,8908,4000,82700,20.9,20.9,20.6,20.6,-0.15,3,20.689119573691233,20.79157511025288,21.017301952018496,20.526755070758337,18.68118233453008
2011-05-25,8908,3000,62200,20.95,20.95,20.6,20.6,0.0,3,20.65941304912749,20.756743272025084,20.981014825756017,20.528941486556597,18.695663977288344
2011-05-26,8908,1000,20950,20.95,20.95,20.95,20.95,0.35,1,20.756275366084992,20.791880858929613,20.978317884385927,20.541510397405656,18.712677834063527
2011-05-27,8908,2000,41550,20.95,20.95,20.6,20.6,-0.35,2,20.704183577389994,20.75699343003332,20.94542067704802,20.543256355692055,18.726921774938518
2011-05-30,8908,1000,21150,21.15,21.15,21.15,21.15,0.55,1,20.85278905159333,20.82844917002726,20.96321018339167,20.56136810626841,18.74520915776917
2011-05-31,8908,3000,62500,21.1,21.1,20.7,20.7,-0.45,2,20.801859367728888,20.80509477547685,20.94032234135761,20.565506371752935,18.759962296201103
2011-06-01,8908,13000,273400,20.7,21.1,20.7,21.0,0.3,8,20.867906245152593,20.840532089026514,20.94551170297869,20.578476330805085,18.776868241135436
2011-06-02,8908,13000,273400,20.7,21.1,20.7,21.0,0.3,8,20.911937496768395,20.869526254658055,20.95024981576315,20.591059126900454,18.793646594032527
2011-06-03,8908,13000,274500,21.0,21.35,21.0,21.3,0.3,9,21.041291664512265,20.94779420835659,20.980662875262006,20.61222154102283,18.812562468794546
2011-06-07,8908,13000,277700,21.3,21.4,21.3,21.3,0.0,9,21.12752777634151,21.011831625019028,21.008431320891397,20.632752241290806,18.831335582237607
2011-06-08,8908,9000,190300,21.0,21.9,21.0,21.2,-0.1,5,21.151685184227674,21.04604405683375,21.02508946690084,20.6496850102075,18.849212294824493
2011-06-09,8908,9000,190300,21.0,21.9,21.0,21.2,-0.1,5,21.16779012281845,21.074036046500343,21.040299078474682,20.666112323335632,18.866954088825818
2011-06-10,8908,14000,294500,21.5,21.5,21.0,21.0,-0.2,5,21.111860081878966,21.060574947136644,21.03679481078123,20.67607911965397,18.883052548532792
2011-06-13,8908,12000,253200,21.0,21.3,21.0,21.3,0.3,4,21.17457338791931,21.10410677492998,21.059682218539386,20.694703623544896,18.901293661374055
2011-06-14,8908,6000,128250,21.4,21.45,21.1,21.45,0.15,6,21.26638225861287,21.16699645221544,21.093622895188137,20.717249784036092,18.920529180910854
2011-06-15,8908,17000,351050,20.55,21.3,20.45,21.3,-0.15,12,21.27758817240858,21.191178915448997,21.11156873038917,20.734645312870835,18.938487451243603
2011-06-16,8908,7000,148700,21.3,21.3,21.15,21.25,-0.05,6,21.268392114939054,21.201873658094634,21.12360623209446,20.75002903487469,18.955932828970067
2011-06-17,8908,7000,148700,21.3,21.3,21.15,21.25,-0.05,6,21.26226140995937,21.210623902077426,21.13459699452103,20.76495354129634,18.973246543468406
2011-06-20,8908,2000,42800,21.4,21.4,21.4,21.4,0.15,1,21.308174273306246,21.24505591988153,21.157675516736592,20.783910152003912,18.99156166389506
2011-06-21,8908,2000,42800,21.4,21.4,21.4,21.4,0.15,1,21.33878284887083,21.27322757081216,21.17874721093341,20.80230089373514,19.00973855699774
2011-06-22,8908,2000,42700,21.3,21.4,21.3,21.4,0.0,2,21.359188565913886,21.296277103391766,21.19798658389572,20.820142658101254,19.02777826600153
2011-06-23,8908,2000,42700,21.3,21.4,21.3,21.4,0.0,2,21.372792377275925,21.31513581186599,21.215552967904788,20.83745183248629,19.04568182625812
2011-06-24,8908,2000,42100,21.0,21.1,21.0,21.1,-0.25,2,21.281861584850617,21.276020209708538,21.205504883739156,20.845289091218042,19.061186114361835
2011-06-27,8908,1000,21350,21.35,21.35,21.35,21.35,0.25,1,21.304574389900413,21.289471080670623,21.21806967645749,20.860355088495115,19.078460181423257
2011-06-28,8908,1000,21200,21.2,21.2,21.2,21.2,-0.15,1,21.26971625993361,21.27320361145778,21.216498400243793,20.870493742569888,19.094471802695534
2011-06-29,8908,3000,63850,21.25,21.3,21.25,21.3,0.1,3,21.27981083995574,21.27807568210182,21.223759408918244,20.883314824881236,19.111117298524245
2011-06-30,8908,8000,176350,21.5,22.45,21.5,21.6,0.3,8,21.386540559970495,21.33660737626513,21.25647598205579,20.904708412198215,19.12990131891274
2011-07-01,8908,4000,87000,21.7,22.3,21.3,21.3,-0.3,4,21.357693706646998,21.32995148967147,21.26026067926833,20.91650816108782,19.146279422166227
2011-07-04,8908,20000,439500,21.8,22.0,21.8,22.0,0.7,7,21.571795804431332,21.451778491549383,21.324585837592824,20.948851201055348,19.1678169359612
2011-07-05,8908,20000,439500,21.8,22.0,21.8,22.0,0.7,7,21.714530536287555,21.551455129449497,21.3833175038891,20.98022877714325,19.189191902482246
2011-07-06,8908,12000,267600,22.0,22.95,22.0,22.95,1.0,11,22.12635369085837,21.805736015004133,21.519550764420483,21.03902791812405,19.217575359822003
2011-07-07,8908,24000,540500,22.75,22.75,22.5,22.5,-0.45,7,22.250902460572245,21.931965830457926,21.60480721968827,21.08263902504572,19.24234837597429
2011-07-08,8908,15000,339000,22.6,22.6,22.6,22.6,0.1,5,22.367268307048164,22.053426588556487,21.691345722324073,21.12793338250704,19.267689142948072
2011-07-11,8908,10000,225400,21.45,23.2,21.45,21.85,-0.75,6,22.19484553803211,22.016439936091672,21.705141746469806,21.14948760989489,19.28717828149186
2011-07-12,8908,17000,370700,21.8,21.85,21.65,21.75,-0.1,5,22.046563692021405,21.967996311347733,21.709042464168085,21.167413352883102,19.30576561521645
2011-07-13,8908,2000,44600,21.75,22.85,21.75,22.85,1.1,2,22.314375794680938,22.128360618375417,21.80825616293608,21.217639819961217,19.332514553969535
2011-07-14,8908,2000,44600,21.75,22.85,21.75,22.85,1.1,2,22.49291719645396,22.259567778670796,21.898842583550334,21.266366989514612,19.359061613939577
2011-07-15,8908,2000,44600,21.75,22.85,21.75,22.85,1.1,2,22.611944797635974,22.366919091639744,21.981551924111173,21.31363961669328,19.385408318740033
2011-07-18,8908,2000,46200,23.15,23.15,23.05,23.05,0.2,2,22.757963198423983,22.491115620432517,22.074460452449333,21.365471269926317,19.413065614447657
2011-07-19,8908,2000,46200,23.15,23.15,23.05,23.05,0.2,2,22.855308798949324,22.59273096217206,22.159289978323304,21.41575570963001,19.44051417584805
2011-07-20,8908,2000,46200,23.15,23.15,23.05,23.05,0.2,2,22.920205865966217,22.675870787231684,22.236743023686497,21.464539121282844,19.46775557829448
2011-07-21,8908,5000,114750,22.95,22.95,22.95,22.95,0.05,5,22.930137243977477,22.72571246228047,22.298765369452887,21.508881237065445,19.494036668269615
2011-07-22,8908,15000,340750,23.1,23.1,22.2,22.25,-0.7,12,22.70342482931832,22.639219287320383,22.29452490254394,21.531004185212744,19.514836391527957
2011-07-25,8908,2000,46050,23.0,23.05,23.0,23.05,0.8,2,22.818949886212213,22.71390668962577,22.36021838927925,21.57634734386311,19.5415168715919
2011-07-26,8908,7000,157000,22.0,22.85,22.0,22.85,-0.2,6,22.829299924141477,22.73865092787563,22.402808094559315,21.614366826135853,19.566486555579885
2011-07-27,8908,5000,111500,22.05,22.5,22.05,22.5,-0.35,5,22.719533282760985,22.69525985008006,22.411259564597636,21.640803637295978,19.588626279688718
2011-07-28,8908,28000,642900,22.45,23.95,22.3,23.5,1.0,23,22.97968885517399,22.841576240974593,22.505932645936973,21.696302036182665,19.618146081351444
2011-07-29,8908,29000,646400,22.5,22.5,22.05,22.45,-1.05,17,22.803125903449327,22.770380560797395,22.501068937594628,21.71880048286378,19.63951856375634
2011-08-01,8908,25000,570350,21.55,23.6,21.55,23.5,1.05,17,23.035417268966217,22.903038640652415,22.587932508238573,21.77197061770367,19.668654272709123
2011-08-02,8908,16000,375750,23.0,23.75,23.0,23.75,0.25,7,23.273611512644145,23.05703161507925,22.688981855348263,21.831016270906545,19.699456881971695
2011-08-03,8908,31000,707150,22.5,23.7,22.5,23.55,-0.2,22,23.36574100842943,23.146662230519386,22.763852998361457,21.88232921804366,19.728517584749266
2011-08-04,8908,33000,765100,23.4,23.5,22.65,23.35,-0.2,26,23.36049400561962,23.183632734061316,22.814822302851766,21.92614028616176,19.755849527505877
2011-08-05,8908,7000,155850,22.95,22.95,22.0,22.9,-0.45,4,23.206996003746415,23.132063146050168,22.822229059125526,21.955210725380812,19.779578965034133
2011-08-08,8908,10000,225850,22.5,23.0,22.5,22.85,-0.05,4,23.087997335830945,23.08077893767741,22.82464392354939,21.981920852981386,19.80275195397727
2011-08-09,8908,15000,343400,23.0,23.1,22.8,22.85,0.0,9,23.008664890553963,23.038819130826973,22.826848799762487,22.00783366334015,19.82575005243782
2011-08-10,8908,4000,89200,22.15,22.8,22.1,22.8,-0.05,4,22.939109927035975,22.995397470676615,22.82451412152227,22.031480419658354,19.848197221853383
2011-08-11,8908,14000,319150,22.3,23.6,22.3,23.6,0.8,11,23.159406618023983,23.105325203280866,22.891947676172506,22.078301899668553,19.87651271451864
2011-08-12,8908,9000,211500,23.5,23.5,23.5,23.5,-0.1,4,23.27293774534932,23.1770842572298,22.94482179128794,22.120740648932177,19.903859788371328
2011-08-15,8908,5000,115200,23.5,23.5,22.7,22.7,-0.8,4,23.081958496899546,23.0903416650062,22.923532939871595,22.13803197284465,19.92496273336475
2011-08-16,8908,8000,183550,23.35,23.35,22.8,22.85,0.15,4,23.004638997933032,23.04664318045962,22.91713877118711,22.15928474977466,19.947038486320487
2011-08-17,8908,14000,321050,22.95,22.95,22.85,22.9,0.05,9,22.969759331955355,23.019980784012414,22.915648443257794,22.18139565276646,19.96932498831052
2011-08-18,8908,47000,1081300,22.95,23.35,22.95,23.25,0.35,21,23.063172887970236,23.061802459646522,22.94472249167016,22.213294289997314,19.9940847997195
2011-08-19,8908,3000,69000,22.9,23.2,22.9,23.2,-0.05,2,23.10878192531349,23.086929285165336,22.966920535872752,22.24274819178844,20.01828038613671
2011-08-22,8908,13000,306750,23.2,24.7,23.2,23.65,0.45,10,23.289187950208994,23.18930577877164,23.026318750144686,22.28475570845147,20.04568959076964
2011-08-23,8908,10000,236750,24.55,24.55,23.1,23.25,-0.4,8,23.27612530013933,23.20034109172225,23.045769293610366,22.313568970885754,20.069873065556283
2011-08-24,8908,8000,188100,23.5,23.8,23.45,23.45,0.2,6,23.33408353342622,23.245733620500022,23.08091978981816,22.347492285187673,20.095383457514348
2011-08-25,8908,3000,69900,23.7,23.7,23.1,23.1,-0.35,2,23.256055688950813,23.21923659859093,23.082578938529625,22.36995520204774,20.11805980877839
2011-08-26,8908,28000,646900,23.2,23.9,23.0,23.05,-0.05,16,23.187370459300542,23.188466307938032,23.079745987353135,22.390255046762736,20.140187659278176
2011-08-29,8908,41000,958200,23.2,23.55,23.2,23.55,0.5,18,23.30824697286703,23.254199706494752,23.120637640626775,22.424874299098178,20.16592209203834
2011-08-30,8908,25000,615150,25.15,25.15,23.8,24.0,0.45,20,23.538831315244686,23.389799759859343,23.197103932746185,22.47189297673704,20.19485852907956
2011-08-31,8908,18000,424700,24.0,24.0,23.2,23.95,-0.05,18,23.675887543496458,23.491654348975825,23.262573155985645,22.51601557444638,20.22319921942613
2011-09-01,8908,28000,664800,23.9,23.9,23.65,23.7,-0.25,19,23.68392502899764,23.529535376434765,23.30061027285646,22.551358393119624,20.249439225317253
2011-09-02,8908,70000,1680300,23.7,24.35,23.7,23.8,0.1,49,23.722616685998425,23.578710762537536,23.344035466521117,22.588631276907098,20.2762359104092
2011-09-05,8908,48000,968400,19.6,20.75,19.6,20.75,0.0,32,22.731744457332283,23.06439971480344,23.118467165084496,22.533746761178527,20.279811488443848
2011-09-06,8908,18000,362500,20.5,20.6,19.6,19.6,-1.15,14,21.687829638221523,22.43450885756645,22.81251349855541,22.446172230994094,20.274680835700874
2011-09-07,8908,8000,164850,20.2,20.95,20.15,20.75,1.15,8,21.37521975881435,22.128234519827096,22.633164498681026,22.39554022409875,20.278268150148413
2011-09-08,8908,6000,125200,20.9,20.9,20.7,20.9,0.15,6,21.2168131725429,21.904919152585805,22.48245454227398,22.350897232334606,20.28296046599635
2011-09-09,8908,26000,559800,21.15,22.15,21.0,21.4,0.5,23,21.277875448361932,21.813115670297478,22.388328060337113,22.322512240324617,20.291390953045433
2011-09-13,8908,13000,270500,20.5,21.95,20.15,21.95,0.55,11,21.501916965574623,21.83800373024339,22.350212576829538,22.31139247195672,20.303908757173392
2011-09-14,8908,12000,251250,21.15,21.85,20.55,20.55,-1.4,12,21.184611310383083,21.6038212338355,22.193672352757403,22.258813592196816,20.305766049572085
2011-09-15,8908,4000,84400,21.1,21.1,21.1,21.1,0.55,3,21.15640754025539,21.512217373138135,22.098570409039368,22.224222141683477,20.311760268065882
2011-09-16,8908,9000,192050,21.7,21.7,21.15,21.15,0.05,5,21.154271693503592,21.4463596689312,22.01608602564464,22.19215580909591,20.318086605665385
2011-09-19,8908,15000,328050,21.3,22.35,21.3,21.9,0.75,15,21.40284779566906,21.52883972912553,22.005991588632064,22.183434740167677,20.330025574679233
2011-09-20,8908,15000,336300,22.45,23.15,21.85,22.65,0.75,14,21.818565197112708,21.732687051102705,22.061992320055364,22.197362061356703,20.34753481562505
2011-09-21,8908,27000,600100,22.6,22.75,22.0,22.4,-0.25,20,22.012376798075138,21.85401667817494,22.09138429222446,22.20341095504755,20.36302511890335
2011-09-22,8908,2000,44150,22.15,22.15,22.0,22.0,-0.4,2,22.00825119871676,21.88055910032495,22.08343783203103,22.197338986240158,20.375379646307856
2011-09-23,8908,2000,44150,22.15,22.15,22.0,22.0,-0.4,2,22.005500799144507,21.902275627538597,22.07618236837616,22.19144827023299,20.3876409319961
2011-09-26,8908,12000,257200,21.85,21.95,21.2,21.3,-0.6,11,21.770333866096337,21.792770967986126,22.00868824938693,22.16483787410663,20.394526660811223
2011-09-27,8908,2000,43450,21.65,21.8,21.65,21.8,0.5,2,21.78022257739756,21.794085337443192,21.99054144509241,22.153947191297476,20.405134006767366
2011-09-28,8908,2000,43800,21.8,22.0,21.8,22.0,0.2,2,21.85348171826504,21.831524366998977,21.991363928127853,22.149351752751283,20.417170731244592
2011-09-29,8908,5000,110000,22.0,22.8,21.5,22.2,0.2,5,21.968987812176692,21.898519936635527,22.00950619524717,22.150863640728858,20.430626046480484
2011-09-30,8908,8000,183300,23.45,23.45,21.6,22.85,0.65,8,22.262658541451128,22.071516311792703,22.082592613051762,22.171733382796653,20.44888547254478
2011-10-03,8908,3000,65400,21.8,21.8,21.8,21.8,-1.05,3,22.108439027634084,22.022149709648573,22.05801934235161,22.1606368639072,20.459082563318027
2011-10-04,8908,1000,22700,22.7,22.7,22.7,22.7,0.9,1,22.30562601842272,22.145395216985197,22.113843747364513,22.176737256029373,20.475995147745817
2011-10-05,8908,1000,22700,22.7,22.7,22.7,22.7,0.9,1,22.437084012281815,22.246232450260614,22.16481385628934,22.19235703943148,20.49278009002698
2011-10-06,8908,12000,268000,22.65,23.15,21.45,22.45,0.3,12,22.44138934152121,22.283281095667775,22.189612651394615,22.200047874075317,20.507551561045645
2011-10-07,8908,1000,22700,22.7,22.7,22.7,22.7,0.25,1,22.52759289434747,22.359048169182724,22.233994159968997,22.21497181813277,20.524098341717
2011-10-11,8908,10000,220300,22.05,22.4,21.85,22.3,-0.4,8,22.451728596231646,22.34831213842223,22.239733798232564,22.217509972815375,20.53750137310027
2011-10-12,8908,13000,290350,22.2,23.3,21.95,22.4,0.1,13,22.4344857308211,22.35770993143637,22.2536699896906,22.222957436313422,20.551557966510835
2011-10-13,8908,2000,44000,22.0,22.0,22.0,22.0,-0.4,2,22.289657153880732,22.292671762084304,22.231611729717503,22.21630199045332,20.562489604499433
2011-10-14,8908,6000,130250,22.35,22.35,21.55,21.6,-0.4,6,22.05977143592049,22.16673144170534,22.176688970611632,22.19790491611143,20.570319871635288
2011-10-17,8908,2000,43400,21.6,21.8,21.6,21.8,0.2,2,21.973180957280327,22.100052997758915,22.143933407949753,22.186027157421535,20.579600476377664
2011-10-18,8908,3000,64850,21.65,21.65,21.6,21.6,-0.2,3,21.848787304853552,22.009134270893657,22.09663485073673,22.168533809438802,20.58730160485783
2011-10-19,8908,10000,217200,21.6,22.3,21.55,21.75,0.15,10,21.815858203235702,21.96201894891299,22.066492689803102,22.15604026288839,20.59607668708532
2011-10-20,8908,10000,217200,21.6,22.3,21.55,21.75,0.15,10,21.7939054688238,21.92347004911063,22.03897158634196,22.14391965802605,20.604785542277128
2011-10-21,8908,10000,217900,21.7,22.2,21.55,21.85,0.15,9,21.812603645882536,21.910111858363244,22.02253927448614,22.135145936890943,20.614183387241074
2011-10-24,8908,13000,280850,21.65,21.85,21.45,21.55,-0.3,13,21.725069097255023,21.84463697502447,21.98144890279169,22.117678893998676,20.62124615412982
2011-10-25,8908,4000,86850,21.75,21.75,21.7,21.7,0.15,4,21.71671273150335,21.81833934320184,21.95697508515763,22.10521086731215,20.62938769258922
2011-10-26,8908,7000,152850,21.9,21.9,21.7,21.7,0.0,7,21.711141821002233,21.79682309898332,21.934629425578706,22.09311502052671,20.637467785475337
2011-10-27,8908,14000,303600,21.8,22.4,21.55,21.55,-0.15,13,21.657427880668155,21.751946171895444,21.901183388571862,22.07690263185427,20.644354821056655
2011-10-28,8908,23000,497200,21.75,21.75,21.5,21.5,-0.05,19,21.604951920445437,21.706137777005363,21.866297876522136,22.05968165776907,20.65081252052038
2011-10-31,8908,6000,127100,21.4,21.4,20.9,20.9,-0.6,6,21.369967946963623,21.559567272095297,21.782271974215863,22.02506429485059,20.652693180742865
2011-11-01,8908,10000,210750,20.9,21.3,20.9,21.0,0.1,8,21.24664529797575,21.45782776807797,21.71424832428405,21.994465360675946,20.65531436428443
2011-11-02,8908,6000,125200,20.9,20.95,20.8,20.95,-0.05,6,21.147763531983834,21.36549544660925,21.64779194825935,21.963287290208008,20.65753840681813
2011-11-03,8908,9000,188950,21.05,21.3,20.9,21.3,0.35,6,21.198509021322558,21.353587183589386,21.617549170149843,21.943487669604785,20.662387173559125
2011-11-04,8908,9000,190450,21.0,21.45,21.0,21.3,0.0,9,21.232339347548372,21.34384405930041,21.589936198832465,21.924279082452404,20.66719934583415
2011-11-07,8908,7000,150800,21.5,21.9,21.1,21.7,0.4,7,21.388226231698916,21.40859968488215,21.59950696415138,21.91758418446875,20.674994067752383
2011-11-08,8908,7000,150200,22.3,22.3,21.1,21.6,-0.1,7,21.458817487799276,21.443399742176307,21.59954983683387,21.908104059559236,20.681975244599535
2011-11-09,8908,2000,42950,21.85,21.85,21.1,21.1,-0.5,2,21.33921165853285,21.38096342541698,21.556110720587448,21.883981550318662,20.68513014841388
2011-11-10,8908,6000,127250,21.1,21.5,21.1,21.3,0.2,6,21.326141105688567,21.366242802613893,21.53384022314506,21.86654926523452,20.68977067559566
2011-11-11,8908,5000,107800,21.8,21.8,21.3,21.7,0.4,5,21.450760737125712,21.426925929411368,21.548288899393317,21.861577645376773,20.697395047855316
2011-11-14,8908,5000,108700,21.95,21.95,21.5,21.95,0.25,5,21.617173824750473,21.52203030588203,21.583220299446072,21.86421711864911,20.706848670135653
2011-11-15,8908,11000,238500,22.05,22.1,21.3,21.3,-0.65,11,21.511449216500317,21.481661159358026,21.558592447320326,21.84737481659988,20.71132528394595
2011-11-16,8908,2000,42650,21.5,21.5,21.15,21.15,-0.15,2,21.390966144333543,21.421359130383838,21.52306266929247,21.826557657895407,20.71463603651994
2011-11-17,8908,13000,281200,21.3,22.05,21.05,21.9,0.75,13,21.56064409622236,21.508384743041322,21.55583982848443,21.828749966614946,20.723582179640545
2011-11-18,8908,1000,21850,21.85,21.85,21.85,21.85,-0.05,1,21.65709606414824,21.5704966079429,21.58141897383361,21.829384295969724,20.732083446209295
2011-11-21,8908,7000,147200,21.3,21.3,20.95,21.0,-0.85,5,21.438064042765493,21.46676995195328,21.530860802195907,21.804626555791522,20.734105457936018
2011-11-22,8908,14000,296550,20.25,21.75,20.25,21.75,0.75,11,21.542042695176995,21.518266324325413,21.549916384613653,21.80299591233506,20.741772586555367
2011-11-23,8908,1000,21750,21.75,21.75,21.75,21.75,0.0,1,21.611361796784664,21.560399719902613,21.56731495986464,21.801413944802672,20.749381850053062
2011-11-24,8908,3000,63550,20.55,21.55,20.55,21.55,-0.2,3,21.59090786452311,21.558508861738503,21.565809311180757,21.793909050927965,20.75542425118474
2011-11-25,8908,5000,106850,21.4,21.95,20.9,21.7,0.15,5,21.627271909682072,21.584234523240593,21.577478066730258,21.791105795676383,20.762553124760704
2011-11-28,8908,2000,43100,21.85,21.85,21.25,21.25,-0.45,2,21.501514606454716,21.523464609924122,21.54900171310154,21.77495338386515,20.766231969102133
2011-11-29,8908,3000,63850,21.5,21.5,20.95,21.4,0.15,3,21.467676404303145,21.50101649902883,21.536045042397056,21.763760745540818,20.771015124052305
2011-11-30,8908,12000,255500,21.0,21.7,20.8,20.8,-0.6,11,21.245117602868763,21.37355895375086,21.472041125666877,21.734991768061988,20.77123387783304
2011-12-01,8908,9000,192750,21.5,21.85,20.95,21.85,1.05,7,21.446745068579176,21.46018459852343,21.50490711473932,21.738424849612375,20.779375508943733
2011-12-02,8908,6000,129950,21.85,22.15,21.0,22.1,0.25,6,21.664496712386118,21.57651467151917,21.556654322153292,21.74921813768365,20.789342486234723
2011-12-05,8908,6000,129950,21.85,22.15,21.0,22.1,0.25,6,21.80966447492408,21.671693822152047,21.60390177240083,21.7596892380513,20.799234241055593
2011-12-06,8908,6000,129950,21.85,22.15,21.0,22.1,0.25,6,21.90644298328272,21.74956767266986,21.647040748713803,21.769847768258725,20.809051341123098
2011-12-07,8908,3000,63850,21.1,21.65,21.1,21.65,-0.15,3,21.820961988855146,21.731464459457158,21.6472980749126,21.766270222937568,20.815398123454244
2011-12-08,8908,7000,146700,21.0,21.3,20.8,21.3,-0.35,6,21.6473079925701,21.653016375919492,21.617098242311506,21.75235170882003,20.81905549610742
2011-12-09,8908,3000,63450,21.15,21.15,21.15,21.15,-0.15,3,21.481538661713397,21.561558853025037,21.576481003849636,21.73437106079555,20.821553190476422
2011-12-12,8908,3000,63500,21.2,21.3,21.0,21.0,-0.15,3,21.321025774475597,21.459457243384122,21.52635222090619,21.712449536592697,20.822899958850186
2011-12-13,8908,1000,21300,21.3,21.3,21.3,21.3,0.3,1,21.314017182983733,21.430465017314283,21.50666941908826,21.700137610127243,20.82650071387773
2011-12-14,8908,3000,63050,21.2,21.2,20.9,20.9,-0.4,3,21.176011455322488,21.33401683234805,21.453915556558847,21.676252905347326,20.82705542547111
2011-12-15,8908,2000,41600,20.8,20.8,20.8,20.8,-0.1,2,21.050674303548327,21.236922862830223,21.39705333424938,21.650096102202628,20.82685123358076
2011-12-16,8908,5000,102950,20.0,21.15,20.0,21.15,0.35,4,21.083782869032216,21.221118705952,21.375570435619,21.635167860345835,20.829290092195247
2011-12-19,8908,1000,21000,21.0,21.0,21.0,21.0,-0.15,1,21.055855246021476,21.18091530486982,21.342912136869522,21.616207625708647,20.830578468857926
2011-12-20,8908,5000,103850,21.15,21.15,20.55,20.55,-0.45,5,20.887236830680983,21.066203431257126,21.273963255402606,21.584380532403912,20.828460895508055
2011-12-21,8908,1000,20900,20.9,20.9,20.9,20.9,0.35,1,20.89149122045399,21.035984625574013,21.24144471145455,21.563951262779916,20.829000813277805
2011-12-22,8908,1000,21150,21.15,21.15,21.15,21.15,0.25,1,20.977660813635993,21.056714693651465,21.233492997415027,21.551594508667083,20.831423448649293
2011-12-23,8908,2000,42550,21.25,21.3,21.25,21.3,0.15,2,21.085107209090662,21.100948385714833,21.23927621503111,21.544084224826275,20.83495987545194
2011-12-26,8908,1000,21000,21.0,21.0,21.0,21.0,-0.3,1,21.056738139393776,21.082594133766683,21.218469587637102,21.527842904682206,20.836205461297585
2011-12-27,8908,4000,81000,20.2,20.3,20.2,20.3,-0.7,4,20.804492092929184,20.94030429126365,21.138602666973007,21.491190877676768,20.832158627627415
2011-12-28,8908,4000,82900,21.25,21.25,20.25,21.15,0.85,4,20.919661395286123,20.97843078376117,21.139593739410138,21.48100607535806,20.834557430437773
2011-12-29,8908,2000,40600,20.3,20.3,20.3,20.3,-0.85,2,20.713107596857416,20.855079732168228,21.066585588157082,21.445752162660806,20.830523034736355
2011-12-30,8908,5000,101500,20.3,20.3,20.3,20.3,0.0,1,20.575405064571612,20.754156144501277,20.999925971795598,21.411550605566454,20.826519087304384
2012-01-02,8908,2000,40700,20.35,20.35,20.35,20.35,0.05,2,20.500270043047742,20.68067320913741,20.943410669900327,21.37986252778835,20.82292271683416
2012-01-03,8908,2000,41350,20.5,20.85,20.5,20.85,0.5,2,20.61684669536516,20.711459898385154,20.935288002952472,21.364045735914072,20.82312707368824
2012-01-04,8908,1000,20850,20.85,20.85,20.85,20.85,0.0,1,20.694564463576775,20.73664900776967,20.927871654869648,21.348701087080816,20.823329888226443
2012-01-05,8908,1000,20750,20.75,20.75,20.75,20.75,-0.1,1,20.71304297571785,20.739076460902456,20.9124045544462,21.3308294128396,20.822776455107753
2012-01-06,8908,1000,20950,20.95,20.95,20.95,20.95,0.2,1,20.792028650478567,20.777426195283827,20.915673723624792,21.319461370665284,20.823736632805055
2012-01-09,8908,1000,20950,20.95,20.95,20.95,20.95,0.2,1,20.844685766985712,20.80880325068677,20.918658617222636,21.308432673033483,20.824689563878223
2012-01-10,8908,1000,20800,20.8,20.8,20.8,20.8,-0.05,1,20.829790511323807,20.80720265965281,20.90834047659458,21.293255578316067,20.824503227547066
2012-01-11,8908,2000,41650,20.7,20.95,20.7,20.95,0.15,2,20.86986034088254,20.83316581244321,20.911963043847226,21.283009143142454,20.82545037299954
2012-01-12,8908,2000,41650,20.7,20.95,20.7,20.95,0.15,2,20.896573560588358,20.854408391998987,20.915270605251816,21.273068571705366,20.82639037018445
2012-01-13,8908,1000,20250,20.25,20.25,20.25,20.25,-0.65,1,20.68104904039224,20.74451595709008,20.85742098740383,21.24252921135595,20.822040254183058
2012-01-16,8908,1000,20950,20.95,20.95,20.95,20.95,0.7,1,20.770699360261492,20.781876692164612,20.865471336325236,21.233796996091595,20.823005988113753
2012-01-17,8908,2000,41600,20.8,20.8,20.8,20.8,-0.15,1,20.780466240174327,20.785171839043773,20.85977817664478,21.220847832029158,20.822832358014782
2012-01-18,8908,2000,41600,20.8,20.8,20.8,20.8,-0.15,1,20.78697749344955,20.787867868308542,20.854580074327842,21.20828521017754,20.82266003833165
2012-01-30,8908,4000,83650,20.8,20.95,20.8,20.95,0.15,3,20.841318328966366,20.817346437706988,20.8628774591689,21.200575203903583,20.82362109464613
2012-01-31,8908,19000,394850,20.95,21.3,20.05,21.15,0.2,15,20.94421221931091,20.877828903578443,20.887844636632472,21.199065496324373,20.826084331667666
2012-02-01,8908,19000,394850,20.95,21.3,20.05,21.15,0.2,15,21.012808146207274,20.92731455747327,20.91064075518617,21.19760085464305,20.82852897822112
2012-02-02,8908,14000,308600,22.4,22.4,21.05,21.05,0.1,13,21.02520543080485,20.94962100156904,20.922758950387372,21.193194858982064,20.83020045763077
2012-02-03,8908,18000,381250,21.4,21.95,21.0,21.2,0.15,15,21.083470287203234,20.995144455829212,20.94686686774499,21.193397997519913,20.832991397573178
2012-02-04,8908,13000,273350,21.0,21.2,21.0,21.0,-0.2,9,21.05564685813549,20.996027282042082,20.951487140114992,21.18762492296708,20.834251839855643
2012-02-06,8908,1000,21000,21.0,21.0,21.0,21.0,0.0,1,21.03709790542366,20.996749594398068,20.95570564967021,21.182024178997914,20.835502769366165
2012-02-07,8908,4000,83200,20.9,20.9,20.7,20.85,-0.15,4,20.97473193694911,20.970067849962057,20.946513854046714,21.172113009475588,20.835612182427553
2012-02-08,8908,14000,292200,20.7,20.9,20.7,20.9,0.05,5,20.949821291299404,20.957328240878045,20.94246917108613,21.16399023307333,20.836098128220552
2012-02-09,8908,1000,20650,20.65,20.65,20.65,20.65,-0.25,1,20.849880860866268,20.90145037890022,20.917037069252554,21.148647241041292,20.834693614045303
2012-02-10,8908,8000,168950,20.95,21.35,20.95,21.35,0.7,8,21.01658724057751,20.983004855463815,20.954686019752334,21.154657771159464,20.83858271884496
2012-02-13,8908,11000,235450,21.35,21.95,21.0,21.25,-0.1,11,21.09439149371834,21.031549427197668,20.980365496295608,21.15750380784127,20.84168775492915
2012-02-14,8908,5000,108400,21.65,21.95,21.45,21.45,0.2,5,21.212927662478894,21.107631349525363,21.021203279226423,21.166235037457948,20.846278790741007
2012-02-15,8908,10000,211950,21.85,21.85,21.0,21.2,-0.25,8,21.208618441652597,21.12442564961166,21.036750820163256,21.16724294678756,20.84894838477315
2012-02-16,8908,2000,42850,21.55,21.55,21.3,21.3,0.1,2,21.239078961101733,21.156348258773175,21.059642053192537,21.17120584389838,20.852352547906936
2012-02-17,8908,5000,107450,21.45,21.85,21.05,21.7,0.4,5,21.392719307401155,21.255194029905326,21.115325352914926,21.186990744080518,20.858749887168017
2012-02-20,8908,2000,42800,21.6,21.6,21.2,21.2,-0.5,2,21.328479538267437,21.24515875174072,21.12268836570493,21.187379080078113,20.861325359717693
2012-02-21,8908,4000,84750,21.6,21.6,20.9,21.35,0.15,4,21.335653025511625,21.26422079687877,21.14245459477407,21.192233435896675,20.86501347021039
2012-02-22,8908,14000,294300,21.05,21.25,21.0,21.0,-0.35,13,21.223768683674418,21.21618065199172,21.130067238706758,21.18649512437737,20.866032236472954
2012-02-23,8908,1000,21300,21.3,21.3,21.3,21.3,0.3,1,21.24917912244961,21.23142053344777,21.144844000558344,21.189883329619835,20.869307464876933
2012-02-24,8908,10000,211000,20.95,21.3,20.95,21.3,0.0,9,21.266119414966408,21.24388952736636,21.158335826596748,21.193170394407304,20.872557974575976
2012-02-29,8908,3000,63950,21.25,21.4,21.25,21.4,0.1,3,21.31074627664427,21.272273249663385,21.179350102544856,21.1993444124847,20.87653866910748
2012-03-01,8908,10000,213800,21.45,21.45,21.2,21.45,0.05,9,21.357164184429514,21.304587204270042,21.202884876236606,21.206826668828437,20.88086667915195
2012-03-02,8908,6000,129700,21.5,22.4,21.45,21.45,0.0,6,21.388109456286344,21.33102589440276,21.224373147868207,21.214085574236545,20.88516202496967
2012-03-03,8908,3000,65200,21.95,21.95,21.45,21.8,0.35,3,21.525406304190895,21.41629391360226,21.274427656749232,21.231575557095155,20.892066462517068
2012-03-05,8908,4000,86200,22.2,22.2,21.0,22.0,0.2,4,21.68360420279393,21.522422292947304,21.33752090398843,21.25451360016694,20.900428225064108
2012-03-06,8908,4000,86200,22.2,22.2,21.0,22.0,0.2,4,21.789069468529288,21.609254603320522,21.39512778190248,21.276766925535092,20.908726879969283
2012-03-07,8908,19000,406950,21.85,21.85,21.15,21.85,0.0,11,21.809379645686192,21.653026493625884,21.434681887824006,21.293878360593748,20.915830828044985
2012-03-08,8908,10000,218800,21.85,22.15,21.5,21.6,-0.25,9,21.73958643045746,21.643385312966632,21.44905737583931,21.303016319979008,20.9209943689654
2012-03-09,8908,12000,258600,21.2,21.95,21.2,21.8,0.2,10,21.75972428697164,21.671860710609064,21.479574125766327,21.317851653710978,20.927628373727924
2012-03-12,8908,23000,528100,23.2,23.3,22.35,22.4,0.6,16,21.97314952464776,21.804249672316505,21.559611158308385,21.3501545894211,20.93874061241677
2012-03-13,8908,17000,380850,22.5,22.75,22.2,22.25,-0.15,16,22.06543301643184,21.88529518644078,21.619644970629395,21.377015646453305,20.948636909681547
2012-03-14,8908,10000,223900,22.25,22.65,22.25,22.6,0.35,9,22.24362201095456,22.01524151617882,21.704893234052925,21.413522642081563,20.961100027344326
2012-03-15,8908,7000,156750,22.3,22.6,22.3,22.35,-0.25,6,22.279081340636374,22.076106695055397,21.760989474570064,21.44147719007913,20.971582291288897
2012-03-16,8908,17000,384100,22.3,23.4,22.3,22.4,0.05,13,22.31938756042425,22.134996386863506,21.816555607216145,21.470089811270796,20.982362802298038
2012-03-19,8908,50000,1119600,22.95,22.95,22.35,22.65,0.25,13,22.4295917069495,22.228633407433776,21.889029032675612,21.505311010934353,20.99494874341277
2012-03-20,8908,36000,805850,22.4,22.6,22.3,22.3,-0.35,16,22.386394471299667,22.241609151536725,21.924765638529905,21.529033070309445,21.00479818685871
2012-03-21,8908,14000,312850,22.3,22.7,22.3,22.55,0.25,8,22.44092964753311,22.297680214893685,21.979133843875132,21.55950969507633,21.01646008733525
2012-03-22,8908,8000,178650,22.3,22.55,22.3,22.55,0.0,5,22.47728643168874,22.34355653945847,22.028774379190338,21.58907656985017,21.02803397346857
2012-03-23,8908,21000,469150,22.6,22.6,22.3,22.55,0.0,7,22.501524287792492,22.381091714102382,22.074098346217266,21.61776085134718,21.039520509517864
2012-03-26,8908,2000,44900,22.4,22.5,22.4,22.5,-0.05,2,22.501016191861662,22.402711402447405,22.111133272633154,21.64409634832189,21.050542996238484
2012-03-27,8908,13000,290950,22.4,22.4,22.35,22.35,-0.15,9,22.45067746124111,22.393127511093333,22.131904292404183,21.665168099118254,21.060350218908383
2012-03-28,8908,7000,156000,22.35,22.45,21.8,22.35,0.0,6,22.417118307494075,22.38528614544,22.15086913654295,21.685610842428158,21.070083424803414
2012-03-29,8908,16000,352350,21.8,22.4,21.55,22.0,-0.35,16,22.278078871662718,22.31523411899636,22.137750081191392,21.694995593400453,21.077101663106784
2012-03-30,8908,13000,286200,22.0,22.2,22.0,22.0,0.0,5,22.185385914441813,22.257918824633386,22.125771813261707,21.704100202552677,21.084066933573904
2012-04-02,8908,3000,66150,21.6,22.35,21.6,22.35,0.35,3,22.240257276294543,22.274660856518224,22.145269916456343,21.723380793521255,21.09362114539599
2012-04-03,8908,3000,65900,21.9,22.15,21.85,22.15,-0.2,3,22.210171517529695,22.251995246242185,22.145681228068835,21.736115695207186,21.101593815996775
2012-04-05,8908,2000,44000,22.0,22.0,22.0,22.0,-0.15,1,22.140114345019796,22.206177928743607,22.133013295193283,21.743992838633837,21.10837424002699
2012-04-06,8908,5000,111700,22.15,22.4,22.15,22.4,0.4,4,22.226742896679863,22.241418305335678,22.156229530393865,21.7635751419582,21.118122358970183
2012-04-09,8908,4000,87500,21.6,22.25,21.6,21.85,-0.55,4,22.101161931119908,22.17025134072919,22.129600875577008,21.76615498846691,21.123645963808144
2012-04-10,8908,20000,451450,21.85,23.3,21.85,22.6,0.75,17,22.267441287413273,22.24838746059661,22.170505147265963,21.791045884333567,21.13478825842091
2012-04-11,8908,1000,22550,22.55,22.55,22.55,22.55,-0.05,1,22.361627524942183,22.3032261041245,22.20350469967762,21.813701231069878,21.145469101753584
2012-04-12,8908,6000,133100,22.15,22.5,22.1,22.5,-0.05,6,22.407751683294787,22.339003176101865,22.229286899705652,21.8341877614857,21.15569197645733
2012-04-13,8908,6000,135500,22.8,22.8,22.5,22.7,0.2,5,22.50516778886319,22.404638962265164,22.27021847364429,21.860032902933888,21.167347131351992
2012-04-16,8908,6000,135500,22.8,22.8,22.5,22.7,0.2,5,22.570111859242125,22.45834096912604,22.307590780283917,21.885106547622428,21.178914322813487
2012-04-17,8908,6000,135500,22.8,22.8,22.5,22.7,0.2,5,22.613407906161417,22.50227897473949,22.341713321128793,21.90943172530534,21.190394214716783
2012-04-18,8908,13000,293100,22.65,22.65,22.2,22.2,-0.45,8,22.475605270774277,22.447319161150492,22.32939042363933,21.91810540514697,21.198013881020806
2012-04-19,8908,2000,44750,22.4,22.4,22.35,22.35,0.15,2,22.433736847182853,22.42962476821404,22.331182560714172,21.930997781112733,21.206708115881025
2012-04-20,8908,6000,132200,22.0,22.2,22.0,22.2,-0.15,4,22.35582456478857,22.38787481035694,22.319775381521634,21.939027698094442,21.21420465840268
2012-04-23,8908,4000,89000,22.55,22.55,22.1,22.25,0.05,3,22.320549709859048,22.362806663019317,22.31370795704149,21.948310453375203,21.222021981735487
2012-04-24,8908,2000,43850,21.6,22.25,21.6,22.25,0.0,2,22.29703313990603,22.342296360652167,22.308168134690057,21.957316111483408,21.229780306401636
2012-04-25,8908,1000,22400,22.4,22.4,22.4,22.4,0.15,1,22.33135542660402,22.35278793144268,22.316153514282224,21.97053055591674,21.238612153145773
2012-04-26,8908,4000,89850,22.4,22.55,22.4,22.55,0.15,4,22.404236951069347,22.388644671180376,22.336487991301162,21.98782815126251,21.248509419914484
2012-04-27,8908,3000,67300,22.4,22.45,22.4,22.45,-0.1,3,22.4194913007129,22.399800185511218,22.346358600753234,22.001624325851687,21.257577273349092
2012-04-30,8908,8000,178500,22.25,22.35,22.25,22.35,-0.1,5,22.3963275338086,22.39074560632736,22.346675244165997,22.01202359970686,21.265821973172873
2012-05-02,8908,5000,112150,22.35,22.45,22.35,22.45,0.1,3,22.4142183558724,22.401519132449657,22.355660005542866,22.02509752210367,21.274759165828172
2012-05-03,8908,4000,89600,22.45,22.45,22.35,22.35,-0.1,3,22.39281223724827,22.39215201745881,22.355167831147835,22.034796103533413,21.282874190991734
2012-05-04,8908,6000,134450,22.4,22.45,22.4,22.4,0.05,4,22.395208158165513,22.39357892337539,22.35906628061324,22.045697712383163,21.29130532917293
2012-05-07,8908,13000,293200,22.4,22.85,22.4,22.85,0.45,11,22.54680543877701,22.476564573670775,22.401756169255567,22.069706735894112,21.30306906253766
2012-05-08,8908,6000,136700,22.85,22.85,22.5,22.85,0.0,5,22.647870292518007,22.54446192391245,22.440733893668128,22.092999072136077,21.314744013009072
2012-05-09,8908,22000,503350,22.8,22.95,22.75,22.75,-0.1,12,22.681913528345337,22.581832483201097,22.46762659856655,22.112611040132016,21.325576133665606
2012-05-10,8908,22000,498800,22.75,22.75,22.5,22.5,-0.25,8,22.621275685563557,22.566953849891807,22.470441676952067,22.124174889680315,21.3344397100153
2012-05-11,8908,6000,135250,22.5,22.65,22.5,22.65,0.15,4,22.63085045704237,22.582053149911477,22.486055444173626,22.139871161630158,21.344368466920844
2012-05-14,8908,1000,22850,22.85,22.85,22.85,22.85,0.2,1,22.703900304694915,22.630770759018482,22.51770279685418,22.16106903740239,21.355731723774273
2012-05-15,8908,1000,22750,22.75,22.75,22.75,22.75,-0.1,1,22.71926686979661,22.6524488028333,22.53790255364947,22.17864906613665,21.366254503217487
2012-05-16,8908,3000,68100,22.75,22.75,22.65,22.7,-0.05,3,22.712844579864406,22.661094475045427,22.551997983766906,22.194211780580332,21.37632050696679
2012-05-17,8908,13000,293600,22.7,22.7,22.55,22.55,-0.15,4,22.658563053242936,22.64089547958262,22.551824246048046,22.204832324443604,21.385178465404774
2012-05-18,8908,7000,156850,22.5,22.5,22.3,22.3,-0.25,6,22.539042035495292,22.578914483294874,22.52992648552213,22.207673150579616,21.392082778873416
2012-05-21,8908,1000,22900,22.9,22.9,22.9,22.9,0.6,1,22.65936135699686,22.637293668150352,22.5621067911289,22.22833962369664,21.403463286202673
2012-05-22,8908,4000,91050,22.7,22.95,22.7,22.95,0.05,2,22.756240904664573,22.69414936485029,22.59583663537856,22.249881724481817,21.415135261401144
2012-05-23,8908,3000,68050,22.95,22.95,22.55,22.55,-0.4,2,22.687493936443047,22.667940389422963,22.591850840997818,22.258840478974896,21.42370027829623
2012-05-24,8908,3000,68050,22.8,22.8,22.5,22.5,-0.05,3,22.6249959576287,22.637405773164243,22.583863811345832,22.266039270647287,21.431823295063808
2012-05-25,8908,11000,247600,22.5,22.6,22.5,22.6,0.1,6,22.616663971752466,22.630604723498017,22.585266958185326,22.276008247642892,21.44063972302559
2012-05-28,8908,1000,22750,22.75,22.75,22.75,22.75,0.15,1,22.661109314501644,22.652312955589288,22.599591570517035,22.29015725517594,21.450521687380114
2012-05-29,8908,1000,22850,22.85,22.85,22.85,22.85,0.1,1,22.72407287633443,22.688256054573053,22.621366216559032,22.30686897890203,21.46108378785272
2012-05-30,8908,1000,22850,22.85,22.85,22.85,22.85,0.1,1,22.766048584222954,22.71766404465068,22.641247415119118,22.323081845203465,21.47156617435949
2012-05-31,8908,1000,22900,22.9,22.9,22.9,22.9,0.1,1,22.810699056148636,22.750816036532374,22.66374763989137,22.340303282660077,21.482346807005836
2012-06-01,8908,8000,181150,22.6,22.95,22.6,22.95,0.05,2,22.85713270409909,22.787031302617397,22.68863914946603,22.358503184670223,21.49342343487749
2012-06-04,8908,1000,23450,23.45,23.45,23.45,23.45,0.5,1,23.05475513606606,22.90757106577787,22.75484444081681,22.391085179157677,21.50819005046332
2012-06-05,8908,11000,250400,22.7,23.4,22.7,23.4,-0.05,10,23.16983675737737,22.9971035992728,22.810944924224046,22.42120203948133,21.522467861403218
2012-06-06,8908,10000,227000,22.7,22.7,22.7,22.7,-0.7,5,23.01322450491825,22.943084763041384,22.801297539508912,22.429524366660992,21.531354896411496
2012-06-07,8908,1000,23200,23.2,23.2,23.2,23.2,0.5,1,23.075483003278833,22.989796624306585,22.83596731868205,22.452523639297976,21.543948444363107
2012-06-08,8908,3000,67450,22.35,22.75,22.35,22.75,-0.45,3,22.966988668852554,22.946197238069026,22.828491899666222,22.461403530662214,21.553050720254706
2012-06-11,8908,11000,253050,23.05,23.05,23.0,23.0,0.25,6,22.9779924459017,22.95597955842011,22.843405647521333,22.47748103720961,21.56397109217731
2012-06-12,8908,10000,230000,23.0,23.0,23.0,23.0,0.0,2,22.985328297267802,22.963983275071,22.857022547736868,22.493078618188427,21.574809046198617
2012-06-13,8908,1000,22800,22.8,22.8,22.8,22.8,-0.2,1,22.923552198178534,22.934168134149,22.852064065324967,22.50224045048131,21.58405577037825
2012-06-14,8908,16000,368150,23.0,23.25,22.9,23.0,0.2,7,22.94903479878569,22.94613756430373,22.864928059644534,22.517098944496794,21.594742141922566
2012-06-15,8908,13000,300800,23.0,23.9,23.0,23.0,0.0,6,22.96602319919046,22.955930734430325,22.8766734457624,22.531513901377487,21.60534786160617
2012-06-18,8908,10000,231700,23.0,23.45,23.0,23.4,0.4,8,23.110682132793638,23.036670600897537,22.922180102652625,22.55743885954532,21.61889240604688
2012-06-19,8908,3000,69200,23.0,23.2,23.0,23.2,-0.2,3,23.14045475519576,23.066366855279803,22.946338354595873,22.57661978911113,21.630825293548412
2012-06-20,8908,4000,93550,23.0,23.65,23.0,23.3,0.1,4,23.19363650346384,23.108845608865295,22.977091541152753,22.59821322824214,21.643422838502765
2012-06-21,8908,4000,93150,23.5,23.5,23.2,23.25,-0.05,4,23.21242433564256,23.13451004361706,23.000822711487295,22.617669549787152,21.655547949155576
2012-06-22,8908,3000,69150,23.0,23.15,23.0,23.15,-0.1,3,23.191616223761706,23.137326399323047,23.013794649618834,22.633560010987537,21.666826832558176
2012-06-25,8908,5000,116500,23.15,23.45,23.15,23.45,0.3,4,23.27774414917447,23.194176144900673,23.05172554965198,22.657931353943134,21.68028474325585
2012-06-26,8908,1000,23450,23.45,23.45,23.45,23.45,0.0,1,23.335162766116312,23.24068957310055,23.086358110551807,22.681575194123937,21.693641084816182
2012-06-27,8908,1000,23050,23.05,23.05,23.05,23.05,-0.4,1,23.240108510744207,23.206018741627723,23.083196535721214,22.69257294952322,21.703877755874174
2012-06-28,8908,1000,23100,23.1,23.1,23.1,23.1,0.05,1,23.19340567382947,23.186742606786318,23.084657706528066,22.70473495102999,21.714414527527953
2012-06-29,8908,16000,367650,23.0,23.0,22.8,23.0,-0.1,7,23.128937115886313,23.152789405552443,23.077296166829974,22.713548833088797,21.724117059395667
2012-07-02,8908,16000,367650,23.0,23.0,22.8,23.0,-0.1,7,23.08595807725754,23.125009513633817,23.070574761018673,22.722099614190626,21.733746364607775
2012-07-03,8908,17000,391050,23.05,23.05,23.0,23.0,0.0,7,23.05730538483836,23.10228051115494,23.064437825277917,22.730395148095383,21.743302995818283
2012-07-04,8908,28000,644950,23.0,23.45,23.0,23.45,0.45,4,23.18820358989224,23.165502236399497,23.097964970905924,22.751875889943282,21.756183727925315
2012-07-05,8908,6000,140200,23.9,23.9,23.1,23.15,-0.3,6,23.175469059928158,23.162683647963224,23.102489756044537,22.76376019173602,21.766703096016446
2012-07-06,8908,6000,139200,23.15,23.45,23.15,23.45,0.3,4,23.266979373285437,23.214922984697182,23.13270803812762,22.784244962131957,21.77940722359368
2012-07-09,8908,4000,93350,23.2,24.0,23.05,24.0,0.55,4,23.511319582190293,23.357664260206786,23.20812473046435,22.820536157292196,21.79616641435901
2012-07-10,8908,2000,47700,23.55,24.15,23.55,24.15,0.15,2,23.724213054793527,23.50172530380555,23.290026927815273,22.86022164513422,21.813931196137432
2012-07-11,8908,14000,337100,24.0,24.25,23.9,24.0,-0.15,10,23.81614203652902,23.592320703113632,23.3517637167009,22.894244879607825,21.830429828619412
2012-07-12,8908,23000,556450,24.1,24.45,24.0,24.45,0.45,15,24.02742802435268,23.748262393456606,23.4472625239443,22.940685330962815,21.85020016953549
2012-07-13,8908,13000,322000,24.8,25.2,24.5,24.6,0.15,10,24.218285349568454,23.903123776464497,23.54750056534045,22.990217112128104,21.870953375803147
2012-07-16,8908,11000,271600,24.35,24.95,24.35,24.95,0.35,9,24.462190233045636,24.093464908016408,23.66945703791954,23.048718093855623,21.894191463532934
2012-07-17,8908,11000,271600,24.35,24.95,24.35,24.95,0.35,9,24.62479348869709,24.249198561104333,23.780808599839578,23.105472777621127,21.917254169468535
2012-07-18,8908,1000,24300,24.3,24.3,24.3,24.3,-0.55,1,24.51652899246473,24.258435186358092,23.825955678114397,23.141130306647362,21.935237156868773
2012-07-19,8908,6000,149950,24.95,25.0,24.95,25.0,0.7,5,24.677685994976486,24.393265152474804,23.928046488713147,23.196618954210127,21.95836744247731
2012-07-20,8908,2000,50000,25.0,25.0,25.0,25.0,0.0,2,24.78512399665099,24.503580579297566,24.0212598375207,23.250451224233704,21.981323159892575
2012-07-23,8908,2000,50000,25.0,25.0,25.0,25.0,0.0,2,24.856749331100662,24.593838655788918,24.10636767773629,23.30267656082374,22.004105626610368
2012-07-24,8908,2000,50000,25.0,25.0,25.0,25.0,0.0,2,24.904499554067108,24.667686172918206,24.184074836194004,23.353342932142436,22.02671615018312
2012-07-25,8908,5000,125000,25.0,25.0,25.0,25.0,0.1,1,24.93633303604474,24.728106868751258,24.255024850438005,23.402496874466543,22.049156028294945
2012-07-26,8908,5000,125000,25.0,25.0,25.0,25.0,0.1,1,24.95755535736316,24.777541983523758,24.319805298226004,23.45018353493023,22.071426548836115
2012-07-27,8908,5000,125000,25.0,25.0,25.0,25.0,0.1,1,24.97170357157544,24.81798889561035,24.378952663597655,23.496446712992014,22.093528989976974
2012-07-30,8908,7000,175200,25.0,25.4,24.8,25.0,0.0,6,24.981135714383626,24.851081823681195,24.432956779806556,23.541328900663895,22.115464620241298
2012-07-31,8908,12000,300000,25.0,25.0,25.0,25.0,0.0,11,24.987423809589085,24.87815785573916,24.482264885910332,23.5848713215396,22.1372346985791
2012-08-01,8908,3000,78000,26.0,26.0,26.0,26.0,1.0,2,25.324949206392724,25.08212915469568,24.61424185235291,23.65696471492648,22.1663876442502
2012-08-03,8908,5000,126200,25.05,25.4,25.05,25.4,-0.6,5,25.34996613759515,25.139923853841918,24.682568647800483,23.708995618958525,22.19079226580303
2012-08-06,8908,11000,277950,25.05,25.7,25.0,25.7,0.3,8,25.4666440917301,25.241755880416115,24.771040939296093,23.768428585556777,22.217276852476214
2012-08-07,8908,2000,51900,25.4,26.5,25.4,26.5,0.8,2,25.8110960611534,25.470527538522276,24.92138520544426,23.849968030764035,22.24959929132545
2012-08-08,8908,5000,129100,26.5,26.5,25.55,25.95,-0.55,5,25.857397374102266,25.557704349700042,25.010829970188237,23.912655552233765,22.27752684384375
2012-08-09,8908,8000,212850,26.0,27.15,26.0,26.75,0.8,8,26.154931582734843,25.774485377027307,25.162062146693607,23.997352401420816,22.311281358229834
2012-08-10,8908,10000,262200,26.95,26.95,26.05,26.05,-0.7,8,26.119954388489894,25.824578944840525,25.23927413393764,24.05862546406497,22.339498102696023
2012-08-13,8908,8000,208500,26.05,26.4,25.55,25.55,-0.5,8,25.929969592326596,25.774655500324066,25.266293774464803,24.103144106928703,22.363728305694544
2012-08-14,8908,11000,286700,26.95,26.95,25.65,25.65,0.1,8,25.836646394884397,25.751990863901508,25.299659533206995,24.14931890970695,22.388530356217604
2012-08-15,8908,5000,130000,25.75,26.8,25.75,26.8,1.15,5,26.157764263256265,25.94253797955578,25.430123921623778,24.228443718372414,22.421824466736716
2012-08-16,8908,6000,158100,26.4,26.75,26.1,26.1,-0.7,6,26.13850950883751,25.971167437818366,25.488374015395625,24.28431107006279,22.4495842820821
2012-08-17,8908,12000,309700,26.1,26.1,25.5,25.5,-0.6,8,25.925673005891674,25.8855006309423,25.489384970578612,24.320600291851964,22.472606287500348
2012-08-20,8908,53000,1351850,25.5,25.9,25.45,25.9,0.4,18,25.917115337261116,25.888136879861882,25.525090625310906,24.36774655179668,22.498473409858835
2012-08-21,8908,31000,803200,25.9,26.2,25.9,26.2,0.3,8,26.011410224840745,25.94483926534154,25.583778397023,24.42244068457887,22.52640945959575
2012-08-22,8908,6000,157500,26.2,26.4,25.75,26.4,0.2,6,26.14094014989383,26.027595762552167,25.654754188586217,24.481472305934723,22.555644105183706
2012-08-23,8908,4000,105700,26.4,26.45,26.4,26.45,0.05,4,26.243960099929218,26.104396532997228,25.723905998274372,24.54023432665309,22.585035470427602
2012-08-24,8908,23000,609350,26.45,27.35,26.45,27.35,0.9,5,26.61264006661948,26.330869890634094,25.865305476685297,24.624107928842548,22.620997466877206
2012-08-27,8908,20000,545650,27.35,27.35,27.0,27.0,-0.35,12,26.741760044412988,26.452529910518805,25.963974565669183,24.695030080220384,22.654046542598888
2012-08-28,8908,19000,510550,27.0,27.0,26.6,26.6,-0.4,13,26.694506696275326,26.47934265406084,26.01928112517621,24.75189485394515,22.683827323409464
2012-08-29,8908,40000,1063800,26.6,26.6,26.4,26.4,-0.2,5,26.596337797516885,26.464916716958868,26.05238711429132,24.8010920224841,22.71187390964788
2012-08-30,8908,11000,288250,26.3,26.4,26.0,26.4,0.0,9,26.530891865011256,26.4531136775118,26.08261432174425,24.848820618827858,22.73970882353733
2012-08-31,8908,26000,675850,26.0,26.0,25.95,25.95,-0.45,13,26.337261243340837,26.361638463418746,26.071082641592575,24.881691645131504,22.76393743618988
2012-09-03,8908,24000,613750,25.8,25.8,25.2,25.75,-0.2,9,26.141507495560557,26.250431470069884,26.043162411888872,24.907611297515636,22.786473757426183
2012-09-04,8908,7000,178750,25.5,25.7,25.45,25.45,-0.3,6,25.911004997040372,26.104898475511725,25.991583071724623,24.923802005052483,22.806575842275798
2012-09-05,8908,14000,351250,25.2,25.35,25.0,25.35,-0.1,7,25.724003331360247,25.967644207236866,25.93579323940074,24.93652433325987,22.82577149629636
2012-09-06,8908,33000,840250,25.35,26.0,25.35,26.0,0.65,17,25.81600222090683,25.973527078648345,25.94137643597459,24.96826987555062,22.849727937833745
2012-09-07,8908,18000,467450,26.0,26.0,25.7,26.0,0.0,16,25.87733481393789,25.97834033707592,25.94647413719419,24.99906778971329,22.87350357603877
2012-09-10,8908,27000,635700,22.5,24.2,22.5,24.15,0.0,23,25.30155654262526,25.645914821243935,25.79025899482948,24.97372248255767,22.88313751131395
2012-09-11,8908,14000,339300,24.65,24.95,23.55,23.55,-0.6,12,24.717704361750172,25.264839399199584,25.595453864844306,24.93122330397386,22.888170435756866
2012-09-12,8908,12000,287950,24.05,24.05,23.9,24.0,0.45,11,24.478469574500114,25.034868599345113,25.456718746162192,24.903425593407476,22.896561602279455
2012-09-13,8908,4000,97850,24.7,24.7,24.25,24.65,0.65,4,24.535646383000074,24.964892490373273,25.386569289974176,24.895860650320685,22.90979509962074
2012-09-14,8908,5000,120300,24.05,24.1,24.05,24.1,-0.55,3,24.39043092200005,24.807639310305404,25.27469369954164,24.872103615982756,22.91877777811417
2012-09-17,8908,5000,119200,23.9,23.9,23.75,23.75,-0.35,4,24.176953948000033,24.61534125388624,25.14211163871193,24.838607985654914,22.925051153373683
2012-09-18,8908,8000,190800,23.75,24.05,23.75,24.0,0.25,6,24.11796929866669,24.503461025906923,25.04279758317176,24.81357491145626,22.933163974857656
2012-09-19,8908,6000,143800,24.3,24.3,23.75,24.0,0.0,4,24.078646199111127,24.411922657560208,24.952119532461175,24.789289093203834,22.94121556750024
2012-09-20,8908,1000,23950,23.95,23.95,23.95,23.95,-0.05,1,24.035764132740752,24.327936719821988,24.864978703551508,24.764235687436557,22.948829034915335
2012-09-21,8908,14000,335050,23.9,24.0,23.9,24.0,0.05,7,24.0238427551605,24.268311861672537,24.789763164112244,24.741422681841435,22.95676240068956
2012-09-24,8908,10000,240700,24.4,24.4,23.95,24.0,0.0,8,24.015895170107,24.219527886822984,24.721088106363354,24.71929066148796,22.96463589200511
2012-09-25,8908,21000,505250,24.0,24.25,24.0,24.25,0.25,12,24.093930113404667,24.22506827103699,24.68012392320132,24.705281985025632,22.974336753197523
2012-09-26,8908,21000,505250,24.0,24.25,24.0,24.25,0.25,12,24.145953408936446,24.229601312666627,24.642721842922946,24.691691478009943,22.9839644003432
2012-09-27,8908,1000,24000,24.0,24.0,24.0,24.0,-0.2,1,24.097302272624297,24.187855619454513,24.586832987016603,24.671043971203677,22.991632593548157
2012-09-28,8908,23000,545050,23.7,23.7,23.65,23.7,-0.3,9,23.96486818174953,24.09915459773551,24.509717075102117,24.642057584003567,22.996978762653455
2012-10-01,8908,16000,375850,23.5,23.5,23.4,23.5,-0.2,8,23.809912121166352,23.990217398147234,24.42191559031063,24.60796631283928,23.00077514935041
2012-10-02,8908,4000,93000,23.1,23.4,23.1,23.4,-0.1,3,23.673274747444236,23.882905143938647,24.333053365066228,24.57190761693363,23.003788167091162
2012-10-03,8908,23000,539500,23.4,23.65,23.4,23.65,0.25,6,23.665516498296157,23.84055875413162,24.27365742027786,24.5443879865774,23.00866523752821
2012-10-04,8908,8000,189500,23.7,23.7,23.65,23.7,0.05,4,23.677010998864105,23.81500261701678,24.223774166340654,24.51918237503778,23.013882858377052
2012-10-05,8908,8000,189500,23.7,23.7,23.65,23.7,0.05,4,23.684673999242737,23.794093050286456,24.178228586658857,24.49472916981277,23.019061100955337
2012-10-08,8908,51000,1218800,23.7,24.0,23.7,24.0,0.3,6,23.789782666161823,23.8315306775071,24.16273044868852,24.47996113489299,23.02646441340096
2012-10-09,8908,1000,23950,23.95,23.95,23.95,23.95,-0.05,1,23.84318844410788,23.853070554323992,24.144232148802562,24.464141399523047,23.03343449329982
2012-10-11,8908,8000,191850,23.95,24.0,23.95,24.0,0.05,4,23.895458962738587,23.879784998992356,24.13169022281973,24.450286432373105,23.04072932731265
2012-10-12,8908,1000,23950,23.95,23.95,23.95,23.95,-0.05,1,23.913639308492392,23.89255136281193,24.11589107300932,24.435352509018685,23.047591747483875
2012-10-15,8908,1000,23950,23.95,23.95,23.95,23.95,-0.05,1,23.925759538994928,23.902996569573396,24.101465762312856,24.42086437442111,23.054402375804752
2012-10-16,8908,1000,23950,23.95,23.95,23.95,23.95,-0.05,1,23.933839692663284,23.91154264783278,24.088294826459563,24.406808721453316,23.06116160315717
2012-10-17,8908,5000,117900,23.8,23.8,23.4,23.4,-0.5,4,23.75589312844219,23.818534893681363,24.0284431024196,24.37675472976814,23.063718874076738
2012-10-18,8908,37000,868100,23.5,23.6,23.05,23.15,-0.25,9,23.55392875229479,23.696983094830205,23.95205674568746,24.34013518559596,23.06437005238559
2012-10-19,8908,13000,305950,23.45,23.9,23.45,23.6,0.45,4,23.569285834863194,23.679349804861076,23.92144311562768,24.31804159796623,23.068412542556267
2012-10-22,8908,27000,635100,23.6,23.6,22.55,23.6,0.0,4,23.579523889908796,23.66492256761361,23.893491540355708,24.296607520414998,23.072424523367165
2012-10-23,8908,27000,635100,23.6,23.6,22.55,23.6,0.0,4,23.586349259939198,23.653118464411133,23.867970536846517,24.275813266074252,23.0764062250776
2012-10-24,8908,11000,258500,23.5,23.5,23.5,23.5,-0.1,2,23.5575661732928,23.62527874360911,23.835973098859863,24.25265466111681,23.079603159227958
2012-10-25,8908,12000,282400,23.45,23.95,23.45,23.95,0.45,3,23.688377448861864,23.684318972043815,23.8458884815677,24.243620193620785,23.086172191988503
2012-10-26,8908,3000,71750,24.15,24.15,23.8,23.8,-0.15,2,23.72558496590791,23.705351886217667,23.841898178822685,24.23037779978136,23.09155957167161
2012-10-29,8908,14000,328000,23.5,23.5,23.2,23.4,-0.4,7,23.617056643938607,23.649833361450817,23.803472250229408,24.20559040277296,23.09388742396088
2012-10-30,8908,2000,47500,23.75,23.75,23.75,23.75,0.35,1,23.661371095959073,23.668045477550667,23.798822489339894,24.19199068925735,23.09883921698759
2012-10-31,8908,8000,187000,23.1,23.7,23.1,23.3,-0.45,5,23.540914063972714,23.601128117996,23.755446620701644,24.165364101518325,23.10035741157636
2012-11-01,8908,4000,93200,23.3,23.3,23.3,23.3,0.0,1,23.46060937598181,23.546377551087637,23.715842566727588,24.139532337293897,23.101864148092766
2012-11-02,8908,10000,231300,22.8,23.75,22.8,23.0,-0.3,5,23.307072917321207,23.447036178162612,23.653595387012146,24.105516446628407,23.101095362069422
2012-11-05,8908,11000,253300,23.6,23.6,22.7,23.25,0.25,6,23.28804861154747,23.411211418496684,23.61850013596761,24.07997864225144,23.102219170657577
2012-11-06,8908,3000,69500,23.5,23.5,23.0,23.0,-0.25,2,23.192032407698314,23.336445706042742,23.564717515448688,24.047740473826025,23.10144770521865
2012-11-07,8908,11000,254600,23.2,23.2,23.1,23.1,0.1,6,23.161354938465543,23.293455577671335,23.52430729671402,24.01944971341331,23.10143677914153
2012-11-08,8908,5000,115800,23.0,23.45,22.9,22.9,-0.2,3,23.074236625643696,23.22191819991291,23.47001970569541,23.98603330405769,23.099916501563104
2012-11-09,8908,3000,69600,23.4,23.4,23.1,23.1,0.2,3,23.082824417095797,23.1997512544742,23.4378440791132,23.959584548712684,23.099917131739986
2012-11-12,8908,3000,70550,23.55,23.65,23.35,23.35,0.25,3,23.17188294473053,23.227069208206164,23.43020546353814,23.941387995019767,23.101804549613647
2012-11-13,8908,6000,140900,23.6,23.6,23.35,23.35,0.0,5,23.23125529648702,23.249420261259587,23.423231075404388,23.923734622034104,23.10367772282411
2012-11-14,8908,8000,185200,23.0,23.6,23.0,23.6,0.25,6,23.354170197658014,23.31316203193966,23.43860228623879,23.914070901973385,23.1074235513311
2012-11-15,8908,3000,69900,23.3,23.3,23.3,23.3,-0.3,3,23.336113465105342,23.31076893522336,23.426549913522376,23.895740427287613,23.108876958490864
2012-11-16,8908,2000,46800,23.4,23.4,23.4,23.4,0.1,2,23.357408976736895,23.32699276518275,23.424241225389995,23.880942205577536,23.11107411352112
2012-11-19,8908,2000,47300,23.65,23.65,23.65,23.65,0.25,1,23.454939317824596,23.38572135333134,23.44387242318217,23.874048408396117,23.115141478702093
2012-11-20,8908,2000,47200,23.6,23.6,23.6,23.6,-0.05,2,23.503292878549733,23.4246811072711,23.45744873420981,23.865867858891754,23.118800788296795
2012-11-21,8908,1000,23600,23.6,23.6,23.6,23.6,0.0,1,23.535528585699822,23.456557269585446,23.469844496452435,23.857931504894985,23.122432480460592
2012-11-22,8908,4000,95550,23.15,24.15,23.15,24.15,0.55,3,23.740352390466548,23.582637766024455,23.528988453282658,23.866649967435432,23.130187707023154
2012-11-23,8908,10000,237300,23.5,24.0,23.5,24.0,-0.15,4,23.826901593644365,23.658521808565464,23.569945979084167,23.870630565422434,23.136752328102226
2012-11-26,8908,35000,840050,24.0,24.05,24.0,24.05,0.05,7,23.901267729096244,23.72969966155356,23.61168980698989,23.87598487690236,23.14364476336183
2012-11-27,8908,47000,1131000,24.0,24.1,24.0,24.1,0.05,9,23.967511819397497,23.797026995816548,23.654151562903813,23.88267189550229,23.150862538732685
2012-11-28,8908,7000,170250,24.3,24.35,24.3,24.35,0.25,6,24.09500787959833,23.897567542031723,23.714660122651306,23.896621988173866,23.159912632779985
2012-11-29,8908,4000,97200,24.3,24.3,24.3,24.3,-0.05,2,24.163338586398886,23.970737079844138,23.765559242420757,23.908663122855245,23.168517065740136
2012-11-30,8908,34000,826650,24.4,24.4,24.25,24.25,-0.05,15,24.192225724265924,24.021512156236113,23.80768452568852,23.918852283367027,23.17667920109304
2012-12-03,8908,10000,243850,25.3,25.3,24.25,24.55,0.3,7,24.311483816177283,24.117600855102275,23.87223369736778,23.93769251371428,23.18704388636781
2012-12-04,8908,7000,170800,24.4,24.4,24.4,24.4,-0.15,3,24.340989210784855,24.168946154174588,23.9181264193358,23.951492737185493,23.19619827213107
2012-12-05,8908,6000,146700,24.7,24.7,24.4,24.4,0.0,6,24.36065947385657,24.210955944324663,23.960028469828337,23.964881013687418,23.20528356819046
2012-12-06,8908,12000,293900,24.45,24.6,24.4,24.55,0.15,8,24.423772982571045,24.272600318083814,24.011330342017178,23.982347252084807,23.2154323714494
2012-12-07,8908,1000,25400,25.4,25.4,25.4,25.4,0.85,1,24.749181988380695,24.47758207843221,24.132084225320032,24.024665244559888,23.231919674306386
2012-12-10,8908,26000,646950,25.0,25.0,24.65,25.0,-0.4,10,24.832787992253795,24.5725671550809,24.207555162248724,24.05377971487153,23.245263676764452
2012-12-11,8908,16000,397600,24.55,25.15,24.55,25.0,0.0,8,24.888525328169198,24.650282217793464,24.276463409009704,24.082025096517157,23.258506969770004
2012-12-12,8908,46000,1155550,25.1,25.3,25.0,25.15,0.15,15,24.9756835521128,24.74113999637647,24.352423112574076,24.113904944382316,23.27278238886608
2012-12-13,8908,40000,1013800,25.3,25.45,25.3,25.4,0.25,13,25.117122368075197,24.86093272430802,24.44351675495894,24.152295841564932,23.288836861402938
2012-12-14,8908,3000,78150,26.85,26.85,25.65,25.65,0.25,3,25.294748245383463,25.004399501706562,24.548428341484247,24.19700342838389,23.30665696056216
2012-12-17,8908,7000,180350,25.75,25.8,25.75,25.8,0.15,4,25.463165496922308,25.149054137759915,24.65726065961605,24.24485407231273,23.325474643878675
2012-12-18,8908,6000,155900,25.8,26.4,25.8,25.95,0.15,6,25.62544366461487,25.294680658167202,24.769672776171177,24.295753950751156,23.34528238241544
2012-12-19,8908,18000,467700,25.95,26.25,25.9,26.0,0.05,18,25.750295776409914,25.42292053850044,24.87665775215629,24.346626967146644,23.365317987076455
2012-12-20,8908,17000,442300,26.1,26.1,25.95,26.0,0.0,8,25.833530517606608,25.527844076954903,24.974339686751396,24.39598138603779,23.385202379626822
2012-12-21,8908,13000,338000,26.0,26.0,26.0,26.0,0.0,8,25.88902034507107,25.61369060841765,25.063527540077363,24.443862538693377,23.404936701290016
2012-12-22,8908,9000,234950,26.1,26.15,26.1,26.1,0.1,9,25.95934689671405,25.70211049779626,25.153655580070637,24.49329947783686,23.42527680165764
2012-12-24,8908,12000,314300,26.1,27.0,26.1,26.1,0.0,10,26.006231264476032,25.774454043651485,25.23594639919493,24.541260687453672,23.44546339183381
2012-12-25,8908,4000,104600,26.0,26.6,26.0,26.6,0.5,4,26.204154176317356,25.924553308442125,25.354559755786674,24.602715592305803,23.469271215291666
2012-12-26,8908,6000,158750,26.25,26.5,26.25,26.5,-0.1,5,26.302769450878237,26.029179979634467,25.454163255283486,24.65935094775936,23.492144640081918
2012-12-27,8908,9000,239350,26.7,26.7,26.5,26.5,0.0,9,26.36851296725216,26.114783619700926,25.54510558091101,24.714295695587438,23.51484543525111
2012-12-28,8908,3000,76700,25.35,26.0,25.35,26.0,-0.5,2,26.24567531150144,26.093913870664394,25.58466161735353,24.752674928554978,23.53360131875865
2013-01-02,8908,8000,213150,26.9,26.9,26.1,26.8,0.8,6,26.430450207667626,26.22229316690723,25.690343215844525,24.813789109792143,23.558253384277453
2013-01-03,8908,30000,805650,27.0,27.0,26.8,26.8,0.0,16,26.55363347177842,26.3273307729241,25.786835110118915,24.873078987111782,23.582719396471585
2013-01-04,8908,15000,400550,26.6,26.9,26.6,26.9,0.1,11,26.669088981185613,26.431452450574263,25.883632057065096,24.933584091974115,23.607755476498216
2013-01-07,8908,4000,108900,27.3,27.3,27.2,27.2,0.3,3,26.84605932079041,26.57118836865167,25.99809883471161,25.001238298183843,23.63486675592087
2013-01-08,8908,36000,979550,27.2,27.3,27.1,27.3,0.1,13,26.99737288052694,26.703699574351365,26.111307631693208,25.069858050476864,23.662528138895052
2013-01-09,8908,25000,682350,27.2,28.15,27.0,27.6,0.3,18,27.19824858701796,26.866663288105663,26.240759141980757,25.145384675835764,23.692244907658107
2013-01-10,8908,2000,54700,27.35,27.35,27.35,27.35,-0.25,1,27.248832391345307,26.95454269026827,26.337214868765038,25.211194088497383,23.719850606468235
2013-01-11,8908,5000,137450,27.3,27.7,27.3,27.5,0.15,5,27.33255492756354,27.05371674658313,26.438326619307208,25.279516653019847,23.74838003585338
2013-01-14,8908,10000,275400,27.5,27.6,27.5,27.5,0.0,9,27.388369951709027,27.13485915629529,26.530646043715276,25.34579973800433,23.776694148790334
2013-01-15,8908,10000,275150,27.6,27.75,27.4,27.5,0.0,9,27.42557996780602,27.201248400605238,26.61493769208786,25.41010422343704,23.804794570308896
2013-01-16,8908,11000,303500,27.6,27.6,27.5,27.6,0.1,9,27.483719978537348,27.273748691404286,26.70059528408022,25.475474246618024,23.833437630155622
2013-01-17,8908,10000,276050,27.8,27.8,27.45,27.5,-0.1,10,27.489146652358233,27.314885292967144,26.77010873763846,25.53590785119659,23.861109798984636
2013-01-18,8908,14000,385100,27.45,27.7,27.45,27.7,0.2,4,27.559431101572155,27.3849061487913,26.85096884740903,25.600507616832513,23.890082555218715
2013-01-21,8908,5000,139000,27.8,27.8,27.8,27.8,0.1,4,27.639620734381438,27.46037775810197,26.933493295460416,25.666164105882288,23.919591366122724
2013-01-22,8908,15000,420750,28.8,28.8,27.95,28.0,0.2,9,27.759747156254292,27.55849089299252,27.02623300889864,25.73583084899028,23.950386902982174
2013-01-23,8908,2000,55950,28.0,28.0,27.95,27.95,-0.05,2,27.823164770836193,27.62967436699388,27.106560573342236,25.801925450512957,23.98057266220495
2013-01-24,8908,7000,195700,27.7,28.0,27.7,28.0,0.05,4,27.88210984722413,27.69700630026772,27.184250958268997,25.86753961616929,24.010907962867552
2013-01-25,8908,23000,642850,27.8,28.1,27.75,28.0,0.0,10,27.921406564816085,27.752096063855408,27.255185657549955,25.931195150014982,24.04101431786478
2013-01-28,8908,9000,251800,27.95,28.0,27.95,27.95,-0.05,5,27.93093770987739,27.78807859769988,27.31560429602387,25.99145798135782,24.070516096597874
2013-01-29,8908,10000,272450,26.8,27.75,26.8,27.75,-0.2,10,27.87062513991826,27.7811552162999,27.353377835500055,26.043951772959076,24.09828578643487
2013-01-30,8908,17000,473450,27.75,27.95,27.75,27.8,0.05,11,27.847083426612173,27.78458154060901,27.39221454545657,26.09637112302,24.126223252197626
2013-01-31,8908,6000,167850,27.9,28.0,27.9,28.0,0.2,5,27.89805561774145,27.823748533225555,27.445065454547304,26.153195865616418,24.155459303124438
2013-02-01,8908,12000,337500,28.0,28.2,28.0,28.1,0.1,9,27.96537041182763,27.873976072639092,27.50201628458667,26.211309421866673,24.185229421591423
2013-02-04,8908,17000,476900,28.1,28.1,28.0,28.0,-0.1,10,27.976913607885088,27.896889513977438,27.545319216361744,26.26470317046767,24.2140201429379
2013-02-05,8908,20000,557900,28.0,28.0,27.65,28.0,0.0,10,27.98460907192339,27.91563687507245,27.58485667580855,26.316503075826844,24.242593575821388
2013-02-06,8908,14000,392300,28.0,28.1,28.0,28.0,0.0,8,27.98973938128226,27.93097562505928,27.62095609530346,26.366756715354402,24.27095136015481
2013-02-18,8908,14000,397400,28.0,29.9,28.0,29.9,1.9,8,28.62649292085484,28.288980056866684,27.819133826146636,26.472226664149794,24.313434746115906
2013-02-19,8908,4000,114300,28.65,28.65,28.5,28.5,-1.4,4,28.584328613903228,28.32734731925456,27.878339580394755,26.532757211488605,24.345031465013143
2013-02-20,8908,5000,141800,28.3,28.65,28.25,28.65,0.15,5,28.606219075935485,28.386011443026458,27.945440486447385,26.595958488757603,24.37752179357908
2013-02-21,8908,5000,143800,28.7,28.85,28.7,28.75,0.1,5,28.654146050623655,28.452191180658012,28.01540218327805,26.660258235361855,24.41052162909924
2013-02-22,8908,4000,112800,28.3,28.3,28.1,28.2,-0.55,3,28.502764033749102,28.406338238720192,28.031454167340826,26.70622067609732,24.439121465860755
2013-02-23,8908,6000,171500,28.7,28.7,28.4,28.4,0.2,4,28.468509355832733,28.405185831680157,28.06350163105032,26.756781252930235,24.46901488875992
2013-02-25,8908,8000,224950,28.05,28.55,28.0,28.55,0.15,6,28.49567290388849,28.431515680465584,28.105805837045942,26.810310170753212,24.49981477639192
2013-02-26,8908,10000,280000,28.1,28.1,27.8,27.8,-0.75,6,28.26378193592566,28.31669464765366,28.079214025128902,26.83985315073073,24.5247218346833
2013-02-27,8908,23000,643550,27.85,28.1,27.85,28.1,0.3,7,28.209187957283774,28.27729562080754,28.08102150120465,26.877469474589514,24.551705066119656
2013-03-01,8908,8000,224500,28.1,28.1,28.0,28.1,0.0,6,28.172791971522518,28.245060053387988,28.082671805447724,26.91396292310923,24.5784846505263
2013-03-04,8908,1000,28450,28.45,28.45,28.45,28.45,0.35,1,28.265194647681678,28.2823218618629,28.114613387582704,26.959814776150747,24.607703634295913
2013-03-05,8908,4000,112250,28.05,28.1,28.05,28.05,-0.4,4,28.19346309845445,28.240081523342372,28.10899483214073,26.99235761865371,24.633683229508772
2013-03-06,8908,20000,557150,27.85,28.1,27.7,28.05,0.0,13,28.145642065636302,28.20552124637103,28.10386484673719,27.023929033022256,24.659466752304933
2013-03-07,8908,2000,56100,28.1,28.1,28.0,28.0,-0.05,2,28.0970947104242,28.168153747030843,28.094833120933956,27.05306547979771,24.68467832398565
2013-03-08,8908,2000,56100,28.0,28.1,28.0,28.1,0.1,2,28.0980631402828,28.1557621566616,28.095282414765787,27.084317256520166,24.710454336634815
2013-03-11,8908,8000,222450,28.45,28.45,27.6,28.0,-0.1,7,28.0653754268552,28.12744176454131,28.086996987394848,27.11165106975837,24.735281096358325
2013-03-12,8908,9000,252900,28.1,28.1,28.1,28.1,0.1,5,28.0769169512368,28.122452352806526,28.08812768414312,27.14115402289991,24.76067520129147
2013-03-13,8908,96000,2876300,28.5,30.05,28.5,30.05,1.95,42,28.734611300824533,28.472915561387158,28.25872527682633,27.227985246096928,24.80059463373455
2013-03-14,8908,43000,1340100,31.0,32.15,30.75,30.75,0.7,28,29.406407533883023,28.88693091386222,28.475357861450128,27.333120014870154,24.84549580631014
2013-03-15,8908,23000,709450,30.7,31.0,30.7,30.85,0.1,11,29.887605022588684,29.24385256588727,28.681848482193594,27.438101506963584,24.890812819092705
2013-03-18,8908,50000,1562700,31.0,31.6,30.9,31.2,0.35,22,30.325070015059122,29.599515735725948,28.90081817939415,27.550396984367655,24.93842932611842
2013-03-19,8908,37000,1172500,31.55,32.1,31.5,31.9,0.7,17,30.850046676706082,30.017785601957595,29.161616598577268,27.68023588035668,24.990969482147715
2013-03-20,8908,20000,642050,32.0,32.2,32.0,32.2,0.3,11,31.300031117804057,30.414551856147124,29.4258238508749,27.81515421228633,25.04537725964094
2013-03-21,8908,35000,1170750,32.3,34.45,32.3,33.0,0.8,25,31.86668741186937,30.884633336847646,29.736621776885777,27.969925728337486,25.105412148247424
2013-03-22,8908,20000,649500,32.4,32.7,32.2,32.7,-0.3,17,32.144458274579584,31.214700002875347,29.994306839765276,28.111121975252786,25.162729792411596
2013-03-25,8908,61000,1989500,32.7,33.05,32.0,32.0,-0.7,28,32.09630551638639,31.357481820534375,30.168714940655253,28.22720788643927,25.21433183171415
2013-03-26,8908,31000,1018700,32.0,33.1,32.0,33.1,1.1,15,32.43087034425759,31.674303307709945,30.423609293641753,28.372664367441082,25.27384630845593
2013-03-27,8908,16000,530100,33.1,33.3,33.0,33.3,0.2,7,32.72058022950506,31.969884524489956,30.673730224629427,28.51974901318911,25.33442105329777
2013-03-28,8908,31000,1036400,33.3,33.8,33.3,33.7,0.4,17,33.04705348633671,32.28445097458269,30.93688411813991,28.67438337100436,25.397557498178543
2013-03-29,8908,13000,437300,33.7,33.8,33.3,33.8,0.1,8,33.298035657557804,32.560005342840384,31.185850716562527,28.827386852466915,25.46097215856965
2013-04-01,8908,51000,1754300,33.8,34.8,33.8,34.8,1.0,30,33.79869043837187,32.96727709868759,31.50012456729622,29.00567381209477,25.53145538756158
2013-04-02,8908,34000,1187700,34.8,35.1,34.5,34.8,0.0,29,34.13246029224791,33.300499444380755,31.78707025709655,29.178638772927762,25.601406667655453
2013-04-03,8908,35000,1224200,34.8,35.2,34.8,35.0,0.2,19,34.421640194831944,33.609499545402436,32.066455452131635,29.35241074985529,25.672339447522205
2013-04-08,8908,94000,3194100,35.0,35.0,33.6,33.7,-1.3,37,34.181093463221295,33.62595417351108,32.20850280412019,29.4821895334417,25.732925564899396
2013-04-09,8908,62000,2115100,34.0,35.0,34.0,35.0,1.3,21,34.454062308814194,33.87578068741816,32.45124169071843,29.646900293637472,25.80286574931525
2013-04-10,8908,33000,1210250,37.3,37.3,36.1,36.45,1.45,28,35.1193748725428,34.34382056243304,32.798959804569,29.849977896812472,25.883221479509096
2013-04-11,8908,12000,449100,38.3,38.3,36.8,36.9,0.45,11,35.7129165816952,34.808580460172486,33.155571995476045,30.060426317803145,25.966366977776953
2013-04-12,8908,7000,255100,37.0,37.0,36.0,36.9,0.0,7,36.108611054463466,35.18883855832294,33.48117443065204,30.264592696376187,26.048884962850334
2013-04-15,8908,19000,687150,36.4,36.9,35.3,36.1,-0.8,15,36.105740702975645,35.3545042749915,33.70889839320404,30.438783959170927,26.12474243482882
2013-04-16,8908,40000,1502050,37.85,37.9,37.45,37.5,1.4,22,36.570493801983766,35.744594406811224,34.03855940249064,30.649566527553883,26.21059343532068
2013-04-17,8908,35000,1314900,37.5,37.8,37.1,37.1,-0.4,18,36.74699586798918,35.991031787391,34.30477162836102,30.84211678046272,26.292777635808825
2013-04-18,8908,2000,74600,37.1,37.5,37.1,37.5,0.4,2,36.99799724532612,36.265389644229,34.58261757372093,31.040859563135477,26.377360446104607
2013-04-19,8908,15000,548800,37.0,37.2,36.3,37.2,-0.3,9,37.06533149688408,36.43531879982373,34.81021604557129,31.224714501549343,26.459040744624573
2013-04-22,8908,15000,555000,37.0,37.0,37.0,37.0,-0.2,9,37.043554331256054,36.53798810894669,35.00063204160857,31.397111083592645,26.538595154099106
2013-04-23,8908,8000,295000,37.0,37.0,36.5,36.5,-0.5,4,36.862369554170705,36.531081180047295,35.13101186407739,31.549436125873463,26.613775568030434
2013-04-24,8908,7000,257450,36.6,36.85,36.6,36.85,0.35,6,36.85824636944714,36.5890664200387,35.28048909328805,31.707661913160823,26.6910300920453
2013-04-25,8908,38000,1441000,37.0,38.3,37.0,38.3,1.45,23,37.33883091296476,36.90014525275893,35.54305525908909,31.90444812470826,26.778644959275145
2013-04-26,8908,25000,997800,39.0,40.5,39.0,40.0,1.7,19,38.22588727530984,37.463755206802766,35.93061567134221,32.14610638964234,26.878428770903255
2013-04-29,8908,28000,1195550,42.8,42.8,41.5,42.7,2.7,24,39.71725818353989,38.415799714656806,36.51925778687767,32.46114798995153,26.997836855651155
2013-04-30,8908,20000,827300,42.7,43.0,40.2,41.0,-1.7,17,40.14483878902659,38.885654311991935,36.90888754454048,32.71603909472909,27.103513558627373
2013-05-02,8908,6000,247550,41.0,42.3,41.0,42.3,1.3,6,40.86322585935106,39.50644443708431,37.37767993197174,33.00212747996106,27.218204022335847
2013-05-03,8908,2000,84600,42.3,42.3,42.3,42.3,0.0,2,41.34215057290071,40.01436363034171,37.8057077639742,33.27967591339506,27.332028897638974
2013-05-06,8908,14000,588600,42.3,42.3,42.0,42.0,-0.3,10,41.561433715267135,40.37538842482504,38.170428827976444,33.53998409508476,27.44273056633604
2013-05-07,8908,31000,1307400,42.0,43.0,42.0,43.0,1.0,21,42.04095581017809,40.852590529402306,38.59039153858719,33.822372629559844,27.56014392055237
2013-05-08,8908,8000,337150,42.5,42.5,42.0,42.0,-1.0,7,42.02730387345206,41.061210433147345,38.886879230883956,34.066480909274475,27.669123966434995
2013-05-09,8908,16000,676600,42.2,42.6,42.1,42.1,0.1,15,42.05153591563471,41.25008126348419,39.16628103689405,34.306287449296136,27.77803623838643
2013-05-10,8908,22000,925050,42.1,42.1,42.0,42.0,-0.1,18,42.0343572770898,41.386430124668884,39.412691381511955,34.53595051051118,27.885371813945778
2013-05-13,8908,4000,167150,40.45,42.35,40.45,42.35,0.35,4,42.13957151805987,41.56162464745636,39.66810952225005,34.76920571915264,27.994538819123544
2013-05-14,8908,14000,589100,42.35,42.4,41.7,41.7,-0.65,14,41.99304767870658,41.586783802464296,39.844795650750044,34.97609510067047,28.097976261998085
2013-05-15,8908,9000,378300,41.7,42.75,41.65,42.75,1.05,9,42.24536511913772,41.798277656561694,40.09742211590221,35.20815196333702,28.208557573228287
2013-05-16,8908,16000,659050,41.5,42.5,40.0,42.5,-0.25,12,42.330243412758485,41.92586353718684,40.306341931910715,35.42581906890905,28.316417516071848
2013-05-17,8908,18000,730100,41.1,41.5,40.1,41.5,-1.0,15,42.053495608505656,41.84843380315287,40.41013828565761,35.60713790267296,28.415916251799608
2013-05-20,8908,12000,486400,40.5,41.1,40.3,40.3,-1.2,9,41.4689970723371,41.566900384397805,40.400561043426514,35.74722333841407,28.505607449899234
2013-05-21,8908,7000,284000,40.2,41.25,40.2,41.15,0.85,6,41.3626647148914,41.49110031450729,40.46572964834595,35.90850025368529,28.601036827635845
2013-05-22,8908,14000,565650,40.4,40.95,40.2,40.2,-0.95,8,40.9751098099276,41.256354802778695,40.442622722402824,36.03660472372454,28.688576172332933
2013-05-23,8908,7000,282750,40.25,40.5,40.25,40.4,0.2,6,40.783406539951734,41.100653929546205,40.43891639871562,36.16685532898649,28.776964276692684
2013-05-24,8908,6000,241150,40.2,40.45,40.1,40.1,-0.3,5,40.55560435996782,40.918716851446895,40.40944540752296,36.28426263259884,28.862421150076134
2013-05-27,8908,7000,280900,40.55,40.55,39.9,39.9,-0.2,6,40.33706957331188,40.733495605729274,40.36514580686879,36.39219509132723,28.945723631962352
2013-05-28,8908,4000,161050,40.2,40.45,40.2,40.45,0.55,3,40.37471304887459,40.68195095014213,40.37252443235846,36.513323596063735,29.032548359268297
2013-05-29,8908,5000,200000,40.0,40.0,40.0,40.0,-0.45,4,40.249808699249726,40.557959868298106,40.34013100345773,36.61740348871855,29.115321579198348
2013-05-30,8908,11000,440500,40.0,40.5,40.0,40.0,0.0,11,40.16653913283315,40.45651261951663,40.310554394461406,36.718376518906055,29.197470095581757
2013-05-31,8908,26000,1025050,40.0,40.0,39.0,40.0,0.0,12,40.111026088555434,40.37351032505906,40.28354966450824,36.81633542878946,29.278998623162273
2013-06-03,8908,5000,195550,38.55,40.0,38.55,40.0,0.0,3,40.07401739237029,40.3055993568665,40.25889317194231,36.911370192109175,29.359911841100672
2013-06-04,8908,35000,1360600,39.1,39.1,38.5,38.5,-1.5,16,39.54934492824686,39.977308564708956,40.1059459395995,36.958791977419345,29.42889363852633
2013-06-05,8908,7000,272200,38.7,39.0,38.7,38.9,0.4,6,39.33289661883124,39.781434280216416,40.0010810752865,37.01673848555608,29.50037368653745
2013-06-06,8908,1000,39650,39.65,39.65,39.65,39.65,0.75,1,39.43859774588749,39.757537138358884,39.97055228613115,37.09534330688277,29.5769746398466
2013-06-07,8908,9000,357800,39.75,39.8,39.75,39.75,0.1,9,39.542398497258326,39.75616674956636,39.951373826467574,37.174586790259404,29.65375218973455
2013-06-10,8908,9000,357800,39.75,39.8,39.75,39.75,0.1,9,39.61159899817222,39.75504552237248,39.93386305894865,37.25146479652032,29.7299502864158
2013-06-11,8908,2000,78000,39.0,39.0,39.0,39.0,-0.75,1,39.407732665448144,39.61776451830475,39.852657575561814,37.3036598772212,29.799912925763607
2013-06-13,8908,24000,914450,37.55,38.5,37.55,38.0,-1.0,15,38.938488443632096,39.32362551497662,39.691556916817305,37.32444614954296,29.861800375380486
2013-06-14,8908,6000,228000,38.0,38.0,38.0,38.0,0.0,4,38.6256589624214,39.08296633043542,39.544465011007105,37.34461193612376,29.923220749905916
2013-06-17,8908,10000,380050,38.05,38.05,38.0,38.0,0.0,4,38.417105974947596,38.88606336126534,39.41016370570214,37.36417575892604,29.984177574434927
2013-06-18,8908,6000,233050,39.6,39.6,38.15,38.15,0.15,6,38.32807064996506,38.7522336592171,39.30058425303239,37.3876331989581,30.045806422929758
2013-06-19,8908,6000,233500,39.9,39.9,38.5,38.95,0.8,6,38.535380433310046,38.78819117572308,39.270098665812185,37.434271013914575,30.113007883888777
2013-06-20,8908,11000,420400,38.95,38.95,38.0,38.85,-0.1,7,38.6402536222067,38.79942914377343,39.23356834704591,37.47653158066339,30.178947447029238
2013-06-21,8908,5000,194400,38.0,39.5,38.0,39.5,0.65,3,38.9268357481378,38.92680566308735,39.25673631686801,37.53693362303165,30.249295013466753
2013-06-24,8908,5000,194400,38.0,39.5,38.0,39.5,0.65,3,39.117890498758534,39.03102281525329,39.277889680618614,37.59553261935906,30.31911165487455
2013-06-25,8908,5000,194400,38.0,39.5,38.0,39.5,0.65,3,39.24526033250569,39.116291394298145,39.297203621434385,37.65238239191551,30.388401378233986
2013-06-26,8908,7000,271950,39.85,39.85,38.5,39.6,0.15,3,39.36350688833713,39.20423841351666,39.32353374130965,37.71052023096281,30.45792287726618
2013-06-27,8908,7000,271950,39.85,39.85,38.5,39.6,0.15,3,39.442337925558085,39.27619506560454,39.347574285543594,37.7669226121281,30.526919685739646
2013-06-28,8908,6000,235650,40.4,40.4,39.0,39.2,0.2,6,39.361558617038725,39.262341417312804,39.334741738974586,37.80970104161681,30.592376895658592
2013-07-01,8908,4000,157700,39.7,39.7,39.2,39.55,0.35,4,39.42437241135915,39.314642977801384,39.35345984862897,37.86165026425512,30.659981598332866
2013-07-02,8908,4000,157700,39.7,39.7,39.2,39.55,0.35,4,39.46624827423943,39.35743516365568,39.37055029657428,37.912048763829596,30.727076076836013
2013-07-03,8908,3000,117000,39.0,39.0,39.0,39.0,-0.4,1,39.31083218282629,39.29244695208192,39.338328531654774,37.94452492013319,30.78951323852027
2013-07-04,8908,6000,234000,39.0,39.0,39.0,39.0,0.0,2,39.20722145521753,39.23927477897612,39.308908659336964,37.97603163893518,30.85147917634276
2013-07-05,8908,2000,77800,38.9,38.9,38.9,38.9,-0.1,2,39.10481430347835,39.177588455525914,39.27335138461201,38.00361278404159,30.912222729728853
2013-07-08,8908,2000,77800,38.9,38.9,38.9,38.9,-0.1,2,39.03654286898556,39.127117827248476,39.24088604681966,38.03037061138364,30.9725078412026
2013-07-09,8908,2000,77800,38.9,38.9,38.9,38.9,-0.1,2,38.99102857932371,39.08582367683966,39.21124378187882,38.05632969761099,31.032337970702958
2013-07-10,8908,31000,1209500,38.95,39.1,38.95,39.0,0.1,14,38.99401905288247,39.07021937195972,39.19287475736762,38.08449896036887,31.092471269037276
2013-07-11,8908,18000,705200,39.0,39.4,39.0,39.4,0.4,8,39.12934603525498,39.13017948614886,39.2108856480313,38.12376764811905,31.155169599082278
2013-07-12,8908,17000,667800,39.3,39.4,39.2,39.4,0.0,9,39.219564023503324,39.179237761394525,39.22733037428945,38.1618641362349,31.217394734183543
2013-07-15,8908,4000,157900,39.4,39.6,39.4,39.5,0.1,3,39.31304268233555,39.2375581684137,39.25104077652515,38.20180849037714,31.2799049626048
2013-07-16,8908,1000,39500,39.5,39.5,39.5,39.5,0.0,1,39.3753617882237,39.28527486506575,39.2726894046534,38.24056047573902,31.341943415717218
2013-07-17,8908,5000,197500,39.5,39.5,39.5,39.5,0.0,5,39.4169078588158,39.32431579869016,39.29245554337919,38.27815568541845,31.403513654089164
2013-07-18,8908,4000,158100,39.5,39.6,39.5,39.5,0.0,3,39.44460523921053,39.356258380746496,39.310502887433174,38.31462865003282,31.464619211416792
2013-07-19,8908,3000,118500,39.5,39.5,39.5,39.5,0.0,3,39.46307015947369,39.38239322061077,39.326980897221596,38.35001286943483,31.525263594726855
2013-07-22,8908,22000,886600,39.6,41.0,39.6,41.0,1.5,11,39.97538010631579,39.67650354413609,39.472460819202325,38.429116962884535,31.596771039294953
2013-07-23,8908,8000,324000,40.5,40.5,40.5,40.5,-0.5,3,40.150253404210524,39.82623017247498,39.56181205231517,38.490934366977534,31.663965220130464
2013-07-24,8908,4000,161500,40.5,40.5,40.0,40.0,-0.5,3,40.10016893614035,39.85782468657044,39.59991535211385,38.535981102291636,31.726878690167215
2013-07-25,8908,9000,360000,40.0,40.0,40.0,40.0,0.0,7,40.06677929076023,39.883674743557634,39.634705321495254,38.579683158939645,31.789317341562178
2013-07-26,8908,17000,697750,40.95,41.2,40.95,41.2,1.2,11,40.44451952717349,40.12300660836534,39.770817902234796,38.65790157210562,31.86034136162586
2013-07-29,8908,14000,576500,41.2,41.5,40.5,40.5,-0.7,8,40.46301301811566,40.19155086138982,39.8342250411709,38.71288958487859,31.925546332481513
2013-07-30,8908,7000,284000,40.5,41.0,40.5,40.5,0.0,7,40.47534201207711,40.24763252295531,39.89211851585169,38.76623616443445,31.990259190349576
2013-07-31,8908,2000,82500,41.95,41.95,40.55,40.55,0.05,2,40.5002280080514,40.30260842787252,39.949325601429805,38.81948284609312,32.0548610077809
2013-08-01,8908,17000,692550,40.55,41.4,40.5,41.4,0.85,14,40.8001520053676,40.50213416825933,40.075471201305476,38.896513208896316,32.12539035866557
2013-08-02,8908,16000,649250,40.7,41.35,40.1,41.35,-0.05,15,40.98343467024507,40.65629159221218,40.18629979249631,38.96975162057105,32.195010054071865
2013-08-05,8908,8000,326650,41.35,41.35,40.5,41.0,-0.35,7,40.988956446830045,40.71878402999178,40.257056332279234,39.030356049807736,32.261462808380756
2013-08-06,8908,5000,203400,40.85,40.85,40.5,40.5,-0.5,4,40.82597096455336,40.67900511544782,40.27818186860278,39.07422601847019,32.32364044756279
2013-08-07,8908,23000,936450,40.5,40.9,40.5,40.9,0.4,14,40.85064730970224,40.71918600354822,40.332253010463404,39.12872673433675,32.38836768946798
2013-08-08,8908,6000,243900,40.55,40.9,40.5,40.9,0.0,5,40.86709820646816,40.75206127563036,40.38162231390137,39.18160056316252,32.45260642388708
2013-08-09,8908,18000,744850,41.0,41.95,40.75,41.8,0.9,14,41.17806547097877,40.94259558915211,40.5049595039969,39.25976174038155,32.52315279049925
2013-08-12,8908,21000,860550,40.85,41.75,40.55,41.75,-0.05,11,41.36871031398585,41.08939639112445,40.61322389495369,39.33409721081792,32.59278937321247
2013-08-13,8908,10000,410450,41.5,41.5,40.75,41.45,-0.3,9,41.395806875990566,41.15496068364728,40.68598703452294,39.39725848810694,32.65963624586747
2013-08-14,8908,25000,1040850,41.5,42.25,41.15,41.95,0.5,17,41.58053791732704,41.2995132866205,40.795901205433985,39.47345972726793,32.729752198728846
2013-08-15,8908,45000,1887150,41.8,42.1,41.35,42.1,0.15,32,41.75369194488469,41.44505632541677,40.90930110061364,39.55186391451366,32.800471050059194
2013-08-16,8908,49000,2056700,42.0,42.3,41.6,42.2,0.1,25,41.9024612965898,41.58231881170463,41.021535787516804,39.63091275288639,32.87141089119082
2013-08-19,8908,65000,2708100,41.8,42.05,41.0,41.5,-0.7,34,41.76830753105987,41.56735175503106,41.063141371210996,39.68670640205396,32.93653231842712
2013-08-20,8908,16000,663100,41.25,41.6,41.25,41.6,0.1,12,41.71220502070658,41.57328779957087,41.10982473023613,39.74381964378369,33.00191698017484
2013-08-22,8908,74000,3116200,41.8,42.3,41.8,42.3,0.7,42,41.90813668047105,41.70541729055798,41.21331823195472,39.82012353501403,33.07209119164522
2013-08-23,8908,48000,1750350,36.2,37.1,36.0,37.1,0.0,44,40.30542445364737,40.86806869227471,40.85563838569779,39.73892581755092,33.102490503406386
2013-08-26,8908,26000,1003650,37.1,39.5,37.1,39.5,2.4,25,40.03694963576491,40.61932893004295,40.73775678694146,39.73179370359418,33.15077359394672
2013-08-27,8908,31000,1218150,39.5,39.65,38.6,39.5,0.0,18,39.85796642384327,40.41581457912605,40.63012576199003,39.72487448856152,33.19869228380372
2013-08-28,8908,7000,272600,39.0,39.3,38.7,39.3,-0.2,6,39.671977615895514,40.21293920110313,40.514462652251765,39.71219166800744,33.24473988920898
2013-08-29,8908,15000,590600,39.3,39.5,38.9,39.3,0.0,15,39.547985077263675,40.04695025544802,40.408857204229875,39.6998874391117,33.29043996551684
2013-08-30,8908,9000,358050,39.3,40.0,39.3,40.0,0.7,9,39.69865671817578,40.03841384536656,40.37330440386206,39.708846023018815,33.34107815445633
2013-09-02,8908,15000,593300,40.0,40.0,39.2,39.5,-0.5,14,39.63243781211719,39.94052041893628,40.29736489048275,39.702611813376464,33.387560583479306
2013-09-03,8908,12000,478250,39.5,40.0,39.4,40.0,0.5,11,39.75495854141146,39.95133488822059,40.27150707391903,39.71148907267866,33.43746578662286
2013-09-04,8908,8000,319800,40.0,40.0,39.9,39.9,-0.1,4,39.80330569427431,39.942001272180484,40.23920211096955,39.717116264539,33.486239629742684
2013-09-05,8908,30000,1200650,39.9,40.45,39.9,40.45,0.55,9,40.01887046284954,40.03436467723858,40.25753236218959,39.73899339097067,33.53879631178236
2013-09-06,8908,12000,479600,40.2,40.2,39.8,40.2,-0.25,12,40.079246975233026,40.064480190467926,40.25252954808615,39.75275478228498,33.58906954716514
2013-09-09,8908,5000,200250,40.2,40.45,39.8,40.45,0.25,5,40.20283131682202,40.13457470129194,40.269700891730835,39.773568072366025,33.64085015435634
2013-09-10,8908,5000,202950,40.5,40.8,40.5,40.65,0.2,5,40.35188754454801,40.22828839196613,40.30277037940642,39.799730219459576,33.69374939847441
2013-09-11,8908,11000,442750,40.55,40.8,39.9,40.8,0.15,11,40.50125836303201,40.3322359570632,40.34600773771891,39.82958901887869,33.74738147848592
2013-09-12,8908,8000,325500,40.6,40.85,40.3,40.85,0.05,8,40.61750557535467,40.426374873960796,40.38983315183031,39.8600490481659,33.80098614657282
2013-09-13,8908,7000,282600,40.85,40.85,40.0,40.85,0.0,5,40.695003716903116,40.50339762414974,40.4298476603668,39.889599822847515,33.85418625112698
2013-09-14,8908,4000,163600,40.9,40.9,40.9,40.9,0.05,4,40.763335811268746,40.57550714703161,40.47073047250882,39.9197610221655,33.907362203948665
2013-09-16,8908,10000,402750,40.9,40.9,40.0,40.75,-0.15,8,40.75889054084583,40.60723312029859,40.495014779247185,39.94454427523519,33.95900475335283
2013-09-17,8908,5000,202650,40.85,40.85,40.05,40.8,0.05,5,40.77259369389722,40.642281643880665,40.52153523322569,39.97008026701921,34.01063490615771
2013-09-18,8908,7000,283450,40.8,40.85,40.2,40.85,0.05,5,40.798395795931484,40.680048617720544,40.55009738685824,39.99634652770521,34.06225275592256
2013-09-23,8908,4000,163500,40.85,40.9,40.85,40.9,0.05,4,40.832263863954324,40.72003977813499,40.58052370104448,40.02332125822147,34.1138583955005
2013-09-24,8908,7000,286900,41.0,41.0,40.9,40.9,0.0,6,40.85484257596955,40.75275981847408,40.60830424877974,40.04949077290143,34.16507455855333
2013-09-25,8908,9000,368500,41.0,41.0,40.5,40.5,-0.4,8,40.73656171731303,40.70680348784243,40.598886488016284,40.06293880953124,34.212885316601984
2013-09-26,8908,4000,162600,40.5,40.8,40.5,40.8,0.3,4,40.75770781154202,40.72374830823471,40.61637461949313,40.0849406361124,34.26259938968423
2013-09-27,8908,5000,201800,40.8,40.9,39.9,40.9,0.1,5,40.805138541028015,40.75579407037385,40.641037696058945,40.1092707663777,34.31269297919605
2013-09-30,8908,4000,163700,40.9,41.0,40.9,41.0,0.1,4,40.87009236068534,40.800195148487695,40.67225180944512,40.13585969872463,34.363163220862496
2013-10-01,8908,4000,162550,41.0,41.0,40.1,40.1,-0.9,4,40.61339490712356,40.67288693967175,40.62249078253685,40.13478925995673,34.406460102214474
2013-10-02,8908,4000,160600,40.1,40.3,40.1,40.3,0.2,4,40.508929938082375,40.60508931427688,40.59444810579451,40.139720923838624,34.45093964861285
2013-10-03,8908,7000,281500,40.4,40.4,40.0,40.35,0.05,7,40.455953292054915,40.55870943895381,40.573191748768906,40.145997911186726,34.495460858812
2013-10-04,8908,7000,280200,40.15,40.15,39.95,40.0,-0.35,7,40.303968861369945,40.45712590459858,40.52334898800639,40.141639764584134,34.53700455044361
2013-10-07,8908,3000,121450,40.5,40.5,40.45,40.5,0.5,3,40.36931257424663,40.46492119467156,40.521318641223225,40.15233708504431,34.58200828968555
2013-10-08,8908,4000,160000,40.0,40.0,40.0,40.0,-0.5,4,40.246208382831085,40.38039006836764,40.47598658546468,40.147789709371345,34.62289879315962
2013-10-09,8908,6000,239300,40.0,40.05,39.75,40.05,0.05,5,40.18080558855406,40.32031914684625,40.438944273685145,40.14487061356922,34.66385804755087
2013-10-11,8908,20000,794300,40.2,40.5,39.5,39.6,-0.45,15,39.987203725702706,40.189352029237845,40.36599259771253,40.128605819134314,34.701111949078786
2013-10-14,8908,16000,624200,39.2,39.5,38.5,39.5,-0.1,16,39.824802483801804,40.064015296649146,40.29068889356361,40.10984146632433,34.737329972104604
2013-10-15,8908,5000,196700,39.3,39.5,39.3,39.5,0.0,5,39.7165349892012,39.961467060894755,40.221933337601556,40.09163724344898,34.77327465156042
2013-10-16,8908,23000,907550,39.2,39.7,39.2,39.7,0.2,12,39.71102332613413,39.91392759527753,40.17654782998403,40.07994657946543,34.81045748437883
2013-10-17,8908,36000,1444950,40.0,40.55,40.0,40.0,0.3,16,39.80734888408942,39.92957712340888,40.16119584476803,40.07756011440676,34.84962384298729
2013-10-18,8908,8000,317800,39.8,39.8,39.7,39.7,-0.3,6,39.77156592272628,39.88783582824363,40.12109185826646,40.066289663230435,34.88623045549305
2013-10-21,8908,4000,159000,39.8,39.8,39.7,39.7,0.0,2,39.74771061515086,39.85368385947206,40.084475174938945,40.05535564343251,34.92256079167801
2013-10-22,8908,18000,709900,39.8,39.8,39.3,39.3,-0.4,16,39.59847374343391,39.75301406684078,40.01625994233556,40.032807713777814,34.95559806872195
2013-10-23,8908,8000,316000,39.4,39.6,39.4,39.5,0.2,5,39.56564916228927,39.70701150923336,39.97136777343682,40.01690300590385,34.9898954417882
2013-10-24,8908,7000,276500,39.5,39.5,39.5,39.5,0.0,6,39.54376610819285,39.66937305300911,39.930379271398834,40.00147306542911,35.023933966755834
2013-10-25,8908,9000,355700,39.5,39.55,39.5,39.55,0.05,7,39.54584407212857,39.64766886155291,39.897302813016324,39.987996257505856,35.05809295568598
2013-10-28,8908,20000,796750,39.6,40.0,39.5,39.6,0.05,12,39.56389604808571,39.639001795816014,39.871450394493166,39.97641427966986,35.09237149941665
2013-10-29,8908,6000,239950,39.6,40.2,39.6,40.2,0.6,4,39.775930698723805,39.74100146930401,39.9000199254068,39.98308848027673,35.1309196390437
2013-10-30,8908,5000,201200,40.2,40.3,40.2,40.3,0.1,4,39.95062046581587,39.84263756579419,39.93480080145839,39.9925485256416,35.1699315662962
2013-10-31,8908,1000,40300,40.3,40.3,40.3,40.3,0.0,1,40.06708031054391,39.92579437201343,39.966557253505485,40.0017261815926,35.20864906390906
2013-11-01,8908,17000,686300,40.3,40.6,40.3,40.3,0.0,9,40.14472020702927,39.993831758920074,39.99555227493979,40.01062987766446,35.247074353992765
2013-11-04,8908,5000,201300,40.3,40.3,40.2,40.2,-0.1,4,40.163146804686185,40.03131689366188,40.013330337988506,40.016282717137166,35.28445492490603
2013-11-05,8908,6000,242250,40.3,40.95,40.2,40.95,0.75,3,40.42543120312413,40.198350185723356,40.09477987381559,40.04415487483456,35.327213755661454
2013-11-06,8908,5000,200600,40.2,40.2,40.0,40.0,-0.95,2,40.28362080208275,40.16228651559184,40.08653814565771,40.04283681886935,35.36248006693948
2013-11-07,8908,7000,283200,40.4,40.5,40.4,40.5,0.5,4,40.3557472013885,40.223688967302415,40.12249135038313,40.05648348099265,35.401253802283335
2013-11-08,8908,8000,323850,40.45,40.5,40.45,40.5,0.0,6,40.40383146759233,40.273927336883794,40.15531818948025,40.069722780067494,35.43973490566233
2013-11-11,8908,32000,1290950,40.5,40.6,40.2,40.2,-0.3,18,40.335887645061554,40.260486002904926,40.15920356430805,40.07361165230429,35.4756614346762
2013-11-12,8908,31000,1254050,40.5,40.6,40.25,40.5,0.3,15,40.39059176337437,40.30403400237676,40.18883803697692,40.086339662683265,35.513580971018264
2013-11-13,8908,23000,930450,40.5,40.6,40.2,40.5,0.0,17,40.427061175582914,40.33966418376281,40.215895598978925,40.09868773245391,35.55121432218039
2013-11-14,8908,16000,644900,40.5,40.5,40.2,40.3,-0.2,10,40.38470745038861,40.332452513987754,40.223209025154674,40.104697053873196,35.58705421408847
2013-11-15,8908,17000,690000,40.5,40.6,40.5,40.6,0.3,11,40.45647163359241,40.38109751144452,40.25597345774992,40.11948221644415,35.62488776718969
2013-11-18,8908,6000,243600,40.6,40.6,40.6,40.6,0.0,5,40.50431442239494,40.420897963909155,40.285888809249926,40.13382603087865,35.66243578404109
2013-11-19,8908,130000,5227600,40.0,40.6,40.0,40.2,-0.4,36,40.402876281596626,40.380734697743854,40.27842021714124,40.13580137324048,35.6966815517087
2013-11-20,8908,52000,2081500,40.0,40.15,40.0,40.0,-0.2,24,40.268584187731086,40.31151020724497,40.25420976347678,40.131747600904944,35.72915942679014
2013-11-21,8908,16000,642950,40.05,40.2,40.05,40.2,0.2,4,40.245722791820725,40.291235624109525,40.24949587100054,40.13378498595256,35.7629016197955
2013-11-22,8908,13000,520850,40.0,40.2,40.0,40.2,0.0,5,40.23048186121382,40.27464732881688,40.24519188221789,40.135761553536064,35.79638915474044
2013-11-25,8908,5000,200000,40.0,40.0,40.0,40.0,-0.2,3,40.15365457414254,40.22471145085018,40.22387084898155,40.13170896984842,35.828114519610324
2013-11-26,8908,3000,120050,40.0,40.05,40.0,40.05,0.05,2,40.11910304942836,40.192945732513785,40.208751644722284,40.1292698961216,35.859977806254776
2013-11-27,8908,3000,121150,41.0,41.0,40.05,40.05,0.0,3,40.096068699618904,40.16695559932946,40.19494715387687,40.12690363056573,35.891600615264174
2013-11-28,8908,10000,407600,40.05,41.0,40.05,40.5,0.45,7,40.230712466412605,40.22750912672411,40.22147348832236,40.13804083562347,35.926380987979165
2013-11-29,8908,17000,697000,41.0,41.0,41.0,41.0,0.5,7,40.48714164427507,40.36796201277427,40.289171445859544,40.16377095993322,35.96467245222083
2013-12-02,8908,20000,818500,41.0,41.0,40.5,40.5,-0.5,10,40.491427762850044,40.391968919542585,40.30750436361089,40.17380764769641,35.99890133937388
2013-12-03,8908,4000,164000,41.0,41.0,41.0,41.0,0.5,3,40.66095184190003,40.502520025080294,40.367721375470815,40.198470105974124,36.0366454802088
2013-12-04,8908,8000,327550,41.0,41.0,40.55,40.55,-0.45,4,40.62396789460002,40.51115274779297,40.383571690647265,40.20896353564654,36.07070853318835
2013-12-05,8908,13000,533000,41.0,41.0,41.0,41.0,0.45,6,40.749311929733345,40.60003406637607,40.437174152330115,40.23257656443321,36.107910732937874
2013-12-06,8908,11000,462800,40.9,43.8,40.8,40.8,-0.2,8,40.766207953155565,40.636391508853144,40.46872422604054,40.2495145774352,36.143322727406265
2013-12-09,8908,11000,462800,40.9,43.8,40.8,40.8,-0.2,8,40.77747196877038,40.66613850724348,40.497530815080495,40.26594697810877,36.17846746153905
2013-12-10,8908,5000,204000,40.8,40.8,40.8,40.8,0.0,1,40.78498131251359,40.69047696047194,40.52383248333437,40.281888859359256,36.21334695239536
2013-12-11,8908,9000,366800,41.5,41.5,40.0,40.7,-0.1,8,40.75665420834239,40.69220842220432,40.539151397827034,40.294369788930624,36.24720848483011
2013-12-12,8908,8000,325550,40.65,40.7,40.65,40.7,0.0,4,40.73776947222826,40.69362507271262,40.553138232798595,40.30647815344016,36.280814458529505
2013-12-13,8908,17000,693000,40.5,41.0,40.5,41.0,0.3,7,40.82517964815217,40.74932960494669,40.59199577777263,40.32718029811359,36.31643095318211
2013-12-16,8908,3000,121300,40.3,40.5,40.3,40.5,-0.5,3,40.71678643210145,40.703996949501835,40.583996144922835,40.33233909518483,36.348005059195835
2013-12-17,8908,6000,243500,41.0,41.0,40.5,40.5,0.0,4,40.644524288067636,40.66690659504695,40.57669213232085,40.33734389831364,36.379340870069825
2013-12-18,8908,9000,364950,40.5,40.95,40.5,40.95,0.45,2,40.74634952537843,40.71837812322023,40.60915368603208,40.35563214015502,36.41383641067307
2013-12-19,8908,2000,81950,40.95,41.0,40.95,41.0,0.05,2,40.83089968358562,40.76958210081656,40.64314032202929,40.37486700164293,36.44844896606422
2013-12-20,8908,3000,123000,41.0,41.0,41.0,41.0,0.0,2,40.88726645572375,40.81147626430445,40.67417159837457,40.39352768816106,36.48280029462222
2013-12-23,8908,3000,123000,41.0,41.0,41.0,41.0,0.0,2,40.92484430381583,40.84575330715819,40.70250450286374,40.41163133926073,36.516892367870355
2013-12-24,8908,2000,82000,41.0,41.0,41.0,41.0,0.0,2,40.94989620254389,40.87379816040215,40.72837367652776,40.42919458286489,36.550727142452466
2013-12-25,8908,2000,82000,41.0,41.0,41.0,41.0,0.0,2,40.96659746836259,40.89674394941994,40.75199335682969,40.44623355054056,36.58430656024528
2013-12-26,8908,4000,164000,41.0,41.0,41.0,41.0,0.0,3,40.97773164557506,40.91551777679813,40.77355915188798,40.46276389231547,36.61763254846984
2013-12-27,8908,3000,123250,41.0,41.2,41.0,41.2,0.2,3,41.051821097050045,40.96724181738029,40.81064096476729,40.484770940306056,36.65221645376441
2013-12-30,8908,11000,453200,41.2,41.2,41.2,41.2,0.0,3,41.10121406470003,41.00956148694751,40.844498272178825,40.50612106149095,36.68653934845298
2013-12-31,8908,11000,453200,41.2,41.2,41.2,41.2,0.0,3,41.134142709800024,41.044186671138874,40.8754114659024,40.52683386562555,36.72060320242692
2014-01-02,8908,12000,493200,41.0,41.2,41.0,41.2,0.0,6,41.156095139866686,41.07251636729544,40.90363655582393,40.54692837709941,36.75440997071049
2014-01-03,8908,5000,205250,41.05,41.05,41.05,41.05,-0.15,3,41.120730093244454,41.068422482332636,40.91636381183924,40.56194544046958,36.78682951810136
2014-01-06,8908,1000,43650,43.65,43.65,43.65,43.65,2.6,1,41.96382006216297,41.53780021281761,41.154071306461915,40.65412617358989,36.83862703117229
2014-01-07,8908,1000,42500,42.5,42.5,42.5,42.5,-1.15,1,42.14254670810865,41.712745628668955,41.27110858416088,40.70922688482601,36.88135437433325
2014-01-08,8908,1000,42500,42.5,42.5,42.5,42.5,0.0,1,42.26169780540577,41.85588278709278,41.377968707277326,40.7626827987118,36.92375924697979
2014-01-09,8908,1000,42500,42.5,42.5,42.5,42.5,0.0,1,42.34113187027051,41.972995007621364,41.47553664577495,40.814543013675625,36.96584408285164
2014-01-10,8908,3000,125850,42.4,42.4,41.15,42.3,-0.15,3,42.327421246847,42.032450460781114,41.54722911135974,40.8588850132674,37.00610186335842
2014-01-13,8908,3000,125850,42.4,42.4,41.15,42.3,-0.15,3,42.318280831231334,42.08109583154818,41.612687449502374,40.90190337108031,37.046055811559484
2014-01-14,8908,1000,41350,41.35,41.35,41.35,41.35,-0.95,1,41.995520554154226,41.94816931672124,41.58984506258913,40.91527938985403,37.07853840920809
2014-01-15,8908,1000,43800,43.8,43.8,43.8,43.8,2.45,1,42.59701370276948,42.284865804590105,41.78203244845094,41.00139045284346,37.12926642121407
2014-01-16,8908,1000,43800,43.8,43.8,43.8,43.8,2.45,1,42.99800913517965,42.56034474921009,41.957507887716076,41.08493103634067,37.179611580299245
2014-01-17,8908,1000,43800,43.8,43.8,43.8,43.8,2.45,1,43.2653394234531,42.78573661299007,42.11772459313207,41.16597787107677,37.229576775919625
2014-01-20,8908,2000,87300,43.9,43.9,43.4,43.4,1.0,2,43.31022628230207,42.89742086517369,42.22922680242493,41.232665098805825,37.276146007799476
2014-01-21,8908,63000,2796200,43.4,46.4,42.5,42.5,-0.9,47,43.040150854868045,42.8251625260512,42.252772297866244,41.27049599137879,37.31557132094816
2014-01-22,8908,12000,496050,43.1,43.1,41.05,41.05,-1.45,10,42.376767236578694,42.5024057031328,42.14818340239962,41.26391402148688,37.34375568833723
2014-01-23,8908,5000,208950,42.7,42.7,41.25,41.25,0.2,5,42.00117815771913,42.27469557529047,42.07008049784313,41.2634986775619,37.37323677748186
2014-01-24,8908,4000,166850,41.8,41.85,41.6,41.6,0.35,4,41.867452105146086,42.15202365251039,42.02920393281329,41.273543493157064,37.405136877274444
2014-01-27,8908,9000,373050,41.3,41.7,41.3,41.45,-0.15,7,41.72830140343073,42.02438298841759,41.97883837343822,41.278810851570285,37.435664146125205
2014-02-05,8908,3000,124650,41.55,41.55,41.55,41.55,0.1,3,41.66886760228715,41.93813153597803,41.94154808009577,41.28690605003087,37.466715737475205
2014-02-06,8908,1000,43750,43.75,43.75,43.75,43.75,2.2,1,42.362578401524765,42.26756216580021,42.0988047687831,41.360431242567266,37.514136750777276
2014-02-07,8908,5000,209650,41.7,42.35,41.7,42.35,-1.4,5,42.35838560101651,42.282550862927444,42.120647832367176,41.38997060846078,37.55063383190348
2014-02-10,8908,3000,128550,42.35,43.85,42.35,43.85,1.5,3,42.85559040067767,42.56754161512245,42.27102628172655,41.46340432164105,37.598176218077796
2014-02-11,8908,3000,128550,42.35,43.85,42.35,43.85,1.5,3,43.18706026711845,42.80071586691837,42.40832834418511,41.534645983681614,37.64535979379042
2014-02-12,8908,7000,294500,42.0,42.5,42.0,42.5,-0.5,3,42.95804017807897,42.74604025475139,42.41629979251684,41.563462521482165,37.68199858779955
2014-02-13,8908,11000,462600,42.1,42.4,42.0,42.4,-0.1,6,42.772026785385975,42.68312384479659,42.4148824192545,41.58843378949762,37.71760614562748
2014-02-14,8908,16000,672700,42.0,42.2,42.0,42.1,-0.3,8,42.548017856923984,42.57710132756085,42.38750133931933,41.60370442264695,37.75068081622651
2014-02-17,8908,5000,211200,42.5,42.6,42.0,42.6,0.5,5,42.56534523794932,42.58126472254978,42.40597948372634,41.6334445891351,37.78727945157575
2014-02-18,8908,5000,215400,43.4,43.4,43.0,43.0,0.4,4,42.71023015863288,42.65739840935891,42.457633441663184,41.67423728796689,37.826620738733666
2014-02-19,8908,1000,45500,45.5,45.5,45.5,45.5,2.5,1,43.640153439088586,43.17423506220275,42.722187055431604,41.78843915996788,37.88453303504511
2014-02-20,8908,1000,45500,45.5,45.5,45.5,45.5,2.5,1,44.260102292725726,43.59710141452952,42.96373600713321,41.89923202086436,37.942008257422124
2014-02-21,8908,2000,87300,43.0,44.3,43.0,44.3,-0.5,2,44.27340152848382,43.72490115734233,43.079932876078146,41.970896736659455,37.989993100762334
2014-02-24,8908,1000,43800,43.8,43.8,43.8,43.8,-0.5,1,44.11560101898921,43.738555492371,43.14254740859309,42.025496834072605,38.033842209435825
2014-02-25,8908,2000,86000,43.0,43.0,43.0,43.0,-0.8,2,43.74373401265947,43.60427267557627,43.13015198175891,42.05458648081671,38.071322645591025
2014-02-26,8908,10000,430000,43.0,43.0,43.0,43.0,0.0,7,43.49582267510632,43.49440491638058,43.1188344181277,42.08280777989681,38.10852021052996
2014-02-27,8908,5000,215500,43.1,43.1,43.1,43.1,0.1,5,43.36388178340421,43.42269493158411,43.11719664263833,42.113171726765565,38.146191756110866
2014-03-03,8908,6000,258200,43.1,43.1,43.0,43.0,-0.1,3,43.24258785560281,43.345841307659725,43.107005630235,42.13964421253376,38.182824271159085
2014-03-04,8908,7000,301000,43.0,43.0,43.0,43.0,0.0,4,43.16172523706854,43.282961069903415,43.09770079282326,42.16532647484618,38.21918031439562
2014-03-05,8908,12000,516000,43.0,43.0,43.0,43.0,0.0,6,43.10781682471236,43.23151360264825,43.08920507170819,42.19024210246271,38.255261972400184
2014-03-06,8908,8000,344000,43.0,43.0,43.0,43.0,0.0,6,43.071877883141575,43.189420220348566,43.08144810895096,42.21441398000114,38.29107131600471
2014-03-07,8908,2000,85700,43.2,43.2,42.5,42.5,-0.5,2,42.881251922094386,43.0640710893761,43.030887403824785,42.222938935822,38.32283681550656
2014-03-10,8908,90000,3661250,42.5,43.0,39.55,40.5,-2.0,52,42.08750128139626,42.59787634585317,42.810810238274804,42.17150792281239,38.33926823576689
2014-03-11,8908,13000,538650,40.5,42.7,40.5,42.7,2.2,10,42.29166752093084,42.616444282970775,42.801174565381345,42.18728380571351,38.372179418893175
2014-03-12,8908,13000,538650,40.5,42.7,40.5,42.7,2.2,10,42.42777834728722,42.63163623152155,42.79237677708731,42.20258876673699,38.40484221573172
2014-03-13,8908,6000,253750,42.0,42.35,42.0,42.35,-0.1,4,42.40185223152481,42.580429643972174,42.75390923125364,42.20698910205827,38.43461699146204
2014-03-14,8908,2000,85600,42.8,42.8,42.8,42.8,0.45,1,42.53456815434988,42.620351526886324,42.757917124188104,42.22469091990728,38.467563278318934
2014-03-17,8908,2000,85600,42.8,42.8,42.8,42.8,0.45,1,42.62304543623325,42.65301488563426,42.76157650469349,42.24186432528318,38.500260913954264
2014-03-18,8908,2000,85600,42.8,42.8,42.8,42.8,0.45,1,42.68203029082216,42.679739451882575,42.7649176781984,42.25852509169264,38.532711774981024
2014-03-19,8908,15000,619000,41.1,41.7,41.0,41.7,-0.9,12,42.35468686054811,42.50160500608575,42.67231614096376,42.24185270089585,38.55661583705664
2014-03-20,8908,15000,619000,41.1,41.7,41.0,41.7,-0.9,12,42.136457907032074,42.355858641342884,42.58776691131474,42.22567799340642,38.58033949111659
2014-03-21,8908,6000,254200,44.2,44.2,42.0,42.0,0.3,4,42.09097193802138,42.291157070189634,42.536656745113454,42.21894133688683,38.6061482496742
2014-03-24,8908,9000,375200,42.2,42.2,41.0,41.5,-0.5,8,41.89398129201425,42.14731033015516,42.44651268032098,42.19748040145737,38.6279886402427
2014-03-25,8908,3000,126150,42.05,42.05,42.05,42.05,0.55,2,41.9459875280095,42.12961754285422,42.41203331681481,42.193078001413866,38.65381514107106
2014-03-26,8908,3000,126150,42.05,42.05,42.05,42.05,0.55,2,41.98065835200634,42.11514162597163,42.38055215883091,42.188807016297034,38.67944672491203
2014-03-27,8908,3000,124600,41.8,41.8,41.3,41.3,-0.75,3,41.75377223467089,41.96693405761315,42.28659110154126,42.162275463571746,38.69922448547874
2014-03-28,8908,12000,495550,41.5,41.5,41.2,41.4,0.1,8,41.63584815644726,41.86385513804712,42.20949622314637,42.139520972121844,38.71960769690909
2014-03-31,8908,5000,207500,41.4,41.55,41.4,41.55,0.15,3,41.60723210429817,41.806790567493096,42.15214872548147,42.12192333116298,38.74096914825317
2014-04-01,8908,27000,1107900,41.15,41.5,41.0,41.5,-0.05,11,41.571488069532116,41.751010464312536,42.09544014065699,42.10335845560588,38.76179202260598
2014-04-02,8908,22000,908300,41.7,41.8,41.2,41.8,0.3,10,41.64765871302141,41.75991765261935,42.06974969364334,42.09430297931914,38.78472189413348
2014-04-03,8908,3000,124200,41.4,41.4,41.4,41.4,-0.4,3,41.56510580868094,41.69447807941583,42.011510589848264,42.07357751724991,38.80445984210229
2014-04-07,8908,3000,124200,41.4,41.4,41.4,41.4,-0.4,3,41.510070539120626,41.64093661043113,41.95833575594841,42.05347072569021,38.82404882442604
2014-04-08,8908,3000,124200,41.4,41.4,41.4,41.4,-0.4,3,41.47338035941375,41.59712995398911,41.90978482064855,42.03396413686364,38.84348996537377
2014-04-09,8908,1000,41600,41.6,41.6,41.6,41.6,0.2,1,41.515586906275836,41.597651780536545,41.88284701015737,42.02100998352442,38.864293814691706
2014-04-10,8908,4000,166100,41.6,41.6,41.5,41.5,-0.1,3,41.510391270850555,41.57989691134808,41.84955596579586,42.0054574467028,38.88418593684498
2014-04-11,8908,4000,164800,41.0,41.3,41.0,41.3,-0.2,3,41.4402608472337,41.529006563830244,41.80176849050926,41.98439901545794,38.902418495812185
2014-04-14,8908,1000,41600,41.6,41.6,41.6,41.6,0.3,1,41.49350723148913,41.541914461315656,41.78422340437802,41.97292441798158,38.922777601504166
2014-04-15,8908,6000,250750,41.65,41.85,41.65,41.85,0.25,4,41.61233815432609,41.59793001380372,41.78994310834515,41.96925503237019,38.94486984602111
2014-04-16,8908,19000,796950,41.85,42.0,41.85,41.95,0.1,7,41.72489210288406,41.66194273856668,41.80386109892383,41.96868025528452,38.96755007359831
2014-04-17,8908,2000,84000,42.0,42.0,42.0,42.0,0.05,2,41.81659473525604,41.72340769519092,41.82091665553915,41.96961517303722,38.99043648813719
2014-04-18,8908,3000,125100,41.7,41.7,41.7,41.7,-0.3,2,41.777729823504025,41.719151750610756,41.81040216375314,41.961566958916706,39.01088602407578
2014-04-21,8908,6000,246100,41.2,41.2,40.5,40.8,-0.9,6,41.45181988233602,41.55203325049971,41.72254110603547,41.92689331835203,39.02438877106389
2014-04-22,8908,6000,246100,41.2,41.2,40.5,40.8,-0.9,6,41.23454658822401,41.415299932227036,41.64232014029326,41.89325471183406,39.03778961052756
2014-04-23,8908,6000,246100,41.2,41.2,40.5,40.8,-0.9,6,41.08969772548267,41.30342721727666,41.56907491070254,41.86062024282409,39.051089311580185
2014-04-24,8908,2000,83700,41.85,41.85,41.85,41.85,0.85,1,41.343131816988446,41.40280408686272,41.5935031793371,41.86030322065024,39.07221316583241
2014-04-25,8908,2000,83700,41.85,41.85,41.85,41.85,0.85,1,41.5120878779923,41.484112434705864,41.61580725069909,41.859995661824854,39.09317759476952
2014-04-28,8908,4000,165800,40.8,41.9,40.8,41.9,0.4,3,41.64139191866153,41.55972835566843,41.64051966368178,41.86118982117337,39.11436116009202
2014-04-29,8908,4000,165800,40.8,41.9,40.8,41.9,0.4,3,41.727594612441024,41.62159592736508,41.66308317118771,41.86234833397416,39.135384849449814
2014-04-30,8908,4000,165800,40.8,41.9,40.8,41.9,0.4,3,41.78506307496068,41.67221484966234,41.68368463456269,41.86347226430329,39.156249869453966
2014-05-02,8908,4000,165800,40.8,41.9,40.8,41.9,0.4,3,41.82337538330712,41.713630331541914,41.702494666339845,41.86456264447334,39.17695741760903
2014-05-05,8908,1000,42000,42.0,42.0,42.0,42.0,0.1,1,41.88225025553808,41.765697543988836,41.72836469535377,41.868605550608464,39.19826339936293
2014-05-06,8908,4000,164850,42.0,42.0,40.85,41.0,-1.0,4,41.58816683702539,41.62647980871814,41.66502863488822,41.8426770267097,39.21186141144321
2014-05-07,8908,1000,40950,40.95,40.95,40.95,40.95,-0.05,1,41.37544455801693,41.50348347986029,41.60285223185446,41.81602995128553,39.22497943852666
2014-05-08,8908,2000,81850,40.95,40.95,40.9,40.9,-0.05,2,41.21696303867795,41.393759210794784,41.54173464647582,41.788685773635216,39.23762110314155
2014-05-09,8908,1000,40950,40.95,40.95,40.95,40.95,0.05,1,41.127975359118636,41.313075717923006,41.49027945982574,41.7636503774073,39.250544717457466
2014-05-12,8908,1000,41000,41.0,41.0,41.0,41.0,0.05,1,41.08531690607909,41.256152860118824,41.44764646331916,41.740854843753354,39.26374815355213
2014-05-13,8908,3000,122400,40.8,40.8,40.8,40.8,-0.2,3,40.99021127071939,41.17321597646085,41.391329379552275,41.71276962453683,39.275342507110224
2014-05-14,8908,14000,571500,41.0,41.0,40.8,40.8,0.0,12,40.926807513812925,41.10535852619524,41.33990943350425,41.68552277007305,39.286849356113166
2014-05-15,8908,6000,247100,41.0,41.5,41.0,41.5,0.7,5,41.117871675875286,41.177111521432465,41.35383035232997,41.67998477693654,39.30355237984061
2014-05-16,8908,2000,82000,41.0,41.0,41.0,41.0,-0.5,2,41.07858111725019,41.14490942662656,41.323062495605626,41.659686723893664,39.31635575810596
2014-05-19,8908,3000,125550,41.25,42.15,41.25,42.15,1.15,2,41.43572074483346,41.327653167239916,41.394970104683395,41.67432294109087,39.33774175238441
2014-05-20,8908,3000,125550,41.25,42.15,41.25,42.15,1.15,2,41.67381382988897,41.47717077319629,41.460624878189186,41.68852225628219,39.358966342932455
2014-05-21,8908,5000,206700,41.0,41.85,40.95,41.85,-0.15,4,41.732542553259314,41.54495790534242,41.4944835844336,41.693342487437945,39.37776659694806
2014-05-22,8908,2000,83600,41.8,41.8,41.8,41.8,-0.05,1,41.75502836883954,41.59132919528016,41.52105022926546,41.69652629378308,39.39604760376354
2014-05-23,8908,2000,82900,41.8,41.8,41.1,41.1,-0.7,2,41.53668557922636,41.501996614320134,41.48443716585108,41.67871953874478,39.40890762184834
2014-05-26,8908,10000,411250,41.05,41.3,41.05,41.3,0.2,8,41.457790386150904,41.46526995717102,41.468399151429246,41.66741447788672,39.42318001715515
2014-05-27,8908,3000,124000,41.1,41.45,41.1,41.45,0.15,2,41.45519359076727,41.46249360132174,41.466799225218004,41.660924493472194,39.43847677174266
2014-05-28,8908,6000,246950,41.0,41.45,41.0,41.45,0.0,6,41.45346239384485,41.46022203744506,41.46533842302514,41.65462823993571,39.45365807912573
2014-05-29,8908,9000,371350,41.05,41.7,41.05,41.7,0.25,8,41.53564159589657,41.503818030636864,41.48574377754469,41.65598262083315,39.47061160305686
2014-05-30,8908,5000,206550,41.25,41.45,41.1,41.45,-0.25,4,41.50709439726438,41.49403293415744,41.482635622975586,41.649833885882906,39.485550383411145
2014-06-03,8908,3000,123300,41.1,41.1,41.1,41.1,-0.35,2,41.37139626484292,41.42239058249245,41.44936296010815,41.633420934065505,39.49773490881936
2014-06-04,8908,2000,82150,41.1,41.1,41.05,41.05,-0.05,2,41.264264176561944,41.354683203857455,41.4146357461857,41.61600538379489,39.50945011705468
2014-06-05,8908,9000,369500,41.1,41.1,41.05,41.05,0.0,7,41.192842784374626,41.29928625770155,41.38292828999564,41.59910970069654,39.52107690862408
2014-06-06,8908,3000,124500,41.1,41.7,41.1,41.7,0.65,2,41.36189518958309,41.37214330175582,41.410499743039495,41.602121351422014,39.5375216112005
2014-06-09,8908,3000,124500,41.1,41.7,41.1,41.7,0.65,2,41.47459679305539,41.43175361052749,41.435673678427364,41.60504310212583,39.55384220281408
2014-06-10,8908,14000,575250,41.1,41.25,41.05,41.25,-0.4,7,41.39973119537026,41.39870749952249,41.41952814117281,41.59444480056984,39.56664339373624
2014-06-11,8908,5000,205050,41.05,41.05,41.0,41.0,-0.25,4,41.26648746358017,41.326215226882034,41.38304743324474,41.57670017965731,39.577461179443894
2014-06-12,8908,30000,1231050,41.0,41.05,41.0,41.0,0.0,14,41.17765830905345,41.26690336744894,41.34973896078868,41.55948524892127,39.58819732148583
2014-06-13,8908,10000,410300,41.05,41.1,41.0,41.1,0.1,6,41.15177220603563,41.236557300640044,41.32802252941575,41.54576927134153,39.599607153021786
2014-06-16,8908,20000,821250,41.1,41.1,41.05,41.1,0.0,11,41.13451480402375,41.21172870052367,41.308194483379594,41.53246272592835,39.61093087262162
2014-06-17,8908,68000,2772350,41.05,41.1,40.05,40.5,-0.6,23,40.923009869349166,41.08232348224664,41.237916702216154,41.501642943064816,39.61764082829995
2014-06-18,8908,64000,2591250,40.5,41.55,40.2,41.55,1.05,21,41.13200657956611,41.16735557638361,41.26505438028431,41.50308643730169,39.632224671105234
2014-06-19,8908,102000,4145950,40.55,41.0,40.05,40.6,-0.95,26,40.95467105304407,41.06420001704114,41.20722356460742,41.47612863320313,39.63952863585161
2014-06-20,8908,66000,2660250,40.65,40.8,40.05,40.05,-0.55,22,40.65311403536271,40.87980001394275,41.1065954285546,41.43355762922692,39.64262653293952
2014-06-23,8908,2000,80250,40.05,40.2,40.05,40.2,0.15,2,40.50207602357514,40.75620001140771,41.027761043462895,41.3967350134291,39.64683312514375
2014-06-24,8908,65000,2602550,40.2,40.2,40.0,40.05,-0.15,28,40.35138401571676,40.627800009333576,40.94273834403134,41.356533968252116,39.64987589401059
2014-06-25,8908,280000,11189800,40.15,40.2,39.55,39.65,-0.4,56,40.117589343811176,40.450018189454745,40.830326314115574,41.30559265576698,39.649876830659565
2014-06-26,8908,15000,614100,40.85,41.0,40.85,40.9,1.25,11,40.378392895874114,40.53183306409934,40.83638489549683,41.29348541231125,39.659311722503645
2014-06-27,8908,16000,656050,41.0,41.05,41.0,41.0,0.1,6,40.585595263916076,40.61695432517219,40.85061229588841,41.28472465373479,39.66943012459796
2014-06-30,8908,7000,288450,41.05,41.3,41.05,41.3,0.3,6,40.82373017594405,40.74114444786815,40.889689487550285,41.28518063422032,39.681736312336845
2014-07-01,8908,28000,1162600,41.3,42.0,41.3,41.5,0.2,16,41.04915345062937,40.879118184619394,40.94275996689374,41.2915931526018,39.6954590571494
2014-07-02,8908,8000,330500,41.5,41.5,41.2,41.2,-0.3,5,41.09943563375291,40.937460332870415,40.96512866542472,41.288859028643536,39.706814083133175
2014-07-03,8908,2000,83000,41.5,41.5,41.5,41.5,0.3,1,41.23295708916861,41.039740272348524,41.01163921625736,41.29516174420642,39.72034756175104
2014-07-04,8908,13000,535400,41.2,41.25,41.15,41.15,-0.35,9,41.2053047261124,41.059787495557885,41.023670588756715,41.2908285578122,39.73113739147367
2014-07-07,8908,73000,3007200,41.2,41.25,41.15,41.15,0.0,33,41.186869817408265,41.076189769092814,41.034655754951785,41.286624720265564,39.74184578851916
2014-07-08,8908,69000,2832750,41.2,41.4,40.5,41.15,0.0,35,41.174579878272176,41.08960981107594,41.044685689303805,41.28254637040689,39.752473367473726
2014-07-09,8908,60000,2480950,42.0,42.0,41.2,41.35,0.2,42,41.23305325218145,41.136953481789405,41.071234759799125,41.28455991158877,39.76453017224751
2014-07-10,8908,37000,1408300,38.3,39.0,37.3,39.0,0.0,35,40.488702168120966,40.74841648510042,40.89112738938181,41.21636409333239,39.75876013321168
2014-07-11,8908,14000,544850,39.0,40.5,38.25,39.1,0.1,12,40.025801445413975,40.44870439690035,40.73537718160948,41.153189045770226,39.75378835862141
2014-07-14,8908,17000,667150,38.6,40.0,38.6,38.85,-0.25,14,39.63386763027599,40.15803087019119,40.571431339730395,41.084437133956186,39.746967314405396
2014-07-15,8908,12000,475700,40.5,40.5,39.05,40.4,1.55,9,39.88924508685066,40.202025257429156,40.55652426671036,41.06400617473361,39.75189586297592
2014-07-16,8908,22000,869650,39.5,40.0,39.35,39.55,-0.85,11,39.77616339123377,40.08347521062385,40.4690004174312,41.01881196056246,39.75037212061384
2014-07-17,8908,23000,910950,39.5,40.2,39.1,39.6,0.05,21,39.717442260822516,39.99557062687406,40.39343516374153,40.976459364724775,39.74923723668468
2014-07-18,8908,6000,238300,39.9,40.0,39.6,39.6,0.0,5,39.67829484054835,39.92364869471514,40.32444080167705,40.935371025479256,39.748110917917245
2014-07-21,8908,26000,1030150,39.6,40.0,39.0,40.0,0.4,22,39.7855298936989,39.93753075022148,40.29622855805296,40.90744950233062,39.75001196759334
2014-07-22,8908,3000,118800,39.6,39.6,39.6,39.6,-0.4,3,39.723686595799265,39.87616152290848,40.23568694430922,40.86842115897747,39.74887980180018
2014-07-24,8908,14000,553700,39.6,39.8,39.15,39.6,0.0,13,39.682457730532846,39.825950336925125,40.180409818717116,40.83055784079904,39.74775618065452
2014-07-25,8908,23000,915300,39.9,39.95,39.6,39.95,0.35,18,39.771638487021896,39.84850482112056,40.16037418230693,40.80427253211847,39.74928254910241
2014-07-28,8908,16000,633150,39.65,39.65,39.1,39.6,-0.35,14,39.7144256580146,39.80332212637136,40.11164599254111,40.76832409832389,39.74815588835447
2014-07-29,8908,11000,435600,39.6,39.6,39.6,39.6,0.0,9,39.67628377200973,39.766354467031114,40.06715503666798,40.73344875210526,39.74703773070651
2014-07-30,8908,20000,789900,39.6,39.7,39.3,39.6,0.0,20,39.650855848006486,39.73610820029818,40.026532859566416,40.699614460997644,39.7459280119842
2014-07-31,8908,20000,788300,39.05,39.75,39.05,39.7,0.1,20,39.667237232004325,39.72954307297124,39.99813869786499,40.66977522335592,39.74558138547866
2014-08-01,8908,41000,1614400,39.6,39.6,39.3,39.4,-0.3,14,39.57815815466955,39.669626150612835,39.946126637181074,40.63187148534529,39.74297322407882
2014-08-04,8908,50000,1918400,36.65,39.6,36.65,39.4,0.0,36,39.51877210311304,39.62060321413777,39.89863736438272,40.59509920220066,39.74038474691596
2014-08-05,8908,25000,974800,39.0,39.0,38.9,38.9,-0.5,13,39.31251473540869,39.4895844479309,39.81179933269727,40.54449922601556,39.73404222052414
2014-08-06,8908,27000,1045900,39.0,39.0,38.5,38.5,-0.4,18,39.04167649027246,39.30966000285255,39.6977298255062,40.4834693983733,39.7247286943315
2014-08-07,8908,5000,192500,38.5,38.5,38.5,38.5,0.0,3,38.86111766018164,39.162449093243,39.59357940589697,40.424261356630815,39.715485458902585
2014-08-08,8908,3000,116150,38.95,38.95,38.6,38.6,0.1,2,38.774078440121095,39.060185621744274,39.507181196688535,40.369805793746316,39.70706670072219
2014-08-11,8908,35000,1343200,38.6,38.6,38.0,38.0,-0.6,20,38.51605229341406,38.86742459960895,39.37612196219388,40.2990653222912,39.69418317845258
2014-08-12,8908,6000,229200,38.2,38.2,38.2,38.2,0.2,3,38.41070152894271,38.746074672407325,39.2738504872205,40.23640665595415,39.682906324275585
2014-08-13,8908,8000,305450,38.2,38.25,38.1,38.25,0.05,8,38.35713435262847,38.65587927742418,39.184820010070894,40.17711093488089,39.67209193692256
2014-08-14,8908,6000,229950,38.35,38.4,38.25,38.3,0.05,6,38.33808956841898,38.59117395425614,39.107879139629944,40.12107777264564,39.66173652607787
2014-08-15,8908,4000,153100,38.3,38.3,38.25,38.3,0.0,4,38.32539304561265,38.53823323530048,39.03762877966212,40.066717242118905,39.65145926927728
2014-08-18,8908,9000,345600,38.4,38.8,38.3,38.8,0.5,7,38.48359536374176,38.58582719251857,39.01696540751759,40.02890478713028,39.64503316158462
2014-08-19,8908,8000,306850,38.8,38.8,38.25,38.3,-0.5,8,38.42239690916117,38.53385861206065,38.95462058947258,39.977295689006986,39.634881967912285
2014-08-20,8908,4000,155800,39.7,39.7,38.35,39.4,1.1,4,38.74826460610745,38.691338864413254,38.99334923386627,39.96006298187245,39.63310927381483
2014-08-21,8908,4000,155800,39.7,39.7,38.35,39.4,1.1,4,38.965509737404965,38.82018634361084,39.02871017005181,39.943344683906105,39.63134995854076
2014-08-22,8908,8000,307450,38.15,39.0,38.15,38.5,-0.7,8,38.81033982493664,38.76197064477251,38.982735372656,39.900259767968606,39.62281146828762
2014-08-25,8908,11000,426300,38.5,39.1,38.5,38.5,0.0,8,38.70689321662443,38.71433961845024,38.940758383729396,39.85846096892477,39.61433741947036
2014-08-26,8908,6000,231900,38.5,38.95,38.5,38.85,0.35,5,38.75459547774962,38.73900514236838,38.93286635036162,39.82835765641955,39.60856883517247
2014-08-27,8908,15000,578850,38.8,38.8,38.55,38.6,-0.25,12,38.70306365183308,38.713731480119584,38.903921450330174,39.791690263690604,39.600956994907015
2014-08-28,8908,14000,540250,38.6,39.0,38.55,38.55,-0.05,8,38.65204243455538,38.68396212009784,38.87314567204059,39.754624882684915,39.59302524400206
2014-08-29,8908,14000,540000,38.55,38.6,38.55,38.6,0.05,4,38.634694956370254,38.66869628008005,38.84939387447184,39.72015846827641,39.585530713858645
2014-09-01,8908,3000,116600,39.0,39.0,38.65,38.95,0.35,3,38.73979663758017,38.719842410974586,38.85814223321342,39.69716866325323,39.58073425564084
2014-09-02,8908,15000,581600,38.3,39.1,38.3,38.8,-0.15,8,38.75986442505344,38.73441651807011,38.85308638684704,39.670387509126265,39.57484192163601
2014-09-03,8908,7000,271200,38.7,38.8,38.6,38.8,0.0,7,38.77324295003563,38.74634078751191,38.84847017929512,39.644405792435926,39.56899405807649
2014-09-04,8908,4000,155100,38.8,38.8,38.7,38.7,-0.1,4,38.748828633357085,38.73791518978248,38.83555972892163,39.61621457475127,39.56243561235516
2014-09-05,8908,7000,270400,38.8,38.8,38.4,38.55,-0.15,6,38.682552422238054,38.70374879164021,38.81072844814584,39.58438727401242,39.55479458886569
2014-09-09,8908,10000,385000,38.6,38.6,38.4,38.6,0.05,6,38.6550349481587,38.68488537497835,38.79240423526359,39.55500257926578,39.54758859196859
2014-09-10,8908,12000,463350,38.6,38.75,38.6,38.75,0.15,8,38.686689965439136,38.69672439770956,38.78871691045806,39.530972651526504,39.541569055425434
2014-09-11,8908,7000,270300,38.6,38.65,38.6,38.6,-0.15,6,38.65779331029276,38.67913814358055,38.77230674433127,39.50318242312273,39.53446287387505
2014-09-12,8908,5000,193100,38.6,38.7,38.6,38.7,0.1,5,38.67186220686184,38.68293120838409,38.76601920134594,39.479206828402646,39.52816504086467
2014-09-15,8908,3000,115800,38.6,38.6,38.6,38.6,-0.1,3,38.64790813790789,38.66785280685971,38.75158274905499,39.45296184845033,39.52116002168833
2014-09-16,8908,3000,115800,38.6,38.6,38.6,38.6,0.0,3,38.63193875860526,38.65551593288522,38.73840164044151,39.427500300735396,39.51420787058125
2014-09-17,8908,1000,38600,38.6,38.6,38.6,38.6,0.0,1,38.62129250573684,38.64542212690609,38.726366715185726,39.4027987992209,39.50730818853913
2014-09-18,8908,4000,155050,38.65,38.9,38.6,38.9,0.3,4,38.71419500382456,38.69170901292316,38.74146526169132,39.38778987984117,39.50272473051242
2014-09-19,8908,2000,77550,38.9,38.9,38.65,38.65,-0.25,2,38.69279666921637,38.68412555602804,38.73351176067468,39.365766301338454,39.49628907216893
2014-09-22,8908,2000,77550,38.9,38.9,38.65,38.65,-0.25,2,38.678531112810916,38.67792090947749,38.726249868442096,39.344400143089544,39.4899019848318
2014-09-23,8908,3000,116850,38.85,39.0,38.85,39.0,0.3,3,38.78568740854061,38.73648074411795,38.750054227708,39.33411954180329,39.48620461136137
2014-09-24,8908,12000,463450,38.85,38.85,38.6,38.6,-0.4,10,38.72379160569374,38.71166606336923,38.73700603399426,39.312205525630056,39.47951627467185
2014-09-25,8908,6000,231650,38.55,38.9,38.55,38.9,0.3,2,38.78252773712916,38.7459085973021,38.75117942234259,39.29990088307393,39.47514256693848
2014-09-26,8908,6000,231650,38.55,38.9,38.55,38.9,0.3,2,38.821685158086105,38.773925215974444,38.76412034213889,39.28796354328068,39.47080186832007
2014-09-29,8908,2000,77000,38.5,38.5,38.5,38.5,-0.4,2,38.7144567720574,38.724120631251814,38.74115335586594,39.264442243481255,39.463475061766715
2014-09-30,8908,2000,77800,38.9,38.9,38.9,38.9,0.4,2,38.77630451470493,38.75609869829694,38.75496610752977,39.253563370541514,39.45922241979112
2014-10-01,8908,2000,77800,38.9,38.9,38.9,38.9,0.4,2,38.817536343136624,38.78226257133386,38.76757775035327,39.24300924007759,39.45500187322666
2014-10-02,8908,2000,77200,38.6,38.6,38.6,38.6,-0.3,1,38.74502422875775,38.74912392200043,38.75300577206168,39.223814934403634,39.448549028900416
2014-10-03,8908,10000,386900,39.2,39.2,38.6,38.6,0.0,8,38.69668281917183,38.722010481636715,38.73970092231718,39.20519359307815,39.442144885286076
2014-10-06,8908,2000,77800,38.9,38.9,38.9,38.9,0.3,2,38.76445521278122,38.75437221224822,38.753639972550474,39.19608333656836,39.43805322577448
2014-10-07,8908,7000,272950,38.95,39.0,38.95,39.0,0.1,5,38.842970141854146,38.79903181002127,38.775062583633044,39.190230102640946,39.43474716369317
2014-10-08,8908,3000,117600,39.1,39.3,39.1,39.3,0.3,3,38.995313427902765,38.890116935471944,38.82070931549104,39.19350681599495,39.43373020396718
2014-10-09,8908,2000,77250,38.65,38.65,38.6,38.6,-0.7,2,38.86354228526851,38.83736840174977,38.80151720110051,39.17579019462197,39.427437900541015
2014-10-13,8908,4000,154200,38.4,38.6,38.4,38.6,0.0,4,38.775694856845675,38.79421051052254,38.783993966222205,39.15860242761833,39.42119308619731
2014-10-14,8908,5000,193000,38.6,38.6,38.6,38.6,0.0,5,38.717129904563784,38.75889950860935,38.76799449089854,39.14192772828643,39.4149954025279
2014-10-15,8908,6000,231600,38.6,38.6,38.6,38.6,0.0,6,38.67808660304252,38.7300086888622,38.75338627429866,39.1257507811734,39.40884449382958
2014-10-16,8908,3000,116950,38.95,39.0,38.95,39.0,0.4,3,38.78539106869501,38.77909801815998,38.77483094609878,39.12199702651151,39.405758875008225
2014-10-17,8908,2000,77500,38.65,38.85,38.65,38.85,-0.15,2,38.80692737913001,38.79198928758544,38.78136738556845,39.113877712287284,39.40156446840439
2014-10-20,8908,7000,270600,38.7,38.8,38.6,38.8,-0.05,7,38.804618252753336,38.79344578075172,38.782987612910325,39.10450822833841,39.397024359208885
2014-10-21,8908,7000,270600,38.8,38.8,38.6,38.6,-0.2,3,38.73641216850223,38.758273820615045,38.7670756465703,39.08944828122383,39.391009081026176
2014-10-22,8908,7000,270200,38.6,38.6,38.6,38.6,0.0,3,38.69094144566815,38.7294967623214,38.75254732947723,39.07483788476939,39.38503920116938
2014-10-23,8908,11000,424500,38.6,38.9,38.5,38.6,0.0,7,38.66062763044543,38.70595189644479,38.739282344305295,39.06066361955239,39.37911437700961
2014-10-24,8908,8000,308800,38.6,38.6,38.6,38.6,0.0,4,38.64041842029695,38.686687915273005,38.72717083610483,39.046912466729935,39.37323426850387
2014-10-27,8908,2000,77250,38.65,38.65,38.6,38.6,0.0,2,38.626945613531305,38.67092647613246,38.7161125025305,39.03357179608128,39.36739853817554
2014-10-28,8908,9000,347400,38.6,38.6,38.6,38.6,0.0,2,38.617963742354206,38.658030753199284,38.70601576318002,39.02062935440721,39.361606851094976
2014-10-29,8908,14000,539500,38.7,38.7,38.4,38.4,-0.2,5,38.54530916156947,38.61111607079941,38.67940569681654,39.002103105021924,39.354349440898034
2014-10-30,8908,3000,115800,38.6,38.6,38.6,38.6,0.2,3,38.563539441046316,38.609094967017704,38.6725008536151,38.99010002726008,39.3486562375705
2014-10-31,8908,5000,193000,38.6,38.6,38.6,38.6,0.0,1,38.575692960697545,38.60744133665085,38.66619643156161,38.97845525032694,39.343006001815255
2014-11-03,8908,5000,193000,38.6,38.6,38.6,38.6,0.0,1,38.583795307131695,38.6060883663507,38.66044022012147,38.96715807867539,39.33739840934872
2014-11-04,8908,4000,154400,38.6,38.6,38.6,38.6,-0.05,1,38.58919687142113,38.60498139065057,38.65518454880656,38.95619813602836,39.33183313833477
2014-11-05,8908,5000,193000,38.6,38.6,38.6,38.6,0.0,3,38.59279791428075,38.60407568325956,38.6503858923886,38.94556535584841,39.326309869366206
2014-11-06,8908,1000,38600,38.6,38.6,38.6,38.6,0.0,1,38.5951986095205,38.60333464993964,38.64600451044176,38.93524997209174,39.32082828544646
2014-11-07,8908,1000,38600,38.6,38.6,38.6,38.6,0.0,1,38.59679907301367,38.60272834995062,38.64200411822944,38.925242510238256,39.31538807197139
2014-11-10,8908,1000,38600,38.6,38.6,38.6,38.6,0.0,1,38.59786604867578,38.60223228632323,38.63835158620949,38.91553377858935,39.30998891671123
2014-11-11,8908,1000,38600,38.6,38.6,38.6,38.6,0.0,1,38.598577365783854,38.601826416082645,38.63501666566953,38.906114859825486,39.30463050979265
2014-11-12,8908,5000,193200,38.6,38.7,38.6,38.7,0.05,5,38.63238491052257,38.619676158613075,38.64066739039392,38.89996217744264,39.30006726066214
2014-11-13,8908,5000,193200,38.6,38.7,38.6,38.7,0.05,5,38.65492327368171,38.6342804934107,38.645826747750974,38.89399315722047,39.295538451147706
2014-11-14,8908,3000,116100,38.7,38.7,38.7,38.7,0.0,2,38.66994884912114,38.646229494608754,38.65053746533785,38.888202316706426,39.291043821327726
2014-11-17,8908,5000,193000,38.6,38.6,38.6,38.6,-0.1,5,38.64663256608076,38.63782413195262,38.64614290313456,38.87959926247638,39.2858283962611
2014-11-18,8908,1000,38600,38.6,38.6,38.6,38.6,0.0,1,38.63108837738717,38.630947017052144,38.64213047677503,38.87125301583529,39.28065233289309
2014-11-19,8908,2000,77200,38.6,38.6,38.6,38.6,0.0,1,38.620725584924784,38.62532028667903,38.63846695705546,38.863155910884984,39.27551533415428
2014-11-20,8908,10000,385400,38.6,38.6,38.4,38.4,-0.2,4,38.547150389949856,38.584352961828294,38.61773069992021,38.84933036130633,39.268907671255
2014-11-21,8908,10000,385400,38.6,38.6,38.4,38.4,-0.2,4,38.49810025996657,38.55083424149588,38.59879759557932,38.83591751470017,39.26234987750968
2014-11-24,8908,8000,307800,38.5,38.8,38.4,38.8,0.4,3,38.59873350664438,38.59613710667845,38.61629345683329,38.834845350082254,39.25886044447187
2014-11-25,8908,5000,192500,38.5,38.5,38.5,38.5,-0.3,1,38.56582233776292,38.57865763273691,38.606180982326045,38.82484996649771,39.253133195834344
2014-11-26,8908,5000,192500,38.5,38.5,38.5,38.5,-0.3,1,38.54388155850861,38.56435624496657,38.59694785342813,38.815152952572404,39.24744917171484
2014-11-27,8908,1000,38700,38.7,38.7,38.7,38.7,0.1,1,38.59592103900574,38.58901874588174,38.60590890965177,38.811715551003076,39.24331747985284
2014-11-28,8908,1000,38550,38.55,38.55,38.55,38.55,-0.15,1,38.58061402600382,38.581924428448694,38.60104726533422,38.80390314649552,39.238084895099234
2014-12-01,8908,1000,38550,38.55,38.55,38.55,38.55,-0.15,1,38.570409350669216,38.576119986912566,38.596608372696465,38.79632394809267,39.23289180155132
2014-12-02,8908,1000,38550,38.55,38.55,38.55,38.55,-0.15,1,38.563606233779474,38.57137089838301,38.59255547072286,38.788970994418264,39.22773790116225
2014-12-03,8908,1000,38700,38.7,38.7,38.7,38.7,0.1,1,38.60907082251965,38.594758007767915,38.6018984732687,38.786315143838614,39.22375497360631
2014-12-04,8908,1000,38700,38.7,38.7,38.7,38.7,0.1,1,38.63938054834643,38.61389291544648,38.61042904081055,38.78373857238074,39.21980210588098
2014-12-05,8908,1000,38700,38.7,38.7,38.7,38.7,0.1,1,38.65958703223095,38.629548749001664,38.6182178198705,38.78123891350371,39.215879071119616
2014-12-08,8908,11000,423000,38.1,38.5,38.1,38.5,-0.2,7,38.60639135482064,38.60599443100136,38.60793800944698,38.77284372205583,39.210476210205506
2014-12-09,8908,1000,38500,38.5,38.5,38.5,38.5,0.0,1,38.570927569880425,38.58672271627384,38.59855209558203,38.76469913333775,39.20511412560018
2014-12-10,8908,10000,384300,38.4,38.5,38.4,38.4,-0.1,6,38.51395171325362,38.55277313149678,38.5812866959662,38.753812592044085,39.19903779257678
2014-12-11,8908,4000,153800,38.5,38.5,38.4,38.5,0.1,4,38.50930114216908,38.543178016679185,38.57421828762131,38.74623609675918,39.19376203565167
2014-12-12,8908,4000,153800,38.5,38.5,38.4,38.5,0.1,4,38.50620076144605,38.53532746819206,38.56776452348033,38.73888576551264,39.18852609575996
2014-12-15,8908,4000,153800,38.5,38.5,38.4,38.5,0.1,4,38.50413384096404,38.52890429215714,38.56187195622117,38.73175484713913,39.183329672395736
2014-12-16,8908,2000,77400,39.0,39.0,38.4,38.4,-0.1,2,38.46942256064269,38.50546714812857,38.54779613394107,38.72185171737378,39.17741775033992
2014-12-17,8908,2000,76750,38.3,38.45,38.3,38.45,0.05,2,38.4629483737618,38.49538221210519,38.53929212229402,38.713736740735754,39.17192780505434
2014-12-18,8908,3000,114600,38.5,38.5,38.0,38.0,-0.45,3,38.30863224917453,38.405312718995155,38.49239715513802,38.69243116638543,39.163083066902985
2014-12-19,8908,10000,381100,38.1,38.5,38.05,38.5,0.5,5,38.372421499449686,38.42252858826876,38.49305827208254,38.68668695246348,39.158078666398055
2014-12-22,8908,1000,38500,38.5,38.5,38.5,38.5,0.0,1,38.41494766629979,38.436614299492625,38.493661900597104,38.681114207613824,39.153112034953544
2014-12-23,8908,5000,192500,38.5,38.5,38.5,38.5,0.0,1,38.44329844419986,38.44813897231215,38.494213039675614,38.675707813356695,39.14818288751993
2014-12-24,8908,2000,76500,37.6,38.9,37.6,38.9,0.4,2,38.59553229613324,38.53029552280085,38.529498862312515,38.68240310251023,39.14630980912355
2014-12-25,8908,10000,389950,39.5,39.5,38.15,38.85,-0.05,5,38.68035486408883,38.58842360956433,38.55736852645925,38.68740599497261,39.14407350867734
2014-12-26,8908,1000,38800,38.8,38.8,38.8,38.8,-0.05,1,38.720236576059214,38.626892044189,38.57846691546279,38.69076701004805,39.14147672747977
2014-12-27,8908,1000,38800,38.8,38.8,38.8,38.8,-0.05,1,38.74682438403948,38.65836621797282,38.59773066194429,38.694027696315274,39.13889954463087
2014-12-29,8908,1000,38800,38.8,38.8,38.8,38.8,0.0,1,38.76454958935965,38.68411781470503,38.61531930003609,38.697191048664074,39.13634181221856
2014-12-30,8908,1000,38800,38.8,38.8,38.8,38.8,0.0,1,38.77636639290643,38.70518730294048,38.6313784913373,38.70025997258455,39.1338033834471
2014-12-31,8908,7000,271900,38.8,39.0,38.5,38.5,-0.3,4,38.68424426193762,38.667880520587666,38.619954274699275,38.69428206295516,39.12901996168524
2015-01-05,8908,5000,192900,38.5,38.85,38.35,38.35,-0.15,3,38.57282950795842,38.610084062299,38.596479989942814,38.68400498644904,39.12314056574799
2015-01-06,8908,3000,115150,38.35,38.45,38.35,38.45,0.1,3,38.53188633863895,38.58097786915373,38.583742599513,38.67701976297295,39.1180602595914
2015-01-07,8908,10000,386850,39.0,39.0,38.2,38.8,0.35,7,38.62125755909263,38.62080007476214,38.6025475908597,38.6806908148245,39.115659804802036
2015-01-08,8908,1000,38700,38.7,38.7,38.7,38.7,-0.1,1,38.64750503939509,38.63520006116902,38.61102171339364,38.68126720841183,39.112522749671456
2015-01-09,8908,3000,116400,38.8,38.8,38.8,38.8,0.1,2,38.69833669293006,38.66516368641102,38.62745460788115,38.6848114708473,39.110164087409785
2015-01-12,8908,12000,462450,38.4,38.85,38.3,38.8,0.0,10,38.73222446195337,38.68967937979083,38.64245855502192,38.6882499344041,39.10782322637273
2015-01-13,8908,2000,77500,38.75,38.75,38.75,38.75,-0.05,1,38.73814964130225,38.70064676528341,38.65180998502001,38.69009321994427,39.105122673720864
2015-01-14,8908,2000,77500,38.75,38.75,38.75,38.75,-0.05,1,38.742099760868165,38.70962008068643,38.66034824719218,38.69188148203549,39.10244250259844
2015-01-15,8908,2000,77500,38.75,38.75,38.75,38.75,-0.05,1,38.74473317391211,38.716961884197985,38.66814405178417,38.69361636316876,39.09978255918261
2015-01-16,8908,7000,268900,38.5,38.5,38.35,38.35,-0.4,5,38.61315544927474,38.65024154161653,38.640479351629025,38.683359158298046,39.09412382288689
2015-01-19,8908,2000,77050,38.4,38.65,38.4,38.65,0.3,2,38.62543696618316,38.65019762495898,38.64130723409607,38.68236336252796,39.090771944978314
2015-01-20,8908,2000,77050,38.4,38.65,38.4,38.65,0.3,2,38.63362464412211,38.650161693148256,38.64206312678337,38.68139729200474,39.0874453642615
2015-01-21,8908,1000,38500,38.5,38.5,38.5,38.5,-0.15,1,38.5890830960814,38.6228595671213,38.629709811410905,38.675982447467284,39.08301181434254
2015-01-22,8908,1000,38500,38.5,38.5,38.5,38.5,-0.15,1,38.55938873072093,38.60052146400834,38.618430697375175,38.6707292400802,39.078611725177694
2015-01-23,8908,3000,115500,38.5,38.5,38.5,38.5,0.0,3,38.53959248714729,38.58224483418864,38.60813237586429,38.665632844853924,39.07424484423296
2015-01-26,8908,5000,192300,38.5,38.5,38.4,38.4,-0.1,3,38.49306165809819,38.54910940979071,38.59003390839783,38.65770350620157,39.06915620389913
2015-01-27,8908,9000,345650,38.5,38.5,38.35,38.4,0.0,9,38.4620411053988,38.52199860801058,38.57350922071106,38.65001086422541,39.064105968398
2015-01-28,8908,6000,232900,38.9,38.9,38.4,38.4,0.0,4,38.44136073693253,38.49981704291775,38.55842146238836,38.64254785335301,39.05909384788179
2015-01-29,8908,1000,38950,38.95,38.95,38.95,38.95,0.55,1,38.61090715795502,38.581668489659975,38.59247177000676,38.65172552937232,39.05827049808646
2015-01-30,8908,1000,38450,38.45,38.45,38.45,38.45,-0.5,1,38.55727143863668,38.55772876426725,38.58008292044096,38.64570387177912,39.05367977734618
2015-02-02,8908,6000,233600,38.8,39.0,38.8,39.0,0.55,3,38.704847625757786,38.63814171621866,38.616597449098265,38.65627987560661,39.05327464695112
2015-02-03,8908,2000,78000,39.0,39.0,39.0,39.0,0.0,1,38.80323175050519,38.70393413145163,38.64993680135059,38.66654017782731,39.05287257414394
2015-02-04,8908,6000,233600,38.8,39.0,38.8,39.0,0.0,4,38.86882116700346,38.75776428936952,38.680377079494015,38.676494202369774,39.05247353584851
2015-02-05,8908,10000,388300,38.9,38.9,38.8,38.9,-0.1,6,38.87921411133564,38.783625327665966,38.699474724755405,38.68316601722441,39.05132279218173
2015-02-06,8908,2000,77900,38.9,39.0,38.9,39.0,0.1,2,38.91947607422376,38.82296617718124,38.72560735738537,38.69262374805353,39.05093545035394
2015-02-09,8908,2000,77900,38.9,39.0,38.9,39.0,0.1,2,38.94631738281584,38.85515414496647,38.749467587177946,38.701799158559396,39.0505510318607
2015-02-10,8908,5000,193400,38.7,38.9,38.6,38.9,0.05,5,38.93087825521056,38.86330793679075,38.76255736220595,38.70771560158747,39.049414797657974
2015-02-11,8908,4000,155200,39.0,39.0,38.6,38.6,-0.3,4,38.82058550347371,38.815433766465155,38.74842193940544,38.70450021049531,39.046022987864326
2015-02-12,8908,7000,271450,38.65,39.0,38.6,38.6,0.0,5,38.747057002315806,38.77626399074422,38.73551568380497,38.7013808012268,39.04265677663516
2015-02-13,8908,1000,38900,38.9,38.9,38.9,38.9,0.3,1,38.79803800154387,38.79876144697254,38.74981866782193,38.70730973253346,39.04158012171716
2015-02-24,8908,1000,38900,38.9,38.9,38.9,38.9,0.3,1,38.832025334362584,38.8171684566139,38.76287791409828,38.71306168081605,39.04051159249666
2015-02-25,8908,20000,791500,38.8,40.05,38.8,39.0,0.1,9,38.888016889575056,38.85041055541137,38.78349722591582,38.72162700377676,39.04020584462876
2015-02-26,8908,20000,791500,38.8,40.05,38.8,39.0,0.1,9,38.925344593050035,38.87760863624567,38.80232355409706,38.72993664545506,39.03990240429194
2015-03-02,8908,20000,791500,38.8,40.05,38.8,39.0,0.1,9,38.95022972870002,38.89986161147373,38.81951281026253,38.73799823812804,39.03960125407087
2015-03-03,8908,10000,389200,38.65,39.0,38.65,39.0,0.0,8,38.96681981913335,38.91806859120578,38.835207348500575,38.74581918624362,39.039302376681654
2015-03-04,8908,11000,428650,39.0,39.0,38.9,38.95,-0.05,6,38.96121321275557,38.92387430189564,38.84518931819618,38.751914135907995,39.038628396480284
2015-03-05,8908,9000,351550,39.75,39.75,38.8,39.0,0.05,8,38.97414214183704,38.93771533791461,38.8586511166139,38.759319684089846,39.03833686141251
2015-03-06,8908,5000,197050,39.8,39.8,39.0,39.0,0.0,4,38.98276142789136,38.949039821930135,38.87094232386487,38.76650417113194,39.0380475266094
2015-03-09,8908,6000,233600,38.9,39.0,38.85,39.0,0.0,6,38.98850761859424,38.958305308851926,38.882164730485314,38.77347419587427,39.037760375465176
2015-03-10,8908,4000,155200,38.65,38.9,38.65,38.9,-0.1,4,38.95900507906283,38.94770434360612,38.883715623486594,38.777251085549665,39.03672067451827
2015-03-11,8908,4000,154900,38.8,38.8,38.65,38.65,-0.25,4,38.856003386041884,38.893576281132276,38.86339252579211,38.77345254568251,39.033802027918135
2015-03-12,8908,10000,394150,38.8,39.8,38.8,39.15,0.5,7,38.95400225736125,38.94019877547186,38.888314914853666,38.78469276819945,39.03467899374517
2015-03-13,8908,17000,667500,39.1,39.5,39.0,39.0,-0.15,12,38.96933483824083,38.95107172538607,38.89802666138813,38.79111984974573,39.03441726549049
2015-03-16,8908,42000,1622750,39.0,39.0,38.15,39.0,0.0,25,38.97955655882722,38.959967775315874,38.90689390822394,38.79735507811153,39.034157512543395
2015-03-17,8908,26000,1005350,38.6,39.1,38.5,39.0,0.0,22,38.98637103921815,38.96724636162208,38.91499009011751,38.80340418025745,39.0338997199959
2015-03-18,8908,13000,504100,38.85,39.1,38.65,38.65,-0.35,8,38.874247359478765,38.90956520496352,38.89194747358555,38.798824950996035,39.031002363618576
2015-03-19,8908,35000,1357650,38.65,39.2,38.6,38.9,0.25,17,38.88283157298584,38.90782607678833,38.892647693273766,38.80184510171257,39.030013666534664
2015-03-20,8908,21000,815650,39.25,39.25,38.65,38.65,-0.25,15,38.80522104865723,38.86094860828136,38.871547893858654,38.797312412109214,39.027145638862706
2015-03-23,8908,45000,1742000,38.7,38.8,38.7,38.7,0.05,14,38.770147365771486,38.831685224957475,38.856630685697034,38.79440756398655,39.02467661517318
2015-03-24,8908,11000,426550,38.8,38.85,38.7,38.7,0.0,6,38.74676491051432,38.80774245678339,38.843010626071205,38.79158942774815,39.0222262256247
2015-03-25,8908,46000,1789800,38.75,39.0,38.7,39.0,0.3,15,38.831176607009546,38.842698373731864,38.856661875978055,38.79781063886015,39.022058480525644
2015-03-26,8908,9000,351200,39.0,39.2,39.0,39.0,0.0,6,38.8874510713397,38.87129866941698,38.86912606067562,38.803846142177754,39.02189200142734
2015-03-27,8908,10000,390100,39.1,39.1,38.8,38.8,-0.2,7,38.858300714226466,38.85833527497753,38.86311509887774,38.80373133196349,39.02021734481279
2015-03-30,8908,5000,194950,39.0,39.0,38.95,38.95,0.15,4,38.888867142817645,38.87500158861798,38.870670307670984,38.808097560860105,39.01968740258779
2015-03-31,8908,8000,313150,38.95,39.25,38.95,39.25,0.3,6,39.00924476187843,38.94318311796016,38.90365549830829,38.82128867844637,39.021425610870146
2015-04-01,8908,8000,313150,39.25,39.25,39.0,39.25,0.0,7,39.08949650791895,38.998968005603764,38.93377241149887,38.83408603132857,39.02315070059943
2015-04-02,8908,17000,664750,39.1,39.25,39.0,39.0,-0.25,10,39.059664338612635,38.99915564094854,38.9395313322381,38.839038687109806,39.022975978330756
2015-04-07,8908,16000,625800,39.2,39.2,39.0,39.1,0.1,14,39.07310955907509,39.017490978957895,38.95348512943478,38.84682857704683,39.02355729170184
2015-04-08,8908,8000,312750,39.0,39.25,39.0,39.25,0.15,8,39.13207303938339,39.05976534642009,38.97926903122306,38.858863544896174,39.0252662932739
2015-04-09,8908,9000,351500,39.35,39.35,39.0,39.0,-0.25,9,39.088048692922264,39.048898919798255,38.98107172416019,38.86307657340674,39.02507560426806
2015-04-10,8908,12000,468350,39.0,39.1,39.0,39.05,0.05,12,39.075365795281506,39.04909911619857,38.987065487276695,38.86865637718564,39.02526371291509
2015-04-13,8908,26000,1016050,39.05,39.15,39.0,39.15,0.1,12,39.100243863521,39.067444731435195,39.001233705774375,38.877054694284574,39.02620511885535
2015-04-14,8908,15000,585300,39.15,39.15,39.0,39.0,-0.15,7,39.06682924234733,39.055182052992436,39.001126427011386,38.88072470341041,39.026007344373426
2015-04-15,8908,5000,195200,39.0,39.2,39.0,39.2,0.2,5,39.11121949489822,39.081512588812,39.018419781184306,38.89025530927876,39.02732049649136
2015-04-16,8908,5000,195750,39.15,39.15,39.15,39.15,-0.05,5,39.124146329932145,39.09396484539163,39.02986153934219,38.89800888213611,39.02824637953671
2015-04-17,8908,12000,469250,39.15,39.15,39.1,39.1,-0.05,8,39.1160975532881,39.095062146229516,39.035960535921134,38.90403846774399,39.028787916294924
2015-04-20,8908,3000,118050,39.35,39.35,39.35,39.35,0.25,1,39.1940650355254,39.141414483278695,39.063268315406255,38.91735075228895,39.03121215843609
2015-04-21,8908,1000,39400,39.4,39.4,39.4,39.4,0.05,1,39.262710023683596,39.18843003177348,39.09254933145788,38.931758192519126,39.03399546290073
2015-04-22,8908,1000,39400,39.4,39.4,39.4,39.4,0.05,1,39.308473349122394,39.226897298723756,39.11928417220067,38.945735559906616,39.03675776129393
2015-04-23,8908,3000,117550,39.1,39.35,39.1,39.35,-0.05,2,39.3223155660816,39.24927960804671,39.13934641809627,38.957803155133284,39.03912185366152
2015-04-24,8908,2000,78200,38.85,39.35,38.85,39.35,0.0,2,39.331543710721064,39.267592406583674,39.15766412087051,38.96951052363677,39.04146810382257
2015-04-27,8908,2000,78200,38.85,39.35,38.85,39.35,0.0,2,39.33769580714738,39.28257560538664,39.17438897992525,38.98086841845358,39.043796646435226
2015-04-28,8908,2000,78950,39.9,39.9,39.05,39.05,-0.25,2,39.241797204764914,39.24028913167998,39.16357254688827,38.98293204775347,39.04384346419798
2015-04-29,8908,11000,431900,39.3,39.3,39.25,39.3,0.25,9,39.26119813650994,39.25114565319271,39.17543580368059,38.992396762745905,39.04577672107195
2015-04-30,8908,2000,78600,39.3,39.3,39.3,39.3,0.0,2,39.27413209100663,39.26002826170313,39.186267472925756,39.0015789489326,39.04769538732801
2015-05-04,8908,8000,314850,39.35,39.45,39.3,39.35,0.05,6,39.29942139400442,39.27638675957529,39.20050508397569,39.01197957732267,39.04997693157459
2015-05-05,8908,18000,708050,39.3,39.5,39.25,39.5,0.15,9,39.36628092933628,39.31704371237978,39.22654812015172,39.026547351133935,39.053373332091006
2015-05-06,8908,22000,866350,38.65,40.8,38.65,39.2,-0.3,14,39.31085395289085,39.295763037401635,39.22423958796461,39.03172504214486,39.05447994845258
2015-05-07,8908,6000,237800,40.35,40.35,39.25,39.25,0.05,5,39.290569301927235,39.28744248514679,39.22647962379378,39.0382407125286,39.055955571483125
2015-05-08,8908,17000,681200,39.9,40.5,39.9,40.5,1.25,10,39.69371286795149,39.507907487847376,39.33722052607258,39.08187531812476,39.066854020000235
2015-05-11,8908,10000,400000,40.0,40.0,40.0,40.0,-0.5,7,39.79580857863433,39.59737885369331,39.394853523805395,39.109282025046404,39.073896631170044
2015-05-12,8908,2000,79600,40.0,40.0,39.6,39.6,-0.4,2,39.730539052422884,39.59785542574907,39.412692347822315,39.12393032280621,39.07786722263291
2015-05-13,8908,15000,598250,40.3,40.45,39.3,39.35,-0.25,12,39.60369270161526,39.5527908028856,39.407240839316025,39.13067867137916,39.07992105491493
2015-05-14,8908,15000,598250,40.3,40.45,39.3,39.35,-0.25,12,39.519128467743506,39.515919747815495,39.40226337502767,39.137225576711124,39.081959386575946
2015-05-15,8908,2000,80300,40.85,40.85,39.45,39.45,0.0,2,39.49608564516234,39.50393433912177,39.406414385894834,39.146562126660044,39.08473705158292
2015-05-18,8908,8000,315950,39.45,39.5,39.45,39.5,0.05,6,39.497390430108226,39.503219004735996,39.41455226538224,39.15711251093885,39.087871111570976
2015-05-19,8908,8000,315950,39.45,39.5,39.45,39.5,0.05,6,39.49826028673882,39.50263373114763,39.42198250317509,39.16734795837351,39.0909815182761
2015-05-20,8908,2000,80550,40.75,40.75,39.8,39.8,0.25,2,39.59884019115921,39.55670032548443,39.45485358985552,39.18623309394445,39.09633260115704
2015-05-21,8908,2000,80550,40.75,40.75,39.8,39.8,0.25,2,39.66589346077281,39.600936629941806,39.484866321172426,39.20455449412521,39.101643298506794
2015-05-22,8908,3000,119000,40.0,40.0,39.5,39.5,-0.3,3,39.61059564051521,39.582584515406936,39.48618229324439,39.213373762957296,39.10464976417844
2015-05-25,8908,4000,159300,39.85,39.95,39.6,39.6,0.1,4,39.60706376034347,39.58575096715113,39.496079485136185,39.22491484466006,39.108388256524265
2015-05-26,8908,4000,159500,39.75,40.05,39.75,39.8,0.2,4,39.67137584022898,39.624705336760016,39.52250735599391,39.24208156571498,39.11360796779578
2015-05-27,8908,3000,119800,39.95,40.0,39.85,39.85,0.05,3,39.73091722681932,39.66566800280365,39.55098497721183,39.26022838464886,39.11916564351053
2015-05-28,8908,3000,118700,39.2,40.0,39.2,39.5,-0.35,3,39.65394481787955,39.63554654774844,39.546551500932544,39.26738574630114,39.12203986506894
2015-05-29,8908,9000,357450,39.5,39.8,39.5,39.8,0.3,8,39.702629878586364,39.66544717543054,39.56859050085146,39.28328467924737,39.127156545332575
2015-06-01,8908,1000,39800,39.8,39.8,39.8,39.8,0.0,1,39.73508658572424,39.68991132535226,39.58871306599481,39.298709017180286,39.132234609141385
2015-06-02,8908,6000,237950,39.8,39.8,39.35,39.35,-0.45,6,39.606724390482825,39.628109266197306,39.56795540808222,39.300240091294306,39.13387812152522
2015-06-03,8908,8000,315550,39.6,39.6,39.35,39.35,0.0,8,39.52114959365522,39.57754394507052,39.54900276390116,39.301725461703434,39.13550923004201
2015-06-04,8908,6000,236600,39.5,39.5,39.35,39.35,0.0,6,39.46409972910348,39.536172318694064,39.53169817573584,39.303166492697365,39.137128028305845
2015-06-05,8908,2000,80600,41.2,41.2,39.4,39.4,0.05,2,39.442733152735656,39.51141371529514,39.52024616045446,39.30605704515416,39.13911196771486
2015-06-08,8908,2000,79100,39.65,39.65,39.45,39.45,0.05,2,39.445155435157105,39.50024758524148,39.51413779867581,39.310353849776426,39.141458292486824
2015-06-09,8908,2000,78850,39.45,39.45,39.4,39.4,-0.05,2,39.43010362343807,39.482020751561215,39.504212772704,39.31302985426071,39.143409550656735
2015-06-10,8908,4000,157050,39.45,39.45,39.2,39.2,-0.2,3,39.35340241562538,39.43074425127736,39.477759488121045,39.30965582876039,39.14383664838763
2015-06-11,8908,11000,429650,39.0,39.3,39.0,39.1,-0.1,11,39.26893494375025,39.3706089328633,39.444910836980085,39.30339744581232,39.14350580575829
2015-06-12,8908,3000,117400,39.15,39.2,39.05,39.05,-0.05,3,39.19595662916684,39.312316399615426,39.41057076419921,39.29583334295225,39.142800101563886
2015-06-15,8908,10000,391500,39.15,39.2,39.05,39.15,0.1,7,39.18063775277789,39.28280432695808,39.387912436877535,39.29148010883427,39.14285444042001
2015-06-16,8908,9000,352550,39.15,39.2,39.0,39.0,-0.15,6,39.120425168518594,39.23138535842025,39.354180920627314,39.2827792100631,39.141776293699856
2015-06-17,8908,11000,427950,39.0,39.1,38.5,38.55,-0.45,11,38.93028344567906,39.107497111434746,39.28425214492059,39.260905203792554,39.13731005752099
2015-06-18,8908,7000,271100,39.0,39.0,38.6,38.7,0.15,7,38.853522297119376,39.03340672753752,39.233447610579674,39.244161764873375,39.13400960425668
2015-06-22,8908,9000,351800,39.2,39.2,38.7,38.7,0.0,6,38.802348198079585,38.9727873225307,39.187060861833615,39.22791813010104,39.130734060073614
2015-06-23,8908,7000,273000,39.2,39.2,38.7,38.7,0.0,5,38.76823213205306,38.92318962752512,39.1447077434133,39.212159379948766,39.12748323697872
2015-06-24,8908,3000,117100,39.15,39.15,38.8,38.8,0.1,3,38.778821421368704,38.900791513429645,39.114733157029534,39.199856114875665,39.12501166537888
2015-06-25,8908,1000,39000,39.0,39.0,39.0,39.0,0.2,1,38.8525476142458,38.9188294200788,39.104756360766096,39.19389026070027,39.124068181111866
2015-06-26,8908,3000,117900,39.0,39.85,39.0,39.05,0.05,3,38.918365076163866,38.94267861642811,39.09999493809078,39.18959502903758,39.1235091759714
2015-06-29,8908,3000,117900,39.0,39.85,39.0,39.05,0.05,3,38.96224338410924,38.96219159525936,39.095647552169844,39.18542801324541,39.12295438973765
2015-06-30,8908,3000,117900,39.0,39.85,39.0,39.05,0.05,3,38.99149558940616,38.97815675975766,39.09167819980725,39.18138538598435,39.12240379056982
2015-07-01,8908,3000,117900,39.0,39.85,39.0,39.05,0.05,3,39.01099705960411,38.99121916707445,39.08805400851966,39.17746343416392,39.12185734686741
2015-07-02,8908,6000,236650,39.5,39.5,39.3,39.5,0.0,6,39.17399803973607,39.083724773060915,39.12387539908317,39.18709139135306,39.1247112536835
2015-07-03,8908,1000,39500,39.5,39.5,39.5,39.5,0.0,1,39.282665359824044,39.15941117795893,39.15658188611941,39.196431946835055,39.12754362158023
2015-07-06,8908,3000,119400,39.7,39.9,39.7,39.9,0.4,3,39.48844357321603,39.2940636910573,39.22122693950033,39.217433978272815,39.13337348104
2015-07-07,8908,10000,401850,40.0,41.25,40.0,40.05,0.15,9,39.675629048810684,39.43150665631961,39.29329416215248,39.242286695339295,39.14029141703215
2015-07-08,8908,2000,81050,40.95,40.95,40.1,40.1,0.05,2,39.81708603254046,39.55305090062514,39.36344249587835,39.26789007756798,39.147534500677196
2015-07-09,8908,5000,201150,40.75,40.75,40.1,40.1,0.0,5,39.91139068836031,39.65249619142057,39.42749097449763,39.292729179730124,39.154722919540006
2015-07-13,8908,18000,738500,40.2,41.65,40.2,41.15,1.05,17,40.32426045890687,39.92476961116228,39.57727436801957,39.34817009973818,39.16978161448687
2015-07-14,8908,16000,605150,38.0,38.0,37.1,37.9,0.0,16,39.516173639271244,39.55662968186005,39.431424422974395,39.304941141537036,39.16019835701905
2015-07-15,8908,2000,74500,37.0,37.5,37.0,37.5,-0.4,2,38.84411575951416,39.18269701243095,39.26347447315054,39.25106230149115,39.14766855809815
2015-07-16,8908,1000,37500,37.5,37.5,37.5,37.5,0.0,1,38.39607717300944,38.876752101079866,39.11012886678962,39.19879178502873,39.135233323697406
2015-07-17,8908,2000,74100,37.0,37.1,37.0,37.1,-0.4,2,37.96405144867296,38.55370626451989,38.93533505228618,39.1361412839831,39.119873072197805
2015-07-20,8908,3000,111500,37.2,37.2,37.1,37.1,0.0,3,37.67603429911531,38.28939603460718,38.77574069991346,39.075360947147786,39.104628747124615
2015-07-21,8908,9000,335100,37.5,37.5,36.65,37.5,0.4,9,37.6173561994102,38.14586948286042,38.664806726007946,39.028335247232924,39.092518341485935
2015-07-22,8908,9000,335100,37.5,37.5,36.65,37.5,0.4,9,37.57823746627347,38.02843866779489,38.56351918461595,38.98271329955433,39.080499335135094
2015-07-23,8908,11000,412500,37.5,37.5,37.5,37.5,0.0,6,37.55215831084898,37.932358910013996,38.47103925551891,38.93845320106017,39.06857103826615
2015-07-24,8908,11000,412500,37.5,37.5,37.5,37.5,0.0,6,37.534772207232656,37.85374819910236,38.386601059386834,38.89551429953599,39.05673276627923
2015-07-27,8908,4000,150000,37.5,37.5,37.5,37.5,0.0,3,37.523181471488435,37.78943034472012,38.30950531509232,38.85385715626626,39.04498383974128
2015-07-28,8908,6000,225000,37.5,37.5,37.5,37.5,0.0,1,37.51545431432562,37.7368066456801,38.23911354856256,38.81344350981055,39.033323584347
2015-07-29,8908,6000,225000,37.5,37.5,37.5,37.5,0.0,1,37.51030287621708,37.69375089192008,38.17484280520929,38.77423624086098,39.021751330880235
2015-07-30,8908,1000,37800,37.8,37.8,37.8,37.8,0.3,1,37.60686858414472,37.71306891157098,38.14224777866935,38.745154562029306,39.012530566118876
2015-07-31,8908,14000,527450,37.8,38.0,37.4,37.4,-0.4,7,37.53791238942981,37.65614729128534,38.077704493567666,38.70500069450604,39.000360524110434
2015-08-03,8908,14000,527450,37.8,38.0,37.4,37.4,-0.4,7,37.49194159295321,37.60957505650619,38.01877366804004,38.66604544989392,38.98828233147564
2015-08-04,8908,3000,114000,38.0,38.0,38.0,38.0,0.6,3,37.66129439530214,37.6805614098687,38.01714117516699,38.64616349616575,38.98082359689846
2015-08-05,8908,3000,114000,38.0,38.0,38.0,38.0,0.6,3,37.77419626353476,37.73864115352894,38.01565063819595,38.626875033593635,38.973421154657714
2015-08-06,8908,6000,227000,37.05,38.0,37.05,38.0,0.0,4,37.84946417568984,37.7861609437964,38.01428971313543,38.608162346023676,38.96607457990558
2015-08-07,8908,6000,227000,37.05,38.0,37.05,38.0,0.0,4,37.899642783793226,37.825040772197056,38.013047129384525,38.590008246142375,38.958783451000635
2015-08-10,8908,6000,227000,37.05,38.0,37.05,38.0,0.0,4,37.933095189195484,37.8568515408885,38.011912596394566,38.57239605969036,38.95154734948365
2015-08-11,8908,9000,338000,37.8,37.8,37.35,37.35,-0.45,8,37.73873012613032,37.76469671527241,37.954354979316776,38.53590662507274,38.939460199676226
2015-08-12,8908,6000,224500,37.45,37.45,37.4,37.4,0.05,6,37.62582008408688,37.69838822158651,37.90615019850662,38.50199896462281,38.927841632131496
2015-08-13,8908,6000,224500,37.45,37.45,37.4,37.4,0.05,6,37.55054672272459,37.64413581766169,37.862137137766915,38.46910347314153,38.91631075188899
2015-08-14,8908,3000,112300,37.7,37.7,37.3,37.3,-0.1,2,37.46703114848306,37.58156566899593,37.81325564752631,38.43420486200298,38.904112180176625
2015-08-17,8908,9000,333350,37.4,37.4,36.8,36.8,-0.5,8,37.24468743232204,37.43946282008758,37.72514646078489,38.38542262731632,38.88823208825077
2015-08-18,8908,14000,518000,36.85,37.45,36.85,37.45,0.65,8,37.31312495488136,37.44137867098075,37.70122068158621,38.35749956381434,38.877377506452646
2015-08-19,8908,5000,183600,36.8,36.8,36.7,36.7,-0.75,4,37.10874996992091,37.306582548984245,37.61415801362219,38.308021964894515,38.860944468668094
2015-08-20,8908,5000,182900,36.5,36.6,36.5,36.6,-0.1,5,36.93916664661394,37.178112994623476,37.525970360263734,38.257036234599155,38.84388073682909
2015-08-21,8908,16000,585600,36.6,36.6,36.6,36.6,0.0,13,36.826111097742626,37.07300154105557,37.44545119850167,38.20757246640217,38.82694578787189
2015-08-24,8908,44000,1551600,36.5,36.5,35.1,35.1,-1.5,26,36.250740731828415,36.71427398813638,37.24149892037109,38.11480910919614,38.79881789513324
2015-08-25,8908,21000,732900,34.2,35.1,34.2,35.1,0.0,13,35.86716048788561,36.420769626657034,37.05528162294752,38.02481480742909,38.77090228837752
2015-08-26,8908,13000,456300,35.1,35.1,35.1,35.1,0.0,5,35.61144032525708,36.18062969453757,36.88525713399556,37.937506902729716,38.74319736544637
2015-08-27,8908,5000,175600,35.1,35.2,35.1,35.2,0.1,5,35.47429355017139,36.00233338643983,36.73871303538725,37.855790278767635,38.71645625325432
2015-08-28,8908,1000,35600,35.6,35.6,35.6,35.6,0.4,1,35.51619570011426,35.929181861632586,36.63969451057097,37.78845325552084,38.69293582870146
2015-08-31,8908,8000,284800,35.6,35.6,35.6,35.6,0.0,6,35.54413046674284,35.869330614063024,36.54928629226045,37.72312629266948,38.66959291678673
2015-09-01,8908,1000,35700,35.7,35.7,35.7,35.7,0.1,1,35.59608697782856,35.83854322968793,36.475435310324755,37.66273446303755,38.64718089477325
2015-09-02,8908,6000,215050,35.5,36.0,35.5,36.0,0.3,6,35.73072465188571,35.8678990061083,36.434093109426954,37.613100598469266,38.62720217103911
2015-09-03,8908,3000,108000,36.0,36.0,36.0,36.0,0.0,2,35.82048310125714,35.89191736863407,36.396345882520265,37.56494834179854,38.60737423012561
2015-09-04,8908,3000,107700,36.0,36.0,35.7,35.7,-0.3,2,35.78032206750476,35.85702330160969,36.33579406664894,37.50927824204336,38.58543178310579
2015-09-07,8908,5000,180000,36.0,36.0,36.0,36.0,0.3,3,35.85354804500317,35.88301906495339,36.30659458259251,37.46422516019132,38.565919090403106
2015-09-08,8908,2000,72050,35.85,36.2,35.85,36.2,0.2,2,35.96903203000212,35.94065196223459,36.29732548845403,37.426487095708,38.54806309726799
2015-09-09,8908,2000,72050,35.85,36.2,35.85,36.2,0.2,2,36.046021353334744,35.98780615091921,36.28886240250151,37.38987554061224,38.53034186634522
2015-09-10,8908,1000,36200,36.2,36.2,36.2,36.2,0.0,1,36.09734756888983,36.02638685075208,36.28113523706659,37.35435686775814,38.51275438056148
2015-09-11,8908,6000,217300,36.2,36.3,36.2,36.3,0.1,5,36.16489837925989,36.076134696069886,36.282775651234715,37.322883528422075,38.49605434750064
2015-09-14,8908,2000,72600,36.3,36.3,36.3,36.3,0.0,1,36.20993225283993,36.11683747860263,36.284273420692564,37.29234969175276,38.47948035242516
2015-09-15,8908,9000,326650,36.3,36.3,36.25,36.3,0.0,7,36.23995483522662,36.15013975522034,36.28564094932799,37.26272731289447,38.46303144410497
2015-09-16,8908,5000,180100,36.0,36.1,36.0,36.1,-0.2,5,36.19330322348441,36.14102343608937,36.26949825808208,37.22801903489762,38.44519724452682
2015-09-17,8908,3000,108450,36.15,36.15,36.15,36.15,0.05,2,36.17886881565627,36.14265553861858,36.25910710520538,37.19583936221411,38.4278750011719
2015-09-18,8908,2000,72300,36.15,36.15,36.15,36.15,0.0,2,36.16924587710418,36.14399089523338,36.249619530839695,37.16462027677488,38.41068349172909
2015-09-21,8908,4000,144700,36.15,36.2,36.15,36.2,0.05,3,36.179497251402786,36.15417436882731,36.24530478902755,37.13582564164727,38.39399908801793
2015-09-22,8908,6000,217250,36.2,36.25,36.2,36.25,0.05,5,36.202998167601855,36.171597210858714,36.245713068242544,37.10938308518019,38.37781796282534
2015-09-23,8908,8000,289950,36.2,36.25,36.2,36.25,0.0,6,36.218665445067906,36.18585226342986,36.246085844917104,37.083729858756904,38.36175895933232
2015-09-24,8908,6000,217500,36.25,36.25,36.25,36.25,0.0,3,36.22911029671194,36.19751548826079,36.24642620622866,37.05884240028655,38.345821155865664
2015-09-25,8908,3000,108750,36.25,36.25,36.25,36.25,0.0,3,36.236073531141294,36.20705812675883,36.24673697090443,37.03469785102427,38.33000363770819
2015-09-30,8908,5000,181250,36.25,36.25,36.25,36.25,0.0,3,36.24071568742753,36.21486574007541,36.24702071256491,37.011274034575784,38.31430549704624
2015-10-01,8908,5000,181250,36.25,36.25,36.25,36.25,0.0,3,36.24381045828502,36.221253787334426,36.24727978103753,36.98854943652874,38.29872583291759
2015-10-02,8908,3000,108600,36.2,36.2,36.2,36.2,-0.05,3,36.22920697219001,36.21738946236453,36.24316849572992,36.965010647378634,38.282886392669155
2015-10-05,8908,12000,434650,36.5,36.5,36.15,36.2,0.0,8,36.219471314793346,36.214227741934614,36.239414713492536,36.942174508650915,38.26716649536599
2015-10-06,8908,15000,543950,36.05,36.5,36.0,36.2,0.0,11,36.212980876528896,36.21164087976469,36.23598734710188,36.92002004570611,38.25156523879719
2015-10-07,8908,11000,398100,36.2,36.3,36.1,36.3,0.1,11,36.24198725101926,36.227706174352925,36.2415536647452,36.90151198464026,38.23683644454212
2015-10-08,8908,7000,254400,36.35,36.4,36.3,36.3,0.0,6,36.26132483401284,36.24085050628876,36.246635954767356,36.88355640300921,38.222218810998406
2015-10-12,8908,1000,36400,36.4,36.4,36.4,36.4,0.1,1,36.30754988934189,36.26978677787262,36.25997195870063,36.8691218835164,38.20846621619842
2015-10-13,8908,1000,36400,36.4,36.4,36.4,36.4,0.1,1,36.338366592894594,36.29346190916851,36.27214831011797,36.855118245202476,38.19481741456673
2015-10-14,8908,1000,36400,36.4,36.4,36.4,36.4,0.1,1,36.35891106192973,36.31283247113787,36.28326584836858,36.8415326259427,38.18127162275868
2015-10-15,8908,1000,36400,36.4,36.4,36.4,36.4,0.1,1,36.37260737461982,36.328681112749166,36.29341664416262,36.82835254755635,38.16782806334163
2015-10-16,8908,5000,182350,36.4,36.55,36.4,36.5,0.1,4,36.41507158307988,36.35983000134023,36.31138041423544,36.818550978972574,38.155240681731506
2015-10-19,8908,5000,182350,36.4,36.55,36.4,36.5,0.1,4,36.44338105538659,36.38531545564201,36.3277821173454,36.80904199452563,38.142748299227875
2015-10-20,8908,5000,182350,36.4,36.55,36.4,36.5,0.1,4,36.46225403692439,36.40616719097982,36.342757585402325,36.799816860360686,38.13035019885634
2015-10-21,8908,5000,182350,36.4,36.55,36.4,36.5,0.1,4,36.47483602461626,36.423227701710765,36.356430838845604,36.790867103334996,38.11804566905365
2015-10-22,8908,3000,109100,36.1,36.9,36.1,36.9,0.4,3,36.61655734974417,36.50991357412699,36.40369772242425,36.7941248017429,38.108852871551356
2015-10-23,8908,3000,109100,36.1,36.9,36.1,36.9,0.4,3,36.71103823316278,36.580838378831174,36.44685444221344,36.79728525542222,38.099729453652856
2015-10-26,8908,3000,109100,36.1,36.9,36.1,36.9,0.4,3,36.77402548877519,36.63886776449824,36.4862584037601,36.80035136720066,38.090674891738495
2015-10-27,8908,12000,441750,36.85,36.9,36.8,36.9,0.0,6,36.81601699251679,36.68634635277128,36.52223593386791,36.80332595325437,38.081688666140465
2015-10-28,8908,12000,441750,36.85,36.9,36.8,36.9,0.0,6,36.84401132834453,36.72519247044923,36.55508498309679,36.80621174569454,38.07277026111299
2015-10-29,8908,1000,36500,36.5,36.5,36.5,36.5,-0.35,1,36.72934088556302,36.684248384913005,36.550294984566634,36.79707109656933,38.06090029687818
2015-10-30,8908,1000,36500,36.5,36.5,36.5,36.5,-0.35,1,36.65289392370868,36.650748678565186,36.5459215076478,36.78820330264189,38.0491199172791
2015-11-02,8908,2000,72900,36.45,36.45,36.45,36.45,-0.05,2,36.58526261580579,36.614248918826064,36.53758050698277,36.77810768166751,38.03705108771473
2015-11-03,8908,2000,72450,36.15,36.3,36.15,36.3,-0.15,2,36.49017507720386,36.55711275176678,36.51692133246253,36.76383581057296,38.02394126818481
2015-11-04,8908,3000,112200,38.8,38.8,36.4,36.4,0.1,3,36.46011671813591,36.528546796900095,36.50675426007449,36.75297504010809,38.0116851076702
2015-11-05,8908,2000,72950,36.1,36.85,36.1,36.85,0.45,2,36.590077812090605,36.58699283382735,36.53660171572018,36.75587130756755,38.002917672895336
2015-11-06,8908,1000,37000,37.0,37.0,37.0,37.0,0.15,1,36.72671854139374,36.662085045858746,36.576897218701035,36.763158731222255,37.99534848291122
2015-11-09,8908,1000,37000,37.0,37.0,37.0,37.0,0.15,1,36.81781236092916,36.72352412842988,36.61368876490094,36.770228619842484,37.987836418889245
2015-11-10,8908,1000,37000,37.0,37.0,37.0,37.0,0.15,1,36.87854157395277,36.77379246871536,36.647281046213905,36.77708746701136,37.98038104969008
2015-11-11,8908,2000,71850,35.35,36.5,35.35,36.5,-0.45,2,36.75236104930185,36.724012019858016,36.63447399871704,36.76881619933938,37.96920836252261
2015-11-12,8908,1000,36550,36.55,36.55,36.55,36.55,0.05,1,36.68490736620123,36.69237347079292,36.62712843361121,36.76228437249343,37.958497356013005
2015-11-13,8908,6000,218200,36.0,37.25,36.0,37.25,0.7,5,36.873271577467484,36.793760112466934,36.681291178514584,36.77684304794139,37.9531502061563
2015-11-16,8908,2000,74800,38.3,38.3,36.5,36.5,-0.75,2,36.74884771831166,36.74034918292749,36.66552672820897,36.76857907636105,37.94218303478908
2015-11-17,8908,5000,182500,37.8,37.8,36.1,36.3,-0.2,4,36.59923181220777,36.66028569512249,36.63374179532123,36.754591641245796,37.92978920056426
2015-11-18,8908,25000,894350,36.0,36.0,35.55,35.55,-0.75,15,36.249487874805176,36.458415568736584,36.539503378336775,36.71863368180562,37.911828527352455
2015-11-19,8908,16000,557900,35.55,35.55,34.55,35.55,0.0,12,36.016325249870114,36.29324910169357,36.45345960630749,36.683749094289034,37.894003406391306
2015-11-20,8908,3000,108800,36.8,36.8,35.7,36.3,0.75,3,36.110883499913406,36.29447653774928,36.44011529271553,36.67229389744458,37.88197319200345
2015-11-23,8908,4000,142000,34.7,37.45,34.7,37.45,1.15,4,36.55725566660894,36.50457171270396,36.52793135421853,36.69550900498355,37.87871301696946
2015-11-24,8908,22000,773500,36.5,36.5,35.0,35.55,-1.9,13,36.221503777739294,36.33101321948506,36.44289384515605,36.661314706327325,37.861137824388564
2015-11-25,8908,3000,105100,35.0,35.1,35.0,35.0,-0.55,3,35.81433585182619,36.08901081594232,36.31742481514248,36.61172322255636,37.83954433137431
2015-11-26,8908,10000,346150,34.5,35.1,34.5,35.1,0.1,5,35.57622390121746,35.90919066758917,36.21156178773879,36.566597156211394,37.81886852509979
2015-11-27,8908,24000,897250,35.1,38.6,35.1,37.0,1.9,17,36.05081593414497,36.107519637118415,36.28012163228324,36.57953455453344,37.812688385287714
2015-11-30,8908,13000,463200,37.0,37.0,35.4,35.4,-1.6,12,35.83387728942998,35.97887970309689,36.20358931643252,36.54432456783095,37.79447941634215
2015-12-01,8908,3000,106800,35.4,36.0,35.4,36.0,0.6,2,35.88925152628665,35.98271975707927,36.1858858976123,36.52807607326883,37.78093617546409
2015-12-02,8908,1000,35050,35.05,35.05,35.05,35.05,-0.95,1,35.60950101752443,35.813134346701226,36.08711321086341,36.48395439943991,37.76032533640399
2015-12-03,8908,1000,35650,35.65,35.65,35.65,35.65,0.6,1,35.62300067834962,35.78347355639191,36.049103366440505,36.4590602382626,37.744398352733015
2015-12-04,8908,1000,36300,36.3,36.3,36.3,36.3,0.65,1,35.84866711889975,35.877387455229744,36.07092046501089,36.45431217144879,37.73349723308975
2015-12-07,8908,1000,35200,35.2,35.2,35.2,35.2,-1.1,1,35.632444745933164,35.75422609973343,35.99518825066212,36.41687001707719,37.71437649925511
2015-12-08,8908,4000,140800,35.2,35.2,35.2,35.2,0.0,3,35.48829649728878,35.65345771796372,35.92604144625672,36.38054553895548,37.695400072845636
2015-12-09,8908,4000,140800,35.2,35.2,35.2,35.2,0.0,3,35.39219766485919,35.571010860152136,35.862907407451786,36.34530537361353,37.676566864748686
2015-12-10,8908,1000,35200,35.2,35.2,35.2,35.2,0.0,1,35.328131776572796,35.503554340124474,35.805263285064676,36.31111715350566,37.65787579407134
2015-12-11,8908,6000,206750,34.45,34.5,34.45,34.45,-0.75,5,35.03542118438187,35.31199900555639,35.68741430375471,36.25556141758012,37.63366541071986
2015-12-14,8908,9000,309600,34.4,34.5,34.0,34.0,-0.45,6,34.69028078958791,35.073453731818866,35.54068262516734,36.188231226010565,37.60624152082763
2015-12-15,8908,6000,203850,34.0,34.0,33.9,34.0,0.0,6,34.46018719305861,34.87828032603362,35.40671022297888,36.12291089090577,37.57902460368931
2015-12-16,8908,2000,68050,34.05,34.05,34.0,34.0,0.0,2,34.30679146203907,34.7185929940275,35.28438759489376,36.05954041655038,37.55201309724637
2015-12-17,8908,3000,101850,34.0,34.0,33.85,33.85,-0.15,3,34.15452764135938,34.560666995113415,35.15965823881604,35.993583986205586,37.52407337575772
2015-12-18,8908,4000,135250,33.5,34.0,33.5,34.0,0.15,4,34.10301842757292,34.45872754145643,35.058818391962475,35.9340740164681,37.49747659556333
2015-12-21,8908,5000,168750,34.0,34.0,33.4,33.95,-0.05,5,34.05201228504861,34.36623162482799,34.96239940135704,35.87484792642428,37.47070318729492
2015-12-22,8908,5000,168750,34.0,34.0,33.4,33.95,-0.05,5,34.01800819003241,34.290553147586536,34.874364670804255,35.81738977936684,37.44413184248515
2015-12-23,8908,1000,34000,34.0,34.0,34.0,34.0,0.05,1,34.012005460021605,34.2377253025708,34.79833296029954,35.76313933819171,37.41813839461734
2015-12-24,8908,1000,34000,34.0,34.0,34.0,34.0,0.05,1,34.0080036400144,34.1945025202852,34.72891270288219,35.71050831317107,37.392341123714566
2015-12-25,8908,5000,170000,34.0,34.0,34.0,34.0,0.0,4,34.0053357600096,34.15913842568789,34.66552898958809,35.65944836352417,37.366738549195965
2015-12-28,8908,2000,67900,34.0,34.0,33.9,33.9,-0.1,2,33.9702238400064,34.1120223482901,34.598961251363036,35.606927516851805,37.34057448467373
2015-12-29,8908,2000,68200,34.45,34.45,33.75,33.75,-0.15,2,33.896815893337596,34.04620010314644,34.52513853385321,35.551496844706975,37.3134758093177
2015-12-30,8908,4000,134700,33.7,33.7,33.65,33.7,-0.05,4,33.831210595558396,33.98325462984709,34.45338735699641,35.49622828217841,37.28620429377568
2015-12-31,8908,1000,33950,33.95,33.95,33.95,33.95,0.25,1,33.8708070637056,33.97720833351126,34.409614543344546,35.45007221405368,37.2610253934453
2016-01-04,8908,1000,33800,33.8,33.8,33.8,33.8,-0.15,1,33.84720470913707,33.94498863650921,34.356604583053716,35.400816327067,37.23490444707968
2016-01-05,8908,1000,33400,33.4,33.4,33.4,33.4,-0.4,1,33.698136472758044,33.845899793507535,34.273421575831655,35.34109046655754,37.20596177200738
2016-01-06,8908,1000,32500,32.5,32.5,32.5,32.5,-0.9,1,33.298757648505365,33.60119074014253,34.11921100402021,35.25628179591403,37.17044507938845
2016-01-07,8908,2000,65100,32.5,32.6,32.5,32.6,0.1,2,33.06583843233691,33.41915606011661,33.9871056993228,35.17698980200615,37.135951154260994
2016-01-08,8908,2000,65450,32.75,32.75,32.7,32.7,0.1,2,32.94389228822461,33.28840041282268,33.875183464599075,35.10304980791641,37.10247227762506
2016-01-11,8908,4000,127400,32.0,32.0,31.75,31.85,-0.85,4,32.579261525483076,33.02687306503674,33.69908055463394,35.005943843501,37.06283097741657
2016-01-12,8908,2000,63750,31.85,31.9,31.85,31.9,0.05,2,32.35284101698872,32.82198705321188,33.54263876727446,34.91322910190396,37.023866215322855
2016-01-13,8908,5000,160650,32.45,32.45,31.9,31.9,0.0,5,32.20189401132581,32.65435304353699,33.39980061359842,34.82328196453369,36.98519552690532
2016-01-14,8908,5000,160650,32.45,32.45,31.9,31.9,0.0,5,32.10126267421721,32.51719794471209,33.26938316893769,34.736019816338654,36.94681669274
2016-01-15,8908,5000,157650,31.9,31.9,31.25,31.25,-0.65,5,31.81750844947814,32.2867983184008,33.09378463250833,34.63195952331362,36.90382184977592
2016-01-18,8908,5000,157650,31.9,31.9,31.25,31.25,-0.65,5,31.62833896631876,32.098289533237015,32.93345553402935,34.53100550769231,36.86115149619271
2016-01-19,8908,5000,157650,31.9,31.9,31.25,31.25,-0.65,5,31.50222597754584,31.944055072648467,32.78706809628767,34.43306504477612,36.8188031830139
2016-01-20,8908,5000,157650,31.9,31.9,31.25,31.25,-0.65,5,31.41815065169723,31.817863241257836,32.65341000095831,34.33804817776788,36.77677447974587
2016-01-21,8908,5000,157650,31.9,31.9,31.25,31.25,-0.65,5,31.362100434464818,31.714615379210958,32.531374348701064,34.245867635147945,36.73506297423835
2016-01-22,8908,5000,159100,32.1,32.1,31.05,31.05,-1.85,4,31.25806695630988,31.59377621935442,32.40255918794445,34.15046860126293,36.69215683858373
2016-01-25,8908,4000,124950,31.2,31.25,31.2,31.25,0.2,4,31.25537797087325,31.53127145219907,32.30233664986232,34.06388744898642,36.6510839567831
2016-01-26,8908,3000,93700,31.2,31.25,31.2,31.25,0.0,2,31.2535853139155,31.480131188162876,32.210829115091684,33.97989080871817,36.61032105899606
2016-01-27,8908,2000,62100,31.05,31.05,31.05,31.05,-0.2,2,31.185723542610333,31.401925517587806,32.109887452909796,33.89243138159225,36.56835637175835
2016-01-28,8908,1000,31200,31.2,31.2,31.2,31.2,0.15,1,31.190482361740223,31.365211787117296,32.030766804830684,33.812060295574575,36.527840474613
2016-01-29,8908,1000,31200,31.2,31.2,31.2,31.2,0.15,1,31.193654907826815,31.335173280368696,31.958526213106275,33.73408834645294,36.48763035782347
2016-01-30,8908,2000,62800,31.75,31.75,31.05,31.05,-0.7,2,31.14576993855121,31.283323593028932,31.87952393370573,33.653966306260315,36.44659163814178
2016-02-01,8908,5000,155300,31.05,31.1,31.0,31.1,0.05,5,31.130513292367475,31.249992030660035,31.811739243818277,33.57772850607344,36.406240003136936
2016-02-02,8908,10000,305550,31.1,31.75,30.15,31.75,0.65,9,31.337008861578315,31.340902570540027,31.806370613921036,33.52316944619065,36.371098569150995
2016-02-03,8908,2000,64300,33.15,33.15,31.15,31.15,-0.6,2,31.274672574385544,31.30619301226002,31.749294908362685,33.452328567199885,36.33169405164797
2016-02-15,8908,2000,64300,33.15,33.15,31.15,31.15,-0.6,2,31.233115049590364,31.277794282758197,31.697182307635494,33.38360234131332,36.292586926729875
2016-02-16,8908,2000,64400,33.2,33.2,31.2,31.2,0.05,2,31.22207669972691,31.26364986771125,31.653949063493275,33.31842018187113,36.25415230841493
2016-02-17,8908,3000,95850,32.85,32.85,31.5,31.5,0.3,3,31.314717799817938,31.306622619036478,31.640562188406903,33.26413898241229,36.21827191363444
2016-02-18,8908,13000,424000,32.85,32.85,32.5,32.65,1.15,9,31.75981186654529,31.550873051938936,31.728339389414998,33.24580647547461,36.191341559569274
2016-02-19,8908,13000,424000,32.85,32.85,32.5,32.65,1.15,9,32.05654124436353,31.750714315222766,31.808483790335433,33.22802120754999,36.164614453459315
2016-02-22,8908,13000,424000,32.85,32.85,32.5,32.65,1.15,9,32.25436082957569,31.91422080336408,31.88165911291496,33.210766843145514,36.13808906135773
2016-02-23,8908,3000,98100,32.75,32.75,32.65,32.65,0.0,3,32.386240553050456,32.04799883911607,31.948471363965833,33.1940275343949,36.111763860894655
2016-02-24,8908,3000,98100,32.75,32.75,32.65,32.65,0.0,3,32.4741603687003,32.15745359564042,32.00947385405576,33.177787906502516,36.08563734118979
2016-02-25,8908,10000,330950,32.2,33.2,32.2,33.2,0.0,4,32.71610691246687,32.34700748734216,32.11299786674657,33.1784509540696,36.06385894616194
2016-02-26,8908,1000,32050,32.05,32.05,32.05,32.05,-1.15,1,32.49407127497791,32.29300612600722,32.1075197913773,33.14476585096305,36.03356567109657
2016-03-01,8908,2000,66350,33.15,33.2,33.15,33.2,1.15,2,32.729380849985276,32.45791410309682,32.20251807038797,33.146414631531314,36.01218026980527
2016-03-02,8908,15000,486100,33.2,33.2,32.05,32.5,-0.7,8,32.65292056665685,32.46556608435194,32.228386064267276,33.12711867238112,35.98567324890108
2016-03-03,8908,14000,450300,32.4,32.4,32.0,32.0,-0.5,10,32.435280377771235,32.38091770537886,32.2085264065049,33.09347333887721,35.95559269607919
2016-03-04,8908,14000,453950,32.0,34.1,32.0,32.9,0.9,10,32.590186918514156,32.475296304400885,32.268654545069694,33.087698015328634,35.932531619127644
2016-03-07,8908,14000,453950,32.0,34.1,32.0,32.9,0.9,10,32.6934579456761,32.55251515814618,32.323554149846245,33.082095089497926,35.90964458803989
2016-03-08,8908,14000,453950,32.0,34.1,32.0,32.9,0.9,10,32.7623052971174,32.61569422030142,32.37367987594657,33.07665941518456,35.88693028926223
2016-03-09,8908,2000,65200,32.2,33.0,32.2,33.0,0.1,2,32.84153686474493,32.68556799842843,32.428142495429476,33.07437107443278,35.865142136135724
2016-03-10,8908,15000,484400,32.2,32.3,32.2,32.3,-0.7,9,32.66102457649662,32.6154647259869,32.41699966973996,33.0512555199721,35.83823540303281
2016-03-11,8908,5000,162400,32.3,33.0,32.3,32.5,0.2,4,32.60734971766441,32.594471139443826,32.42421708976257,33.03480013131622,35.81304117357596
2016-03-14,8908,2000,65100,32.6,32.6,32.5,32.5,0.0,2,32.57156647844294,32.57729456863586,32.43080690804409,33.01883594829185,35.788037089247084
2016-03-15,8908,2000,65100,32.6,32.6,32.5,32.5,0.0,2,32.547710985628626,32.563241010702065,32.43682369864895,33.00334830804433,35.76322171498862
2016-03-16,8908,2000,65800,32.9,32.9,32.9,32.9,0.4,1,32.66514065708575,32.624469917847144,32.47709989876643,33.0002632839236,35.741612494498135
2016-03-17,8908,7000,227850,32.9,32.9,32.0,32.9,0.0,7,32.743427104723835,32.67456629642039,32.51387382061283,32.997270350075134,35.720166362464184
2016-03-18,8908,3000,98300,32.5,32.9,32.5,32.9,0.0,3,32.79561806981589,32.71555424252577,32.547450010124756,32.99436675753558,35.698882088030494
2016-03-21,8908,3000,98300,32.5,32.9,32.5,32.9,0.0,3,32.83041204654393,32.749089834793814,32.578106530983476,32.99154983940019,35.67775844963026
2016-03-22,8908,1000,33050,33.05,33.05,33.05,33.05,0.15,1,32.903608031029286,32.80380077392221,32.61914074568057,32.99329462031362,35.657926310387765
2016-03-23,8908,1000,33000,33.0,33.0,33.0,33.0,-0.05,1,32.93573868735286,32.83947336048181,32.65225894170835,32.99349478090127,35.63786648917729
2016-03-24,8908,13000,428950,32.95,33.0,32.95,33.0,0.0,7,32.95715912490191,32.86866002221239,32.68249729460327,32.99368896654601,35.617958062843876
2016-03-25,8908,2000,65950,32.95,33.0,32.95,33.0,0.0,2,32.97143941660127,32.892540018173776,32.71010622550734,32.99387735560434,35.59819988878468
2016-03-28,8908,1000,33050,33.05,33.05,33.05,33.05,0.05,1,32.99762627773418,32.921169105778546,32.73966220589801,32.99555265842212,35.57896819151083
2016-03-29,8908,1000,33050,33.05,33.05,33.05,33.05,0.05,1,33.01508418515612,32.9445929047279,32.76664810103731,32.997177952200566,35.55988163912207
2016-03-30,8908,1000,33050,33.05,33.05,33.05,33.05,0.05,1,33.02672279010408,32.96375783114101,32.79128739659929,32.99875472974682,35.5409391361853
2016-03-31,8908,5000,164600,32.5,33.75,32.5,33.25,-1.25,5,33.101148526736054,33.01580186184265,32.831175449068915,33.006254588560346,35.52364902949711
2016-04-01,8908,4000,131300,33.0,33.1,32.6,32.6,-0.65,4,32.93409901782404,32.940201523325804,32.8110732361064,32.99412758591675,35.50158375380279
2016-04-06,8908,4000,132300,32.55,34.55,32.55,34.55,1.95,3,33.472732678549356,33.23289215544838,32.962284259053675,33.04057153857595,35.49440198962315
2016-04-07,8908,6000,200950,33.45,33.5,33.45,33.5,-1.05,4,33.48182178569957,33.28145721809413,33.009042149570746,33.05428582100652,35.47934989913543
2016-04-08,8908,4000,134700,33.65,33.7,33.65,33.7,0.2,4,33.55454785713305,33.35755590571338,33.06912544091242,33.07356087112573,35.4659208432929
2016-04-11,8908,3000,101350,33.85,33.85,33.7,33.7,0.0,3,33.60303190475537,33.41981846831095,33.12398409822438,33.09226054661451,35.45259313881522
2016-04-12,8908,3000,101350,33.85,33.85,33.7,33.7,0.0,3,33.63535460317025,33.47076056498169,33.17407243750922,33.110402022834975,35.43936602078642
2016-04-13,8908,3000,101350,33.85,33.85,33.7,33.7,0.0,3,33.65690306878017,33.51244046225774,33.219805269030154,33.12800196245184,35.42623873006351
2016-04-14,8908,3000,100400,33.0,33.7,33.0,33.7,0.0,3,33.67126871252011,33.5465421963927,33.26156133259275,33.14507653073686,35.41321051323284
2016-04-15,8908,2000,67400,33.7,33.7,33.7,33.7,0.0,1,33.68084580834674,33.57444361523039,33.29968643410642,33.16164141041636,35.40028062256693
2016-04-18,8908,2000,67400,33.7,33.7,33.7,33.7,0.0,1,33.68723053889783,33.59727204882487,33.334496309401516,33.17771181607557,35.38744831598152
2016-04-19,8908,12000,408000,34.0,34.0,34.0,34.0,0.3,3,33.791487025931886,33.670495312674895,33.39236619554051,33.202257732013614,35.37697700793638
2016-04-20,8908,12000,408000,34.0,34.0,34.0,34.0,0.3,3,33.860991350621255,33.73040525582491,33.44520391766742,33.22607093404306,35.3665847286312
2016-04-21,8908,2000,66300,33.15,33.15,33.15,33.15,-1.65,2,33.6239942337475,33.62487702749311,33.4195340117833,33.22380015989252,35.34985578728304
2016-04-22,8908,2000,66300,33.15,33.15,33.15,33.15,-1.65,2,33.46599615583167,33.53853574976709,33.39609627162823,33.22159717004498,35.333253102096
2016-04-25,8908,1000,32600,32.6,32.6,32.6,32.6,-0.55,1,33.17733077055445,33.367892886173074,33.32687050887795,33.20304203064065,35.312624776797165
2016-04-26,8908,3000,97900,32.65,32.65,32.6,32.6,0.0,3,32.98488718036963,33.22827599777797,33.26366437767118,33.185040775994665,35.292152136972284
2016-04-27,8908,4000,133700,34.85,34.85,32.15,32.3,-0.3,4,32.75659145357975,33.05949854363652,33.179867475264984,33.158621648353034,35.269569856693245
2016-04-28,8908,2000,67550,35.1,35.1,32.45,32.45,0.15,2,32.6543943023865,32.9486806266117,33.11640073828542,33.13746876332757,35.2482900841899
2016-04-29,8908,7000,235050,35.1,35.1,32.0,32.0,-0.45,6,32.436262868257664,32.77619323995503,33.019322413217125,33.10351447188496,35.22377468732809
2016-05-03,8908,2000,68650,34.65,34.65,34.0,34.0,2.0,2,32.95750857883844,32.998703559963204,33.10459872511129,33.13027523391824,35.214538651952026
2016-05-04,8908,2000,68650,34.65,34.65,34.0,34.0,2.0,2,33.305005719225626,33.18075745815171,33.182459705536395,33.15623716723412,35.20537232250333
2016-05-05,8908,5000,162450,32.15,33.85,32.15,33.85,-0.05,5,33.48667047948375,33.30243792030595,33.24050668766367,33.176946505525635,35.19514309742783
2016-05-06,8908,5000,162450,32.15,33.85,32.15,33.85,-0.05,5,33.60778031965583,33.4019946620685,33.293506106127694,33.19703765461442,35.18499107405102
2016-05-09,8908,5000,159200,31.4,33.15,31.4,33.15,-0.15,5,33.45518687977055,33.35617745078332,33.281027314290505,33.19563354552145,35.16963265085064
2016-05-10,8908,8000,263050,34.55,34.55,31.8,33.65,0.5,8,33.5201245865137,33.40959973245908,33.31311189565655,33.209196723267084,35.15816372518384
2016-05-11,8908,3000,99950,34.35,34.35,32.8,32.8,-0.85,3,33.2800830576758,33.29876341746652,33.26849346994728,33.19698189570687,35.14036626310698
2016-05-12,8908,1000,33650,33.65,33.65,33.65,33.65,0.85,1,33.4033887051172,33.36262461429079,33.30166795082143,33.21050482419323,35.129118215838254
2016-05-13,8908,5000,159650,31.95,32.0,31.8,31.9,-1.75,5,32.9022591367448,33.096692866237916,33.17978378118479,33.17138527720239,35.1047475123225
2016-05-16,8908,14000,446600,32.35,33.2,31.5,33.2,1.3,14,33.0015060911632,33.115475981467384,33.181541713255676,33.17223944803217,35.09037205939931
2016-05-17,8908,4000,134050,34.85,34.85,32.3,33.45,0.25,4,33.15100406077547,33.1762985302915,33.20488591210301,33.18053080779241,35.077991892913275
2016-05-18,8908,1000,33500,33.5,33.5,33.5,33.5,0.05,1,33.26733604051698,33.23515334296577,33.23054800670275,33.19006720158965,35.06608252013657
2016-05-19,8908,1000,35000,35.0,35.0,35.0,35.0,1.5,1,33.84489069367799,33.556034553335635,33.38441339742425,33.244095046318314,35.06558378413554
2016-05-20,8908,7000,231150,32.85,33.5,32.6,32.6,-2.4,7,33.42992712911866,33.382210089092794,33.31620353677866,33.224868328517765,35.04697560463263
2016-05-23,8908,3000,100500,34.6,34.6,32.6,33.3,0.7,3,33.3866180860791,33.367262800166834,33.31479453358052,33.22711106497992,35.03379088308823
2016-05-24,8908,3000,100500,34.6,34.6,32.6,33.3,0.7,3,33.3577453907194,33.3550332001365,33.313508052399605,33.229286854085,35.020705668876246
2016-05-25,8908,1000,33300,33.3,33.3,33.3,33.3,0.0,1,33.33849692714627,33.34502716374805,33.312333439147466,33.23139769426157,35.007719210997934
2016-05-26,8908,2000,66000,33.0,33.0,33.0,33.0,-0.3,2,33.22566461809751,33.28229495215749,33.28517400965638,33.22449030040301,34.99256661317908
2016-05-27,8908,2000,66000,33.0,33.0,33.0,33.0,-0.3,2,33.150443078731676,33.230968597219764,33.26037626968626,33.217789097405905,34.97752837458905
2016-05-30,8908,2000,66000,33.0,33.0,33.0,33.0,-0.3,2,33.10029538582112,33.18897430681617,33.237734854930935,33.21128793031916,34.96260363213932
2016-05-31,8908,1000,33000,33.0,33.0,33.0,33.0,0.0,1,33.06686359054741,33.154615341940506,33.217062258849985,33.204980827921574,34.94779152925525
2016-06-01,8908,1000,33000,33.0,33.0,33.0,33.0,0.0,1,33.04457572703161,33.12650346158769,33.19818727981955,33.19886199723735,34.933091215826906
2016-06-02,8908,1000,33000,33.0,33.0,33.0,33.0,0.0,1,33.029717151354404,33.10350283220811,33.180953603313505,33.19292581821534,34.91850184816029
2016-06-03,8908,6000,197750,32.85,33.0,32.85,33.0,-0.55,6,33.01981143423627,33.084684135443,33.1652185073732,33.18716683856712,34.90402258892889
2016-06-04,8908,6000,197750,32.85,33.0,32.85,33.0,-0.55,6,33.013207622824176,33.06928701990791,33.15085168064509,33.18157976875915,34.889652607125655
2016-06-06,8908,3000,97250,32.1,32.6,32.1,32.6,-0.35,3,32.87547174854945,32.983962107197385,33.10295153450204,33.16421917864694,34.872372210090745
2016-06-07,8908,3000,97250,32.1,32.6,32.1,32.6,-0.35,3,32.7836478323663,32.91415081497968,33.059216618458386,33.14737681510524,34.85522223114666
2016-06-08,8908,1000,33000,33.0,33.0,33.0,33.0,0.4,1,32.855765221577535,32.92975975771065,33.05406734728809,33.14297750719165,34.84122055393046
2016-06-13,8908,1000,33000,33.0,33.0,33.0,33.0,0.4,1,32.90384348105169,32.942530710854165,33.04936583882826,33.13870952190235,34.827324549749854
2016-06-14,8908,2000,65200,32.6,32.6,32.6,32.6,-2.05,2,32.80256232070113,32.88025239978977,33.01029054849537,33.122628640651534,34.81051455314797
2016-06-15,8908,11000,360000,33.0,33.0,32.7,32.7,0.1,3,32.76837488046742,32.84747923619163,32.98330876166968,33.110012860333576,34.794586141426095
2016-06-16,8908,11000,360000,33.0,33.0,32.7,32.7,0.1,3,32.745583253644945,32.82066482961134,32.95867321717667,33.097773670472876,34.778777944132315
2016-06-17,8908,11000,360000,33.0,33.0,32.7,32.7,0.1,3,32.7303888357633,32.79872576968201,32.936179893943915,33.08589982956324,34.76308905398792
2016-06-20,8908,1000,32300,32.3,32.3,32.3,32.3,-1.05,1,32.586925890508866,32.70804835701255,32.88085990316618,33.06244013315837,34.744499702637064
2016-06-21,8908,14000,454000,34.65,34.65,31.95,31.95,-0.35,13,32.37461726033924,32.57022138301027,32.79991556376043,33.02923296500439,34.72340913884358
2016-06-22,8908,7000,226150,33.45,33.45,31.9,31.9,-0.05,6,32.216411506892825,32.448362949735674,32.721662036476914,32.99552451828784,34.702100390625894
2016-06-23,8908,7000,224400,33.8,33.8,31.4,33.05,1.15,6,32.49427433792855,32.55775150432919,32.750213163739794,32.99715065207029,34.68963170843249
2016-06-24,8908,3000,100750,35.25,35.25,32.5,32.5,-0.55,3,32.496182891952365,32.547251230814794,32.72845549732764,32.98231033409804,34.673106186104704
2016-06-27,8908,1000,34650,34.65,34.65,34.65,34.65,2.15,1,33.21412192796824,32.92956918884847,32.895546323646975,33.03209211516974,34.672931799794476
2016-06-28,8908,4000,132700,34.3,34.3,32.3,33.35,-1.3,4,33.25941461864549,33.006011154512386,32.935064034634195,33.04158190277661,34.66294740885263
2016-06-29,8908,3000,97000,32.3,32.65,32.05,32.65,-0.7,3,33.05627641243033,32.941281853691954,32.91027585770948,33.02989289075343,34.64775535293676
2016-06-30,8908,3000,97000,32.3,32.65,32.05,32.65,-0.7,3,32.920850941620216,32.88832151665705,32.887643174430394,33.01855280446228,34.63267795404667
2016-07-01,8908,1000,32500,32.5,32.5,32.5,32.5,-0.1,1,32.78056729441348,32.817717604537584,32.853935072306015,33.003073616269376,34.61658227137462
2016-07-04,8908,3000,99250,33.45,33.45,32.9,32.9,0.4,3,32.820378196275655,32.8326780400762,32.857940718192445,32.99999679190312,34.60362693347745
2016-07-05,8908,1000,31950,31.95,31.95,31.95,31.95,-0.95,1,32.530252130850435,32.67219112369871,32.7789893513931,32.96865360408512,34.5835995603946
2016-07-06,8908,5000,162400,32.8,32.8,32.0,32.0,0.05,5,32.35350142056696,32.54997455575349,32.711251146924134,32.93973857112736,34.56410069578785
2016-07-07,8908,1000,33550,33.55,33.55,33.55,33.55,1.55,1,32.75233428037797,32.73179736379831,32.78418582980029,32.95795533019818,34.55644710563096
2016-07-11,8908,4000,129100,32.1,32.4,32.1,32.4,-1.15,4,32.63488952025198,32.671470570380436,32.7507783663394,32.94129994720719,34.54017203313563
2016-07-12,8908,4000,129100,32.1,32.4,32.1,32.4,-1.15,4,32.55659301350132,32.62211228485672,32.720275899701186,32.92514173982787,34.52401979137612
2016-07-13,8908,8000,255300,32.0,32.4,31.8,32.4,0.0,7,32.50439534233421,32.58172823306459,32.6924258214663,32.90946586699719,34.507989453328
2016-07-14,8908,3000,96400,32.0,32.4,32.0,32.4,0.0,3,32.46959689488948,32.54868673614375,32.666997489164885,32.894257930668914,34.492080098963264
2016-07-15,8908,4000,128650,32.0,32.25,32.0,32.25,-0.15,3,32.396397929926316,32.49438005684489,32.630736837933156,32.875026350648945,34.475158739725806
2016-07-18,8908,3000,98350,33.95,33.95,31.9,31.9,-0.35,3,32.23093195328421,32.386310955600365,32.56719450419984,32.84592108645047,34.45572357942599
2016-07-19,8908,3000,99850,33.45,33.45,33.2,33.2,1.3,3,32.55395463552281,32.53425441821848,32.62222106905203,32.856490606257914,34.44624642033598
2016-07-20,8908,3000,99550,33.5,33.5,33.0,33.0,-0.2,3,32.702636423681874,32.61893543308785,32.655071410873596,32.860774468757675,34.43533135301269
2016-07-21,8908,3000,99550,33.5,33.5,33.0,33.0,-0.2,3,32.80175761578791,32.68821989979915,32.68506520123241,32.86493045476491,34.424498663555994
2016-07-22,8908,1000,32500,32.5,32.5,32.5,32.5,-0.4,1,32.70117174385861,32.65399809983567,32.66897257503829,32.85403700835402,34.40997414534048
2016-07-25,8908,4000,128300,32.1,32.1,32.0,32.1,-0.4,4,32.50078116257241,32.55327117259282,32.619496698948005,32.83152844094047,34.39254037820583
2016-07-26,8908,4000,128300,32.1,32.1,32.0,32.1,-0.4,4,32.36718744171494,32.4708582321214,32.574323072952524,32.809691771061644,34.3752381866722
2016-07-27,8908,1000,33800,33.8,33.8,33.8,33.8,1.7,1,32.84479162780996,32.71252037173569,32.68090367530448,32.83925321073144,34.370896766395425
2016-07-28,8908,2000,64100,32.05,32.05,32.05,32.05,-1.75,1,32.57986108520664,32.5920621223292,32.62604248614757,32.815693413396176,34.35338056438489
2016-07-29,8908,1000,33100,33.1,33.1,33.1,33.1,1.05,1,32.753240723471094,32.6844144637239,32.667256183004305,32.82418017717539,34.34392108842727
2016-08-01,8908,8000,254100,31.9,32.0,31.0,32.0,-1.1,8,32.50216048231406,32.55997547031955,32.60923390622132,32.79957778382688,34.32623111794857
2016-08-02,8908,1000,32000,32.0,32.0,32.0,32.0,0.0,1,32.33477365487604,32.45816174844327,32.55625704481077,32.775709790279805,34.308674656681035
2016-08-03,8908,10000,320000,32.0,32.0,32.0,32.0,0.0,2,32.223182436584025,32.37485961236267,32.50788686700114,32.75255427415205,34.29125069700797
2016-08-04,8908,16000,512250,31.8,32.3,31.8,32.3,0.3,8,32.248788291056016,32.36124877375128,32.48980974813148,32.73904519134154,34.276222389860735
2016-08-05,8908,16000,512250,31.8,32.3,31.8,32.3,0.3,8,32.26585886070401,32.35011263306923,32.473304552641785,32.72593936473433,34.26130750389952
2016-08-08,8908,10000,320000,32.0,32.0,32.0,32.0,-0.3,2,32.17723924046934,32.286455790693005,32.43214763502076,32.704269532951216,34.24424103217198
2016-08-09,8908,10000,320000,32.0,32.0,32.0,32.0,0.0,1,32.118159493646225,32.234372919657915,32.39456957980156,32.68324656181834,34.22730336400464
2016-08-10,8908,1000,32000,32.0,32.0,32.0,32.0,0.0,1,32.07877299576415,32.19175966153829,32.36025918155795,32.66285114206257,34.21049352729517
2016-08-11,8908,1000,32950,32.95,32.95,32.95,32.95,0.95,1,32.3691819971761,32.329621541258604,32.41154099185726,32.67142274976219,34.2009803685986
2016-08-12,8908,10000,330800,33.8,33.8,33.0,33.0,0.05,9,32.579454664784066,32.45150853375704,32.46271134039141,32.68123102588869,34.191916365816724
2016-08-15,8908,3000,98150,34.0,34.0,32.0,32.0,-1.0,3,32.386303109856044,32.36941607307394,32.42247557166172,32.66089577138455,34.175373600791694
2016-08-16,8908,4000,127900,32.0,32.0,31.9,31.9,-0.1,4,32.224202073237365,32.28406769615141,32.37704291325635,32.63818246477606,34.158200969842326
2016-08-17,8908,23000,733700,32.0,32.5,31.6,32.5,0.6,8,32.31613471549158,32.32332811503297,32.38773483384276,32.634057615081254,34.14568624554163
2016-08-18,8908,12000,395050,33.0,33.0,32.5,32.5,0.0,3,32.377423143661055,32.355450275936064,32.397497022204256,32.63005589522808,34.133265971990376
2016-08-19,8908,13000,428900,33.0,33.0,32.95,32.95,0.45,4,32.56828209577404,32.46355022576587,32.44554075940388,32.63960646551978,34.124335662767805
2016-08-22,8908,1000,32950,32.95,32.95,32.95,32.95,0.0,1,32.695521397182695,32.551995639262984,32.48940678032528,32.64887194416099,34.115472752105404
2016-08-23,8908,16000,528550,32.95,33.6,32.95,33.6,0.65,6,32.99701426478846,32.74254188666971,32.585980103775256,32.67726382642484,34.111582391712155
2016-08-24,8908,13000,427350,33.0,33.0,32.45,32.9,-0.7,11,32.96467617652564,32.77117063454795,32.61328618170784,32.68391266742709,34.1024383736615
2016-08-25,8908,13000,398750,30.95,30.95,30.45,30.7,0.0,12,32.20978411768376,32.39459415553923,32.446913470254984,32.624691393772544,34.07675959348292
2016-08-26,8908,9000,274000,30.5,30.6,30.4,30.4,-0.3,6,31.606522745122508,32.031940672713915,32.26892099458064,32.55828269545098,34.0490104644755
2016-08-29,8908,9000,274400,30.5,30.5,30.4,30.5,0.1,5,31.237681830081673,31.75340600494775,32.115101777660584,32.4968414209599,34.02222547983795
2016-08-30,8908,2000,61000,30.5,30.5,30.5,30.5,0.0,2,30.991787886721117,31.52551400404816,31.974658144820534,32.43723421436408,33.995642646027854
2016-08-31,8908,1000,30500,30.5,30.5,30.5,30.5,0.0,1,30.82785859114741,31.339056912403038,31.846427001792662,32.37940632736814,33.96926043737859
2016-09-01,8908,1000,30500,30.5,30.5,30.5,30.5,0.0,1,30.718572394098274,31.18650111014794,31.729346392941128,32.32330464595416,33.943077339738
2016-09-02,8908,4000,120000,30.0,30.0,30.0,30.0,-0.5,2,30.47904826273218,30.970773635575586,31.578968445728854,32.25395226846299,33.91331826547582
2016-09-05,8908,53000,1590000,30.0,30.0,30.0,30.0,0.0,28,30.319365508488122,30.794269338198205,31.441666841752433,32.18667011119544,33.883783788000535
2016-09-06,8908,11000,330000,30.0,30.0,30.0,30.0,0.0,4,30.21291033899208,30.649856731253077,31.316304507687004,32.12139637653289,33.854472212242044
2016-09-07,8908,32000,960000,30.0,30.0,30.0,30.0,0.0,15,30.14194022599472,30.531700961934337,31.201843246149004,32.05807111156176,33.82538185592323
2016-09-08,8908,9000,270000,30.0,30.0,30.0,30.0,0.0,3,30.094626817329814,30.43502805976446,31.09733513778822,31.996636153007678,33.79651104946343
2016-09-09,8908,17000,510000,30.0,30.0,30.0,30.0,0.0,6,30.063084544886543,30.355932048898193,31.001914691024027,31.93703507381342,33.76785813588258
2016-09-10,8908,26000,779950,29.95,30.0,29.95,30.0,0.0,6,30.042056363257696,30.291217130916703,30.91479167441324,31.879213131311527,33.739421470706105
2016-09-12,8908,26000,779950,29.95,30.0,29.95,30.0,0.0,6,30.02803757550513,30.23826856165912,30.83524457229035,31.82311721694402,33.71119942187059
2016-09-13,8908,2000,60000,30.0,30.0,30.0,30.0,0.0,2,30.01869171700342,30.194947004993825,30.762614609482494,31.768695807483006,33.683190369630054
2016-09-14,8908,2000,60000,30.0,30.0,30.0,30.0,0.0,2,30.012461144668947,30.15950209499495,30.69630029561445,31.715898917707396,33.65539270646303
2016-09-19,8908,3000,90000,30.0,30.0,30.0,30.0,0.0,2,30.008307429779297,30.130501714086776,30.63575244382189,31.66467805449225,33.627804836980296
2016-09-20,8908,3000,89900,29.95,30.0,29.95,30.0,0.0,2,30.00553828651953,30.10677412970736,30.580469622619987,31.6149861722686,33.60042517783327
2016-09-21,8908,1000,30000,30.0,30.0,30.0,30.0,0.0,1,30.00369219101302,30.08736065157875,30.529994003261727,31.566777629812822,33.57325215762321
2016-09-22,8908,1000,30000,30.0,30.0,30.0,30.0,0.0,1,30.002461460675345,30.071476896746248,30.48390756819549,31.52000814832587,33.54628421681096
2016-09-23,8908,1000,30000,30.0,30.0,30.0,30.0,0.0,1,30.001640973783562,30.05848109733784,30.44182864922197,31.474634770763906,33.51951980762748
2016-09-26,8908,2000,59200,29.6,29.6,29.6,29.6,-0.3,2,29.86776064918904,29.97512089782187,30.36862615798528,31.418675523875432,33.489938526060484
2016-09-29,8908,3000,88650,29.6,29.6,29.5,29.5,-0.1,3,29.745173766126026,29.888735280036077,30.293093448595254,31.361401627640344,33.459825782467576
2016-09-30,8908,13000,383400,29.5,29.5,29.4,29.5,0.0,4,29.663449177417352,29.818056138211336,30.224128800891318,31.30583739994959,33.42994030486405
2016-10-03,8908,14000,413000,29.5,29.5,29.5,29.5,0.0,10,29.608966118278236,29.76022774944564,30.16116107907468,31.25193180592124,33.400280378034886
2016-10-04,8908,16000,465200,29.3,29.3,28.65,29.2,-0.3,12,29.472644078852156,29.65836815863734,30.077581854807317,31.1906801102221,33.368580148766696
2016-10-05,8908,6000,175500,29.0,29.5,29.0,29.5,0.3,5,29.48176271923477,29.629573947976006,30.027357345693638,31.140212047230396,33.33938331745525
2016-10-06,8908,1000,29500,29.5,29.5,29.5,29.5,0.0,1,29.48784181282318,29.606015048344005,29.981500185198538,31.091250493581725,33.310406839587664
2016-10-07,8908,1000,29500,29.5,29.5,29.5,29.5,0.0,1,29.49189454188212,29.586739585008733,29.939630603876925,31.043750478847944,33.28164905211908
2016-10-11,8908,11000,318550,29.1,29.1,28.8,28.8,-0.6,8,29.261263027921416,29.443696024098053,29.840532290496323,30.976772852613678,33.247825285687995
2016-10-12,8908,7000,198350,28.2,28.6,28.1,28.6,-0.2,7,29.040842018614278,29.290296746989316,29.732659917409688,30.905824409252077,33.21274735900356
2016-10-13,8908,7000,198900,28.5,28.5,28.2,28.5,-0.1,4,28.860561345742852,29.146606429354897,29.6254720985045,30.83400875524455,33.1771794544073
2016-10-14,8908,7000,199050,28.45,28.45,28.4,28.4,-0.1,5,28.7070408971619,29.010859805835825,29.518909307330194,30.761351777476055,33.14112526984574
2016-10-17,8908,3000,85200,28.4,28.4,28.4,28.4,0.0,2,28.604693931441265,28.899794386592948,29.42161284582322,30.690863664715575,33.105343192337465
2016-10-18,8908,7000,198800,28.4,28.4,28.4,28.4,0.0,4,28.536462620960844,28.808922679939684,29.332776946186417,30.622479674724065,33.06983116824435
2016-10-19,8908,1000,28400,28.4,28.4,28.4,28.4,0.0,1,28.490975080640563,28.73457310176883,29.251665907387597,30.55613699786663,33.03458715942741
2016-10-20,8908,1000,28400,28.4,28.4,28.4,28.4,0.0,1,28.460650053760375,28.673741628719952,29.17760800239737,30.49177469942285,32.999609143129845
2016-10-21,8908,1000,28700,28.7,28.7,28.7,28.7,0.1,1,28.540433369173584,28.678515878043598,29.13607687175412,30.43828888749978,32.96715926280434
2016-10-24,8908,4000,116550,29.1,29.15,29.1,29.15,0.45,4,28.743622246115724,28.764240263853853,29.13728757855811,30.399832502798294,32.938350513651095
2016-10-25,8908,4000,117200,29.4,29.4,29.0,29.0,-0.15,4,28.82908149741048,28.80710567042588,29.12534952824871,30.35804645793864,32.908627113548064
2016-10-26,8908,1000,29300,29.3,29.3,29.3,29.3,0.3,1,28.986054331606987,28.896722821257537,29.1405365257923,30.326462981582264,32.88139219193638
2016-10-27,8908,1000,29300,29.3,29.3,29.3,29.3,0.3,1,29.09070288773799,28.97004594466526,29.15440291485384,30.295822295564882,32.8543628169029
2016-10-28,8908,1000,29300,29.3,29.3,29.3,29.3,0.3,1,29.160468591825328,29.03003759108976,29.167063530953506,30.266096256891302,32.827537437152685
2016-10-31,8908,1000,29000,29.0,29.0,29.0,29.0,-0.3,1,29.106979061216887,29.02457621089162,29.152536267392332,30.228302338775144,32.79865036215531
2016-11-01,8908,4000,119350,29.85,29.85,29.8,29.85,0.85,4,29.354652707477925,29.17465326345678,29.213185287619087,30.21700973164753,32.77639639715791
2016-11-02,8908,1000,29050,29.05,29.05,29.05,29.05,-0.8,1,29.253101804985285,29.151989033737365,29.198995262608733,30.182173620255067,32.748272650764264
2016-11-03,8908,1000,29150,29.15,29.15,29.15,29.15,0.1,1,29.218734536656857,29.15162739123966,29.19473480499058,30.151362467411634,32.721115876041516
2016-11-04,8908,2000,58400,29.2,29.2,29.2,29.2,0.05,2,29.212489691104572,29.160422411014267,29.19519264803488,30.122963587787407,32.69454141659969
2016-11-07,8908,3000,87650,29.1,29.35,29.1,29.35,0.15,3,29.25832646073638,29.194891063557126,29.20865415690141,30.099890047853453,32.66929959458762
2016-11-08,8908,1000,29350,29.35,29.35,29.35,29.35,0.0,1,29.288884307157588,29.223092688364922,29.22094509977955,30.07750527030559,32.64424827689262
2016-11-09,8908,1000,29850,29.85,29.85,29.85,29.85,0.5,1,29.475922871438392,29.337075835934936,29.275645525885675,30.070714068206915,32.62315961065192
2016-11-10,8908,1000,29850,29.85,29.85,29.85,29.85,0.5,1,29.600615247625594,29.430334774855858,29.325589393199966,30.064125588558948,32.60223010415643
2016-11-11,8908,1000,29500,29.5,29.5,29.5,29.5,-0.2,1,29.567076831750395,29.44300117942752,29.34075553292171,30.04728601875122,32.578817046766574
2016-11-14,8908,1000,29500,29.5,29.5,29.5,29.5,0.0,1,29.544717887833595,29.453364601349787,29.35460287788504,30.030949122669092,32.55558069169664
2016-11-15,8908,3000,87900,29.5,29.5,29.2,29.2,-0.3,2,29.429811925222396,29.40729831019528,29.341159149373297,30.006144671246133,32.53025555440082
2016-11-16,8908,3000,87900,29.5,29.5,29.2,29.2,-0.3,2,29.353207950148263,29.369607708341594,29.32888444073214,29.982080651208936,32.50512155021666
2016-11-17,8908,3000,87900,29.5,29.5,29.2,29.2,-0.3,2,29.302138633432175,29.338769943188577,29.31767709805978,29.958734960128073,32.48017723663012
2016-11-18,8908,3000,87900,29.5,29.5,29.2,29.2,-0.3,2,29.268092422288117,29.313539044427017,29.307444306924147,29.93608615534813,32.45542118201404
2016-11-21,8908,3000,87900,29.5,29.5,29.2,29.2,-0.3,2,29.24539494819208,29.292895581803922,29.29810132371335,29.91411343429296,32.43085196554601
2016-11-22,8908,75000,2111200,28.0,28.55,28.0,28.3,-0.9,34,28.93026329879472,29.11236911238503,29.211309904260016,29.865930943717053,32.39967572429661
2016-11-23,8908,6000,169200,28.15,28.25,28.15,28.25,-0.05,5,28.703508865863146,28.955574728315025,29.12771773867219,29.817694199128486,32.368357416943425
2016-11-24,8908,5000,141700,28.35,28.35,28.3,28.3,0.05,5,28.56900591057543,28.836379323166838,29.055742283135476,29.772389894676888,32.33765283266461
2016-11-25,8908,23000,654750,28.3,28.9,28.3,28.9,0.6,21,28.679337273716953,28.847946718954685,29.042199475906305,29.74634840528355,32.31170828298412
2016-11-28,8908,1000,28850,28.85,28.85,28.85,28.85,-0.05,1,28.736224849144637,28.848320042781104,29.025486478001408,29.719591736469113,32.28558218273518
2016-11-29,8908,1000,28850,28.85,28.85,28.85,28.85,-0.05,1,28.77414989942976,28.848625489548176,29.010226784262155,29.693633774186452,32.25965326060133
2016-11-30,8908,3000,85500,28.5,28.5,28.5,28.5,-0.35,3,28.68276659961984,28.785239036903054,28.965859237804576,29.658002915255512,32.23127851901189
2016-12-01,8908,3000,85500,28.5,28.5,28.5,28.5,-0.35,3,28.62184439974656,28.73337739382977,28.925349738865048,29.623435664053854,32.20311792641557
2016-12-02,8908,75000,2084550,27.55,28.3,27.55,28.1,-0.4,46,28.447896266497708,28.618217867678904,28.853580196355043,29.57795997258956,32.17215099866904
2016-12-05,8908,12000,335700,28.1,28.1,27.7,28.1,0.0,8,28.331930844331804,28.52399643719183,28.788051483628518,29.53384176445256,32.14141778358474
2016-12-06,8908,2000,56200,28.1,28.1,28.1,28.1,0.0,2,28.25462056288787,28.446906175884223,28.728220919834733,29.491040517752484,32.11091651729354
2016-12-07,8908,2000,56200,28.1,28.1,28.1,28.1,0.0,2,28.20308037525858,28.383832325723457,28.673593013762147,29.449516920207635,32.080645449238496
2016-12-08,8908,2000,56200,28.1,28.1,28.1,28.1,0.0,2,28.168720250172388,28.332226448319194,28.623715360391525,29.409232833037258,32.05060284207443
2016-12-09,8908,2000,56250,28.15,28.15,28.1,28.1,0.0,2,28.145813500114926,28.290003457715706,28.578174894270525,29.370151255931667,32.020786971568214
2016-12-12,8908,2000,56250,28.15,28.15,28.1,28.1,0.0,2,28.130542333409952,28.255457374494668,28.536594468681784,29.332236293068036,31.991196126499773
2016-12-13,8908,6000,170550,28.4,28.5,28.4,28.4,0.3,5,28.220361555606633,28.281737851859273,28.52471668879641,29.30440834402123,31.96409275950732
2016-12-14,8908,6000,170550,28.4,28.5,28.4,28.4,0.3,5,28.28024103707109,28.303240060612133,28.513871759335853,29.277411080020595,31.93719394622802
2016-12-15,8908,6000,170550,28.4,28.5,28.4,28.4,0.3,5,28.320160691380725,28.32083277686447,28.50396986721969,29.251219704497593,31.910498142860263
2016-12-16,8908,6000,170550,28.4,28.5,28.4,28.4,0.3,5,28.346773794253817,28.335226817434567,28.494929009200586,29.225810161079753,31.88400381725377
2016-12-19,8908,1000,28500,28.5,28.5,28.5,28.5,0.1,1,28.39784919616921,28.36518557790101,28.495369964922276,29.20414418612215,31.858464165802797
2016-12-20,8908,2000,57000,28.5,28.5,28.5,28.5,0.0,2,28.431899464112806,28.389697291009917,28.495772576668166,29.183124956685667,31.833117266438247
2016-12-21,8908,2000,56900,28.45,28.45,28.45,28.45,-0.05,2,28.437932976075203,28.400661419917203,28.491792352610066,29.161240629620423,31.807584305936825
2016-12-22,8908,2000,56900,28.45,28.45,28.45,28.45,-0.05,2,28.441955317383467,28.409632070841347,28.4881582349918,29.140009566049663,31.782244047024093
2016-12-23,8908,5000,145000,29.0,29.0,29.0,29.0,0.55,4,28.627970211588977,28.516971694324738,28.532666214557732,29.13583017601833,31.761245978744665
2016-12-26,8908,5000,145050,29.0,29.05,29.0,29.05,0.05,5,28.768646807725986,28.61388593172024,28.57765176111793,29.133268081211813,31.740783744942817
2016-12-27,8908,4000,116100,29.0,29.05,29.0,29.05,0.0,4,28.862431205150656,28.693179398680197,28.61872552102072,29.130782466847283,31.720475943094193
2016-12-28,8908,2000,58100,29.05,29.05,29.05,29.05,0.0,2,28.924954136767106,28.758055871647436,28.656227649627613,29.128371049926468,31.700321407674615
2016-12-29,8908,3000,87000,29.0,29.0,29.0,29.0,-0.05,3,28.949969424511405,28.802045713166084,28.68612089748608,29.124539078286872,31.67994162346575
2016-12-30,8908,2000,57950,29.0,29.0,28.95,28.95,-0.05,2,28.949979616340936,28.828946492590433,28.709066906400334,29.119328956546966,31.659338290458464
2017-01-03,8908,2000,57950,29.0,29.0,28.95,28.95,-0.05,2,28.949986410893956,28.850956221210353,28.73001761019161,29.114274360829146,31.63889045430406
2017-01-04,8908,3000,86700,28.9,28.9,28.9,28.9,-0.05,2,28.933324273929305,28.859873271899378,28.744798687566252,29.107878111252155,31.61821958295082
2017-01-05,8908,1000,28000,28.0,28.0,28.0,28.0,-0.9,1,28.622216182619535,28.70353267700858,28.680033584299622,29.07480712285657,31.590912265343647
2017-01-06,8908,1000,28000,28.0,28.0,28.0,28.0,-0.9,1,28.414810788413025,28.575617644825204,28.620900229143132,29.042723328144433,31.563811040699544
2017-01-09,8908,2000,56400,28.2,28.2,28.2,28.2,-0.05,2,28.34320719227535,28.50732352758426,28.58430020921764,29.017567407901314,31.538423787562188
2017-01-10,8908,1000,29000,29.0,29.0,29.0,29.0,0.8,1,28.562138128183566,28.596901068023485,28.62044801711176,29.017043007665453,31.51926587218436
2017-01-11,8908,1000,29000,29.0,29.0,29.0,29.0,0.8,1,28.70809208545571,28.670191782928306,28.65345253736291,29.016534261167976,31.50025254484712
2017-01-12,8908,1000,28400,28.4,28.4,28.4,28.4,-0.6,1,28.60539472363714,28.621066004214068,28.631413186287872,28.99813025337192,31.476854412433177
2017-01-13,8908,15000,426000,28.4,28.4,28.4,28.4,0.0,3,28.536929815758093,28.580872185266056,28.61129030052371,28.980275618942905,31.45363286969783
2017-01-16,8908,15000,426000,28.4,28.4,28.4,28.4,0.0,3,28.49128654383873,28.5479863333995,28.592917230912953,28.962953958675953,31.43058658388879
2017-01-17,8908,15000,426000,28.4,28.4,28.4,28.4,0.0,3,28.460857695892486,28.521079727326864,28.576141819529216,28.94614936289458,31.40771423231227
2017-01-18,8908,15000,426000,28.4,28.4,28.4,28.4,0.0,3,28.440571797261658,28.49906523144925,28.560825139570152,28.929846396838027,31.385014502257082
2017-01-19,8908,19000,551700,29.0,29.05,29.0,29.0,-0.05,6,28.627047864841106,28.59014428027666,28.5990142578684,28.931940534245847,31.367014392806084
2017-01-20,8908,2000,56100,28.05,28.05,28.05,28.05,-0.95,2,28.434698576560738,28.491936229317268,28.551273887618976,28.90561395113403,31.34198032191698
2017-01-23,8908,2000,56100,28.05,28.05,28.05,28.05,-0.95,2,28.30646571770716,28.41158418762322,28.507684853912977,28.880073236174805,31.317135187411946
2017-01-24,8908,2000,56100,28.05,28.05,28.05,28.05,-0.95,2,28.220977145138107,28.345841608055363,28.46788617096402,28.855294930617347,31.292477563356005
2017-02-02,8908,2000,56100,28.05,28.05,28.05,28.05,-0.95,2,28.163984763425404,28.29205222477257,28.431548243054106,28.831256275972052,31.26800603457596
2017-02-03,8908,1000,28950,28.95,28.95,28.95,28.95,0.4,1,28.425989842283602,28.411679092995737,28.47663100452766,28.834800864749006,31.25051164940935
2017-02-06,8908,2000,58000,29.0,29.0,29.0,29.0,0.05,2,28.6173265615224,28.518646530632875,28.522141351960038,28.839732182219183,31.233526655828904
2017-02-07,8908,2000,58000,29.0,29.0,29.0,29.0,0.05,2,28.744884374348267,28.60616534324508,28.563694277876557,28.84451629618279,31.216669850879253
2017-02-08,8908,2000,58000,29.0,29.0,29.0,29.0,0.05,2,28.829922916232178,28.67777164447325,28.60163390588729,28.849157600774348,31.19994026709903
2017-02-09,8908,2000,58000,29.0,29.0,29.0,29.0,0.05,2,28.88661527748812,28.736358618205387,28.636274435810133,28.853660358960187,31.18333694432847
2017-02-10,8908,3000,85900,28.6,28.7,28.6,28.7,-0.3,3,28.82441018499208,28.72974796034986,28.641815789217947,28.849073482573317,31.164594778710896
2017-02-13,8908,3000,85900,28.6,28.7,28.6,28.7,-0.3,3,28.782940123328054,28.724339240286252,28.646875285807692,28.844623527869636,31.145994063399872
2017-02-14,8908,3000,86400,28.7,29.0,28.7,29.0,0.3,2,28.855293415552037,28.774459378416026,28.67758178269398,28.84926163151532,31.129797881789308
2017-02-15,8908,3000,86400,28.7,29.0,28.7,29.0,0.3,2,28.903528943701357,28.81546676415857,28.705618149416242,28.853761284305907,31.113723935511654
2017-02-16,8908,2000,57200,28.6,28.6,28.6,28.6,-0.4,1,28.802352629134237,28.77629098885701,28.696433962510483,28.846186320595283,31.094752434111566
2017-02-17,8908,2000,57200,28.6,28.6,28.6,28.6,-0.4,1,28.73490175275616,28.744238081792098,28.68804840055305,28.83883747520438,31.07592411385412
2017-02-18,8908,2000,57400,28.7,28.7,28.7,28.7,-0.8,1,28.723267835170773,28.736194794193533,28.689087670070176,28.83469307295947,31.05799261110805
2017-02-20,8908,1000,28700,28.7,28.7,28.7,28.7,0.0,1,28.71551189011385,28.72961392252198,28.690036568324942,28.830672384214413,31.04019644045818
2017-02-21,8908,1000,28800,28.8,28.8,28.8,28.8,0.1,1,28.74367459340923,28.74241139115435,28.699598605861905,28.829756790655775,31.023289297511322
2017-02-22,8908,1000,28850,28.85,28.85,28.85,28.85,0.05,1,28.779116395606156,28.761972956399013,28.71267698796087,28.830361065561572,31.006887114133878
2017-02-23,8908,1000,29000,29.0,29.0,29.0,29.0,0.15,1,28.85274426373744,28.8052506006901,28.7376615977034,28.835424914350778,30.99174079629136
2017-02-24,8908,5000,145900,29.25,29.25,28.9,28.9,-0.1,5,28.86849617582496,28.822477764200993,28.7517779805118,28.83735252884777,30.975954073300482
2017-03-01,8908,1000,29250,29.25,29.25,29.25,29.25,0.35,1,28.995664117216638,28.900209079800813,28.79510163438034,28.849670363807537,30.962928004822743
2017-03-02,8908,1000,29250,29.25,29.25,29.25,29.25,0.35,1,29.08044274481109,28.96380742892794,28.83465801399944,28.86162050220134,30.95000024629578
2017-03-03,8908,6000,175700,29.25,29.35,29.25,29.25,0.1,6,29.13696182987406,29.015842441850133,28.870774708434272,28.873213920046076,30.937170055757697
2017-03-06,8908,2000,58500,29.25,29.25,29.25,29.25,0.0,1,29.17464121991604,29.058416543331926,28.903750820744335,28.884461265716343,30.924436696846318
2017-03-07,8908,1000,29250,29.25,29.25,29.25,29.25,0.0,1,29.19976081327736,29.09324989908976,28.933859445027437,28.89537286972481,30.911799438756912
2017-03-08,8908,8000,230850,29.25,29.25,28.7,28.75,-0.5,4,29.049840542184906,29.030840826527985,28.917871667198963,28.89103338107631,30.895483971294595
2017-03-09,8908,3000,86550,28.85,28.85,28.85,28.85,0.1,1,28.98322702812327,28.99796067625017,28.911969783094705,28.889808504029254,30.8800463564169
2017-03-10,8908,2000,57450,28.7,28.75,28.7,28.75,-0.1,2,28.905484685415512,28.952876916931956,28.89788545412995,28.885635115849276,30.86397053485904
2017-03-13,8908,1000,29000,29.0,29.0,29.0,29.0,0.25,1,28.936989790277007,28.961444750217055,28.90676497985778,28.889048992988105,30.84990283270916
2017-03-14,8908,1000,29000,29.0,29.0,29.0,29.0,0.0,1,28.957993193518003,28.968454795632137,28.914872372913624,28.89236096334667,30.83594130189626
2017-03-15,8908,1000,29000,29.0,29.0,29.0,29.0,0.0,1,28.971995462345337,28.974190287335386,28.92227477526896,28.89557406891841,30.822085141127232
2017-03-16,8908,4000,115950,29.0,29.0,28.95,28.95,-0.05,4,28.964663641563558,28.969792053274407,28.924685664376007,28.897198723577564,30.807956196665895
2017-03-17,8908,2000,57800,28.9,28.9,28.9,28.9,-0.05,2,28.943109094375703,28.957102589042698,28.92253908486505,28.897282343769277,30.793556527257095
2017-03-20,8908,3000,86500,28.9,28.9,28.8,28.8,-0.1,3,28.895406062917136,28.928538481944027,28.91188351226809,28.894378393209,30.77851081761742
2017-03-21,8908,3000,87750,29.25,29.25,29.25,29.25,0.45,3,29.013604041944756,28.98698603068148,28.94128494598391,28.90499396356097,30.76697488691842
2017-03-22,8908,3000,87750,29.25,29.25,29.25,29.25,0.45,3,29.092402694629836,29.034806752375754,28.968129733289658,28.915292651215864,30.755526019847338
2017-03-23,8908,1000,29000,29.0,29.0,29.0,29.0,-0.2,1,29.06160179641989,29.0284782519438,28.970901060829686,28.91782122879151,30.74227676686736
2017-03-24,8908,4000,116000,29.0,29.0,29.0,29.0,0.0,4,29.041067864279928,29.023300387954016,28.973431403366234,28.920274326439525,30.729127508249494
2017-03-27,8908,4000,116350,29.0,29.25,29.0,29.25,0.25,4,29.110711909519953,29.064518499235103,28.997480846551777,28.93011688385924,30.71796428177214
2017-03-28,8908,6000,175500,29.25,29.25,29.25,29.25,0.0,5,29.157141273013302,29.098242408465083,29.019439033808144,28.939665633594785,30.706885306060652
2017-03-29,8908,7000,203100,29.05,29.05,29.0,29.0,-0.25,6,29.104760848675536,29.080380152380524,29.017748683042218,28.941466659457628,30.694003152807365
2017-03-30,8908,5000,148300,29.1,30.0,29.1,30.0,1.0,4,29.403173899117025,29.247583761038612,29.103161841038546,28.97306466962307,30.688765393163536
2017-03-31,8908,9000,263150,29.05,29.75,29.0,29.75,-0.25,7,29.51878259941135,29.3389321681225,29.159408637469976,28.996256769037306,30.68168037132834
2017-04-05,8908,9000,263150,29.05,29.75,29.0,29.75,-0.25,7,29.595855066274233,29.41367177391841,29.21076440812476,29.018756566976492,30.67464882135605
2017-04-06,8908,8000,234700,29.3,29.5,29.3,29.4,-0.35,8,29.53057004418282,29.411185996842335,29.227219676983477,29.030136967962267,30.665028830251476
2017-04-07,8908,1000,29950,29.95,29.95,29.95,29.95,0.55,1,29.670380029455213,29.509152179234636,29.29007013985448,29.057595565933543,30.659632386249577
2017-04-10,8908,4000,117400,29.35,29.35,29.35,29.35,-0.6,4,29.563586686303477,29.480215419373792,29.295281432041044,29.06632405650269,30.649748368240147
2017-04-11,8908,2000,58200,29.1,29.1,29.1,29.1,-0.25,2,29.409057790868985,29.41108534312401,29.27830043795052,29.067329308547386,30.638052154140222
2017-04-12,8908,2000,58200,29.1,29.1,29.1,29.1,-0.25,2,29.306038527245992,29.354524371646917,29.26279605204178,29.06830455306836,30.626444213354258
2017-04-13,8908,4000,117850,29.65,29.7,29.25,29.25,0.05,3,29.287359018163993,29.335519940438388,29.26168335186423,29.073728297752886,30.616055955140265
2017-04-14,8908,8000,232650,29.0,29.25,29.0,29.25,0.0,5,29.27490601210933,29.31997086035868,29.260667408223863,29.078990139611008,30.605746098875056
2017-04-17,8908,8000,232650,29.0,29.25,29.0,29.25,0.0,5,29.266604008072886,29.30724888574801,29.259739807508744,29.084094911562918,30.59551405284581
2017-04-18,8908,4000,116100,29.05,29.05,29.0,29.0,-0.25,4,29.177736005381924,29.251385451975644,29.237153737290594,29.08158461569537,30.583472437352636
2017-04-19,8908,2000,58700,29.2,29.5,29.2,29.5,0.5,2,29.285157336921284,29.29658809707098,29.260009934047932,29.09407462716715,30.57529528688205
2017-04-20,8908,2000,58700,29.2,29.5,29.2,29.5,0.5,2,29.35677155794752,29.33357207942171,29.28087863543507,29.106191802475593,30.567179850754638
2017-04-21,8908,3000,88000,29.2,29.5,29.2,29.3,0.05,3,29.337847705298348,29.3274680649814,29.282541362788542,29.111977121804678,30.557616229239507
2017-04-24,8908,3000,88000,29.2,29.5,29.2,29.3,0.05,3,29.325231803532233,29.322473871348418,29.284059505154755,29.11758974503439,30.548124785999963
2017-04-25,8908,2000,58150,29.0,29.15,29.0,29.15,-0.15,2,29.266821202354823,29.291114985648704,29.27240215688043,29.118557215331872,30.537572900822607
2017-04-26,8908,8000,232550,29.05,29.15,29.0,29.15,0.0,5,29.22788080156988,29.265457715530758,29.26175849106474,29.11949580591898,30.527100652514513
2017-04-27,8908,1000,29100,29.1,29.1,29.1,29.1,-0.05,1,29.185253867713254,29.235374494525164,29.24769253531998,29.118913841563188,30.516330081552137
2017-04-28,8908,1000,29100,29.1,29.1,29.1,29.1,-0.05,1,29.156835911808837,29.210760950066042,29.23484970616172,29.11834924927772,30.50564079791778
2017-05-02,8908,1000,29100,29.1,29.1,29.1,29.1,-0.05,1,29.13789060787256,29.19062259550858,29.223123644756356,29.11780151049331,30.495032188122174
2017-05-03,8908,3000,87050,29.05,29.05,29.0,29.0,-0.1,3,29.09192707191504,29.155963941779746,29.203721588690588,29.11428504749351,30.483748926325024
2017-05-04,8908,2000,57000,28.5,28.5,28.5,28.5,-0.5,2,28.89461804794336,29.036697770547065,29.14252840706532,29.09594818040415,30.468777236315024
2017-05-05,8908,2000,57000,28.5,28.5,28.5,28.5,-0.5,2,28.763078698628906,28.939116357720327,29.086656371668337,29.07815868248164,30.453918540191893
2017-05-08,8908,2000,57000,28.5,28.5,28.5,28.5,-0.5,2,28.675385799085937,28.859277019952994,29.035642774131958,29.06090021434786,30.439171985171576
2017-05-09,8908,2000,57000,28.5,28.5,28.5,28.5,-0.5,2,28.61692386605729,28.793953925416087,28.989065141598743,29.04415692436733,30.42453672490613
2017-05-10,8908,3000,87050,28.95,29.1,28.95,29.1,0.1,3,28.777949244038194,28.849598666249527,28.99871165102494,29.0458238818489,30.414540221321932
2017-05-11,8908,3000,87050,28.95,29.1,28.95,29.1,0.1,3,28.885299496025464,28.895126181476886,29.00751933354451,29.04744107940565,30.404619163047805
2017-05-12,8908,4000,116450,29.15,29.15,29.1,29.1,0.0,4,28.956866330683642,28.932375966662907,29.015561130627596,29.04901000240847,30.39477298068518
2017-05-15,8908,4000,116450,29.15,29.15,29.1,29.1,0.0,4,29.004577553789094,28.962853063633286,29.022903641007805,29.05053209188881,30.385001109132837
2017-05-16,8908,2000,58200,29.1,29.1,29.1,29.1,0.0,2,29.036385035859396,28.987788870245417,29.029607672224518,29.05200874586228,30.375302987554477
2017-05-17,8908,2000,58200,29.1,29.1,29.1,29.1,0.0,2,29.057590023906265,29.00819089383716,29.035728744204995,29.05344132061266,30.365678059346518
2017-05-18,8908,2000,58200,29.1,29.1,29.1,29.1,0.0,2,29.071726682604176,29.02488345859404,29.041317549056735,29.054831131937654,30.356125772106168
2017-05-19,8908,4000,116600,29.2,29.2,29.1,29.1,0.0,2,29.081151121736116,29.038541011576942,29.04642037087789,29.056179456357427,30.346645577599705
2017-05-22,8908,7000,203350,29.15,29.15,29.0,29.0,-0.1,6,29.054100747824076,29.03153355492659,29.042383816888506,29.054502457660192,30.336482214749896
2017-05-23,8908,7000,203350,29.15,29.15,29.0,29.0,-0.1,6,29.03606716521605,29.025800181303573,29.038698267593855,29.05287551862556,30.32639555652537
2017-05-24,8908,7000,203350,29.15,29.15,29.0,29.0,-0.1,6,29.0240447768107,29.02110923924838,29.035333200846562,29.051297144935244,30.31638502402329
2017-05-25,8908,2000,59700,29.9,29.9,29.8,29.8,0.4,2,29.282696517873802,29.162725741203218,29.10182596599034,29.0736464838924,30.312487778558964
2017-05-26,8908,4000,116450,29.15,29.15,29.1,29.1,-0.7,3,29.221797678582536,29.15132106098445,29.101667186339007,29.074433156015015,30.30333692740003
2017-05-31,8908,4000,116450,29.15,29.15,29.1,29.1,-0.7,3,29.181198452388358,29.141989958987278,29.101522213613876,29.075196345387702,30.294255139268707
2017-06-01,8908,6000,172250,28.9,29.2,28.05,29.2,0.05,6,29.187465634925573,29.15253723917141,29.11008549938658,29.078921827614934,30.285996609915735
2017-06-02,8908,4000,115700,29.0,29.0,28.7,28.7,-0.5,3,29.024977089950383,29.070257741140242,29.07442589074427,29.067610728283146,30.27402682418052
2017-06-03,8908,4000,116250,29.15,29.15,29.0,29.0,0.3,3,29.016651393300254,29.05748360638747,29.06795407415781,29.065592497588128,30.264411527394252
2017-06-05,8908,6000,175050,29.3,29.3,29.1,29.1,0.1,4,29.04443426220017,29.065213859771568,29.07074067640496,29.06661958721236,30.25562351586675
2017-06-06,8908,3000,87300,29.1,29.1,29.1,29.1,0.0,1,29.062956174800114,29.071538612540373,29.073284965413222,29.067616017444827,30.246901828954545
2017-06-07,8908,13000,377800,29.1,29.1,29.05,29.05,-0.05,8,29.058637449866744,29.067622501169396,29.071260185812072,29.067090166177817,30.237868607603946
2017-06-08,8908,13000,377800,29.1,29.1,29.05,29.05,-0.05,8,29.05575829991116,29.064418410047686,29.069411474002326,29.066580011963552,30.228903561508822
2017-06-09,8908,2000,58250,29.25,29.25,29.0,29.0,-0.05,2,29.037172199940773,29.052705971857197,29.063375693654297,29.064592548919865,30.219628817648378
2017-06-12,8908,6000,176400,29.3,29.5,29.3,29.3,0.3,5,29.124781466627184,29.097668522428616,29.083951720293054,29.07161963701181,30.2126882227982
2017-06-13,8908,3000,88450,29.45,29.5,29.45,29.5,0.2,3,29.24985431108479,29.170819700168867,29.12012983157192,29.084407110533846,30.207309443758213
2017-06-14,8908,3000,88450,29.45,29.5,29.45,29.5,0.2,3,29.33323620738986,29.23067066377453,29.153162020130882,29.09681286842836,30.20197125927702
2017-06-15,8908,1000,29450,29.45,29.45,29.45,29.45,0.0,1,29.37215747159324,29.270548724906433,29.17897401838037,29.107355767878257,30.196296004490023
2017-06-16,8908,12000,351550,29.5,29.5,29.1,29.1,-0.35,7,29.281438314395494,29.239539865832537,29.17210671243425,29.10713619271771,30.188022072380665
2017-06-19,8908,12000,351150,29.45,29.45,29.15,29.15,0.05,5,29.237625542930328,29.223259890226622,29.17018438961388,29.108415709353004,30.18018794353251
2017-06-20,8908,16000,466950,29.2,29.2,29.15,29.15,0.0,6,29.208417028620218,29.20993991018542,29.16842922529963,29.109657031461868,30.172412940185094
2017-06-21,8908,1000,29300,29.3,29.3,29.3,29.3,0.15,1,29.238944685746812,29.22631447196989,29.179870162230095,29.11533891111972,30.16582869157992
2017-06-22,8908,1000,29050,29.05,29.05,29.05,29.05,-0.25,1,29.17596312383121,29.194257295248093,29.16857710464487,29.113388495862417,30.157407342964223
2017-06-23,8908,11000,319000,29.0,29.0,29.0,29.0,-0.05,7,29.117308749220808,29.158937787021166,29.1539182259801,29.11000376464264,30.148672193206004
2017-06-26,8908,24000,698000,29.0,29.1,29.0,29.1,0.1,14,29.111539166147207,29.148221825744592,29.149229684590527,29.10970514480256,30.14075768608747
2017-06-27,8908,13000,379750,29.1,29.4,29.1,29.4,0.3,10,29.207692777431472,29.193999675609213,29.17103579897396,29.118370662868156,30.135167062041525
2017-06-28,8908,8000,233050,29.35,29.35,29.1,29.1,-0.3,3,29.171795184954316,29.176908825498447,29.164858772976224,29.11782228487209,30.127354480441213
2017-06-29,8908,6000,173900,28.95,29.0,28.95,29.0,-0.1,5,29.114530123302877,29.14474358449873,29.15052322750003,29.11430520174158,30.11884614473977
2017-06-30,8908,6000,173900,28.95,29.0,28.95,29.0,-0.1,5,29.07635341553525,29.118426569135323,29.137434251195682,29.110893106167204,30.11040202289268
2017-07-03,8908,15000,436100,29.1,29.2,29.0,29.0,-0.1,9,29.0509022770235,29.096894465656174,29.125483446743882,29.107582864192064,30.102021630267075
2017-07-04,8908,12000,349400,29.2,29.2,29.1,29.1,0.1,2,29.067268184682334,29.097459108264143,29.12326749485311,29.10735651003708,30.094459202868833
2017-07-05,8908,14000,408800,29.2,29.2,29.2,29.2,0.1,3,29.111512123121557,29.116102906761572,29.129939886605012,29.110121987349405,30.087708567375483
2017-07-06,8908,6000,174600,29.1,29.1,29.1,29.1,-0.1,2,29.107674748747705,29.113175105532196,29.127336418204575,29.109819838473303,30.080254163093404
2017-07-07,8908,6000,174600,29.1,29.1,29.1,29.1,-0.1,2,29.10511649916514,29.11077963179907,29.1249593383607,29.109526708966637,30.072856018466283
2017-07-10,8908,12000,349000,29.1,29.1,29.0,29.0,-0.1,5,29.07007766611009,29.090637880562873,29.11409330893803,29.106257254967634,30.06475899191182
2017-07-11,8908,13000,379000,29.1,29.2,29.1,29.2,0.2,9,29.11338511074006,29.110521902278716,29.121563455986898,29.109055545864123,30.058232508953996
2017-07-12,8908,6000,175900,29.4,29.4,29.3,29.3,0.1,4,29.175590073826708,29.144972465500768,29.137079677205428,29.11475538031594,30.052509999452457
2017-07-13,8908,6000,175300,29.2,29.3,29.2,29.3,0.0,2,29.217060049217807,29.173159289955173,29.15124666179626,29.120285070455765,30.046830678701873
2017-07-14,8908,2000,58700,29.35,29.35,29.35,29.35,0.05,2,29.261373366145204,29.20531214632696,29.168529560770498,29.12714223253171,30.04157157923997
2017-07-17,8908,2000,59200,29.6,29.6,29.6,29.6,0.25,1,29.37424891076347,29.277073574267515,29.20604872939915,29.14125738976957,30.038238963547595
2017-07-18,8908,2000,59200,29.6,29.6,29.6,29.6,0.25,1,29.449499273842314,29.33578746985524,29.24030536162531,29.15495119903018,30.034931499671764
2017-07-19,8908,2000,59200,29.6,29.6,29.6,29.6,0.25,1,29.499666182561544,29.383826111699744,29.271583156266587,29.1682362378651,30.03164899778745
2017-07-20,8908,15000,442200,29.5,29.55,29.3,29.55,0.05,5,29.516444121707696,29.414039545936156,29.295793316591233,29.179632171063155,30.028013911011694
2017-07-21,8908,3000,89100,29.7,29.7,29.7,29.7,0.15,3,29.577629414471797,29.466032355765947,29.33094172384417,29.19516553909112,30.025538334324814
2017-07-24,8908,10000,295350,29.6,29.6,29.3,29.6,-0.1,6,29.58508627631453,29.490390109263046,29.354338095683808,29.20725014986452,30.022326724254437
2017-07-25,8908,3000,87550,29.2,29.2,29.15,29.15,-0.45,2,29.44005751754302,29.428500998487948,29.336569565624345,29.20554119016707,30.015743126335536
2017-07-26,8908,2000,58350,29.05,29.3,29.05,29.3,0.15,2,29.393371678362016,29.405137180581047,29.333389603396142,29.208360856132234,30.010341291419795
2017-07-27,8908,2000,58350,29.05,29.3,29.05,29.3,0.15,2,29.362247785574677,29.38602132956631,29.330486159622566,29.21109635296411,30.004980225069456
2017-07-28,8908,3000,88800,29.75,29.75,29.3,29.3,0.0,2,29.341498523716453,29.37038108782698,29.327835189220604,29.213750193174135,29.999659619597235
2017-07-31,8908,1000,29200,29.2,29.2,29.2,29.2,-0.1,1,29.2943323491443,29.339402708222075,29.316719085810117,29.21333973964655,29.993624452656878
2017-08-01,8908,1000,29200,29.2,29.2,29.2,29.2,-0.1,1,29.26288823276287,29.314056761272607,29.3065696000875,29.21294153846307,29.98763483414626
2017-08-02,8908,3000,87300,29.1,29.1,29.1,29.1,-0.1,3,29.208592155175246,29.275137350132134,29.288607026166847,29.209570149255217,29.980935703322515
2017-08-03,8908,10000,290000,29.0,29.0,29.0,29.0,-0.1,4,29.139061436783496,29.225112377380835,29.263510763021905,29.203314323904316,29.973532414995553
2017-08-04,8908,10000,290000,29.0,29.0,29.0,29.0,-0.1,4,29.09270762452233,29.184182854220683,29.240596783628696,29.197245239608666,29.966185000542758
2017-08-07,8908,10000,290000,29.0,29.0,29.0,29.0,-0.1,4,29.061805083014885,29.150695062544195,29.219675324182724,29.191357322008407,29.95889303827451
2017-08-08,8908,10000,290000,29.0,29.0,29.0,29.0,-0.1,4,29.04120338867659,29.12329596026343,29.200573122079877,29.185645163142485,29.95165610968376
2017-08-09,8908,2000,58100,29.05,29.05,29.05,29.05,-0.1,2,29.04413559245106,29.109969422033714,29.18747980711641,29.181596053794948,29.944851157912563
2017-08-10,8908,2000,58400,29.05,29.35,29.05,29.35,0.3,2,29.146090394967374,29.153611345300313,29.20161199780194,29.186623037263754,29.940361715211335
2017-08-11,8908,1000,29350,29.35,29.35,29.35,29.35,0.0,1,29.214060263311584,29.18931837342753,29.214515302340903,29.19149996152454,29.935906155096532
2017-08-14,8908,8000,232950,29.35,29.35,29.0,29.1,-0.25,6,29.176040175541058,29.173078669167978,29.204557449963435,29.188768619389478,29.929597429397692
2017-08-15,8908,10000,291550,29.15,29.2,29.15,29.15,0.05,4,29.16736011702737,29.168882547501074,29.199813323879656,29.187611347168897,29.92371367521356
2017-08-16,8908,15000,436250,29.15,29.15,29.0,29.0,-0.15,7,29.111573411351582,29.138176629773607,29.182438252237947,29.182011008447436,29.916742251249683
2017-08-17,8908,17000,493400,29.05,29.35,29.0,29.0,0.0,9,29.074382274234388,29.113053606178404,29.16657405639117,29.17657784401617,29.90982344180629
2017-08-18,8908,28000,812000,29.0,29.0,29.0,29.0,0.0,12,29.049588182822927,29.092498405055057,29.152089355835415,29.171306863597774,29.902956849792655
2017-08-21,8908,28000,813350,29.35,29.55,29.0,29.0,0.0,14,29.03305878854862,29.075680513226864,29.13886419445842,29.166193225878438,29.896142081114974
2017-08-22,8908,1000,29000,29.0,29.0,29.0,29.0,0.0,1,29.022039192365746,29.061920419912887,29.12678904711421,29.16123223406117,29.88937874465373
2017-08-23,8908,15000,435000,29.0,29.0,29.0,29.0,0.0,10,29.0146927949105,29.050662161746907,29.11576391258254,29.15641933155188,29.88266645224125
2017-08-24,8908,9000,261000,29.0,29.0,29.0,29.0,0.0,7,29.009795196606998,29.041450859611107,29.10569748540145,29.15175009777421,29.87600481863943
2017-08-25,8908,13000,380050,29.3,29.5,29.05,29.1,0.1,13,29.039863464404664,29.052096157863634,29.10520205188828,29.150205318736177,29.870148178498756
2017-08-28,8908,43000,1265350,29.2,29.65,29.2,29.3,0.2,33,29.126575642936444,29.09716958370661,29.122141003897994,29.154676801758978,29.86584517337801
2017-08-29,8908,24000,662600,27.85,27.85,27.4,27.5,0.0,21,28.58438376195763,28.80677511394177,28.981085264428604,29.10528346439304,29.84798973810723
2017-08-30,8908,28000,768500,27.6,27.6,27.35,27.35,-0.15,18,28.17292250797175,28.541906911406905,28.83925176317394,29.052886943067875,29.829136985366798
2017-08-31,8908,13000,355450,27.35,27.5,27.2,27.4,0.05,8,27.915281671981166,28.334287472969287,28.714099435941424,29.00354703431958,29.810803876043273
2017-09-01,8908,5000,136750,27.4,27.4,27.3,27.3,-0.1,5,27.710187781320776,28.14623520515669,28.59113426759869,28.952694884041385,29.791854412827853
2017-09-04,8908,7000,191200,27.4,27.4,27.3,27.3,0.0,6,27.573458520880518,27.992374258764563,28.478861722590107,28.90336070839836,29.773047964429153
2017-09-05,8908,16000,437700,27.8,27.8,27.3,27.3,0.0,9,27.48230568058701,27.866488029898278,28.376352007582273,28.855499194714827,29.754383451490064
2017-09-06,8908,17000,464150,27.35,27.35,27.3,27.3,0.0,8,27.421537120391342,27.76349020628041,28.28275618083599,28.809066382932293,29.735859802799574
2017-09-07,8908,1000,27350,27.35,27.35,27.35,27.35,0.05,1,27.397691413594227,27.68831016877488,28.201646947719816,28.765512162546255,29.717853313721843
2017-09-08,8908,5000,136900,27.3,27.4,27.3,27.4,0.05,3,27.398460942396152,27.635890138088538,28.13193851748331,28.724750605455323,29.700360081165453
2017-09-11,8908,17000,464600,27.4,27.4,27.3,27.35,-0.05,10,27.38230729493077,27.58391011298153,28.06394386378911,28.683713273949195,29.682621514515148
2017-09-12,8908,2000,54750,27.35,27.4,27.35,27.4,0.05,2,27.38820486328718,27.55047191062125,28.006209614763968,28.64539347472683,29.66539418233013
2017-09-13,8908,1000,27400,27.4,27.4,27.4,27.4,0.0,1,27.392136575524784,27.52311338141739,27.953495735219274,28.60821755010812,29.648296867746506
2017-09-14,8908,8000,219000,27.3,27.4,27.3,27.4,0.0,6,27.39475771701652,27.50072913025059,27.905365671287164,28.572151354582502,29.63132858949936
2017-09-15,8908,11000,300950,27.4,27.4,27.3,27.4,0.0,6,27.39650514467768,27.482414742932303,27.861420830305672,28.537161761908397,29.614488373729554
2017-09-18,8908,13000,356200,27.4,27.4,27.4,27.4,0.0,9,27.397670096451787,27.46743024421734,27.82129727984431,28.503216634687252,29.59777525392782
2017-09-19,8908,5000,136700,27.4,27.4,27.3,27.3,-0.1,4,27.365113397634524,27.436988381632368,27.775967081596978,28.467299720218975,29.580433553898178
2017-09-20,8908,8000,219000,27.3,27.45,27.3,27.45,0.15,5,27.393408931756348,27.439354130426484,27.747622117979848,28.436932564391544,29.564354810095175
2017-09-21,8908,2000,54900,27.45,27.45,27.45,27.45,0.0,2,27.4122726211709,27.441289743076215,27.72174193380769,28.407471890827615,29.548397415302002
2017-09-22,8908,2000,54650,27.25,27.4,27.25,27.4,-0.05,2,27.408181747447266,27.433782517062358,27.693764374346152,28.377398103041717,29.532183095186515
2017-09-25,8908,2000,54650,27.25,27.4,27.25,27.4,-0.05,2,27.405454498298177,27.427640241232837,27.668219646142138,28.348222040264353,29.516091147298315
2017-09-26,8908,9000,244350,27.15,27.15,27.15,27.15,-0.25,7,27.32030299886545,27.37716019737232,27.623157068216734,28.31245421816691,29.49823385562059
2017-09-27,8908,1000,27400,27.4,27.4,27.4,27.4,0.25,1,27.3468686659103,27.38131288875917,27.603752105763107,28.285216778818643,29.48239812840836
2017-09-28,8908,8000,219900,27.5,27.5,27.4,27.4,0.0,6,27.364579110606865,27.384710545348412,27.586034531348922,28.258792397361372,29.466681916118485
2017-09-29,8908,4000,109300,27.3,27.4,27.3,27.4,0.0,3,27.37638607373791,27.387490446194153,27.56985761557945,28.233156803410285,29.451084316751555
2017-09-30,8908,5000,137450,27.45,27.5,27.45,27.5,0.1,4,27.417590715825273,27.407946728704307,27.563783040311673,28.211271525696546,29.436359152096827
2017-10-02,8908,8000,220000,27.5,27.5,27.5,27.5,0.0,5,27.44506047721685,27.424683687121707,27.558236688980223,28.190039539854858,29.421745120760246
2017-10-03,8908,8000,220000,27.5,27.5,27.5,27.5,0.0,5,27.463373651477898,27.43837756219049,27.5531726290689,28.16944134463531,29.407241383999793
2017-10-05,8908,3000,82500,27.5,27.5,27.5,27.5,0.0,2,27.4755824343186,27.449581641792218,27.548548922193344,28.149458020914853,29.39284710940357
2017-10-06,8908,4000,110000,27.5,27.5,27.5,27.5,0.0,2,27.483721622879067,27.458748616011814,27.54432727678523,28.13007121432038,29.378561470842033
2017-10-11,8908,9000,250000,27.7,27.9,27.7,27.9,0.4,7,27.62248108191938,27.5389761403733,27.57525533967347,28.12320341687798,29.367402516345113
2017-10-12,8908,3000,83600,27.9,27.9,27.8,27.8,-0.1,3,27.68165405461292,27.586435023941792,27.594798353614905,28.113555553687593,29.355573063391564
2017-10-13,8908,6000,166250,27.75,27.8,27.65,27.65,-0.15,5,27.67110270307528,27.59799229231601,27.599598496778828,28.09971807447304,29.34270081385653
2017-10-16,8908,6000,166250,27.75,27.8,27.65,27.65,-0.15,5,27.664068468716852,27.607448239167645,27.603981236189366,28.086293654339514,29.329925713374596
2017-10-17,8908,4000,110650,27.65,27.8,27.6,27.8,0.15,4,27.709378979144567,27.642457650228074,27.621026346085944,28.077747575105498,29.31837910421705
2017-10-18,8908,29000,803200,27.7,27.75,27.6,27.7,-0.1,16,27.706252652763045,27.65291989564115,27.62789362033934,28.066471528087423,29.306164922298432
2017-10-19,8908,1000,27750,27.75,27.75,27.75,27.75,0.05,1,27.72083510184203,27.670570823706395,27.638511566396787,28.057024616801232,29.294420281375427
2017-10-20,8908,22000,609350,27.75,27.9,27.65,27.65,-0.1,15,27.69722340122802,27.666830673941597,27.639510560623155,28.044874628240002,29.282009562270705
2017-10-23,8908,8000,219800,27.4,27.7,27.4,27.45,-0.2,7,27.61481560081868,27.627406915043125,27.623031381438533,28.027117176650748,29.268183075008285
2017-10-24,8908,7000,192400,27.7,27.7,27.45,27.45,0.0,6,27.559877067212454,27.59515111230801,27.607985174356923,28.00988979824326,29.254460938593127
2017-10-25,8908,2000,54900,27.45,27.45,27.45,27.45,0.0,2,27.523251378141637,27.56876000097928,27.594247333108495,27.99317666993749,29.240842365471668
2017-10-26,8908,7000,192150,27.45,27.45,27.45,27.45,0.0,3,27.498834252094426,27.547167273528505,27.581704086751234,27.97696244098413,29.227326574034144
2017-10-27,8908,1000,27500,27.5,27.5,27.5,27.5,0.05,1,27.49922283472962,27.53859140561423,27.574599383555473,27.962724756178634,29.2142901470603
2017-10-30,8908,14000,384650,27.5,27.5,27.45,27.5,0.0,8,27.499481889819744,27.531574786411642,27.568112480637605,27.94891207688972,29.20135210821456
2017-10-31,8908,4000,110300,27.6,27.6,27.5,27.5,0.0,2,27.49965459321316,27.52583391615498,27.562189656234334,27.935511716385548,29.188511714945015
2017-11-01,8908,5000,137500,27.5,27.5,27.5,27.5,0.0,4,27.499769728808776,27.52113684049044,27.556781860040044,27.922511366642695,29.17576823030392
2017-11-02,8908,8000,221200,27.65,27.65,27.65,27.65,0.15,6,27.549846485872518,27.544566505855812,27.56488778525395,27.91437669898172,29.164252998377098
2017-11-03,8908,6000,166400,27.75,27.75,27.7,27.7,0.05,5,27.599897657248345,27.572827141154754,27.57663667349274,27.907977394534505,29.15320203235161
2017-11-06,8908,32000,895500,27.7,28.3,27.5,28.2,0.5,17,27.799931771498898,27.686858570035707,27.630842180145546,27.916694487234967,29.146008054748958
2017-11-07,8908,4000,112800,28.2,28.2,28.2,28.2,0.0,3,27.93328784766593,27.780157011847397,27.680334164480715,27.925151368213026,29.13886837131689
2017-11-08,8908,2000,56400,28.4,28.4,28.0,28.0,-0.2,2,27.955525231777287,27.820128464238778,27.708131193656307,27.927385655729054,29.13027313832582
2017-11-09,8908,2000,56400,28.4,28.4,28.0,28.0,-0.2,2,27.97035015451819,27.852832379831728,27.733511089860105,27.929553248095353,29.1217427750177
2017-11-10,8908,3000,83900,27.9,28.0,27.9,28.0,0.0,3,27.98023343634546,27.879590128953232,27.756684038567922,27.93165613621191,29.11327679181002
2017-11-13,8908,1000,28200,28.2,28.2,28.2,28.2,0.2,1,28.05348895756364,27.937846469143555,27.795233252605495,27.939666400802597,29.10638413677749
2017-11-14,8908,2000,56400,28.2,28.2,28.2,28.2,0.0,2,28.102325971709092,27.98551074748109,27.830430361074583,27.947437553017444,29.099543501782943
2017-11-15,8908,2000,56250,28.05,28.2,28.05,28.2,0.0,2,28.134883981139396,28.02450879339362,27.862566851415924,27.95497673053931,29.092754494222316
2017-11-16,8908,14000,394800,28.2,28.2,28.2,28.2,0.0,8,28.156589320759597,28.056416285503868,27.89190886433628,27.9622908579859,29.0860167244546
2017-11-17,8908,10000,281800,28.2,28.2,28.1,28.15,-0.05,7,28.154392880506396,28.073431506321345,27.9143515717853,27.96789411595647,29.078952447288902
2017-11-20,8908,2000,56250,28.15,28.15,28.1,28.1,-0.05,2,28.1362619203376,28.078262141535646,27.930494913369188,27.97183757518165,29.071564126932003
2017-11-21,8908,4000,112900,28.0,28.55,28.0,28.15,0.05,4,28.140841280225064,28.091305388529165,27.94958231220665,27.97715585651951,29.064608925974024
2017-11-22,8908,4000,112800,28.2,28.2,28.2,28.2,0.05,2,28.160560853483375,28.111068045160227,27.971357763319116,27.983807920504002,29.058083575589315
2017-11-23,8908,2000,56400,28.2,28.2,28.2,28.2,0.0,2,28.173707235655584,28.127237491494732,27.99123969694354,27.99026141541433,29.051607473132037
2017-11-24,8908,14000,392400,28.4,28.4,28.0,28.0,-0.2,10,28.11580482377039,28.104103402132054,27.99200146242671,27.990552119431815,29.043670812957455
2017-11-27,8908,1000,28200,28.2,28.2,28.2,28.2,0.2,1,28.14386988251359,28.121539147198952,28.01008829178091,27.996804294971163,29.03730348606721
2017-11-28,8908,2000,56400,28.2,28.2,28.2,28.2,0.0,1,28.16257992167573,28.135804756799143,28.026602353365178,28.00286983840486,29.03098421447425
2017-11-29,8908,34000,980400,28.5,29.3,28.45,29.0,0.8,22,28.44171994778382,28.292931164653844,28.111245626985596,28.03263491785546,29.03075037134614
2017-11-30,8908,28000,813200,29.0,29.1,29.0,29.05,0.05,14,28.644479965189213,28.43058004380769,28.192876442030325,28.063004024785148,29.030895651562396
2017-12-01,8908,10000,290300,29.05,29.05,29.0,29.05,0.0,6,28.779653310126143,28.543201854024474,28.267408925332035,28.092466591209472,29.03103983532419
2017-12-04,8908,78000,2276250,29.2,29.25,29.15,29.15,0.1,25,28.903102206750763,28.653528789656388,28.344155975303163,28.124034752665906,29.03193764788778
2017-12-05,8908,13000,378400,29.15,29.2,28.7,29.15,0.0,9,28.985401471167176,28.743796282446134,28.414229368755063,28.154660580944537,29.032828684507496
2017-12-06,8908,13000,378400,29.15,29.2,28.7,29.15,0.0,9,29.040267647444782,28.817651503819565,28.478209423645925,28.184372205393952,29.033712996322535
2017-12-07,8908,10000,290350,29.05,29.1,28.9,28.9,-0.25,5,28.993511764963188,28.832623957670553,28.514886865068018,28.205734229113535,29.032703841633307
2017-12-08,8908,5000,145800,29.2,29.2,29.1,29.1,0.2,2,29.029007843308793,28.881237783548634,28.56576626810558,28.232428729737013,29.03321173716815
2017-12-11,8908,72000,2143300,29.3,30.1,29.3,30.1,1.0,42,29.38600522887253,29.102830913812518,28.699177896965963,28.288177125864266,29.041262969340465
2017-12-12,8908,15000,450150,30.1,30.1,29.8,30.05,-0.05,7,29.607336819248353,29.275043474937515,28.81664068853414,28.340768853450406,29.04887607900582
2017-12-13,8908,23000,692450,30.1,30.2,30.0,30.0,-0.05,13,29.73822454616557,29.406853752221604,28.919541498226824,28.39029814140711,29.05605437274917
2017-12-14,8908,19000,570850,30.0,30.15,30.0,30.0,0.0,14,29.825483030777047,29.514698524544947,29.013494411424492,28.438348943156154,29.063178490690685
2017-12-15,8908,17000,510950,30.2,30.2,30.0,30.0,0.0,8,29.883655353851363,29.602935156445866,29.099277506083233,28.48496539261418,29.07024884170434
2017-12-18,8908,21000,629950,30.2,30.2,29.9,30.0,0.0,13,29.922436902567576,29.6751287643648,29.17760120120643,28.530190306267485,29.07726583157827
2017-12-19,8908,21000,634550,30.15,30.25,30.15,30.25,0.25,15,30.031624601711716,29.779650807207563,29.270853270666738,28.58152790906547,29.086116655490887
2017-12-20,8908,16000,483300,30.25,30.3,30.0,30.3,0.05,13,30.12108306780781,29.874259751351644,29.36034429060876,28.632825583421727,29.095278039223032
2017-12-21,8908,12000,364050,30.4,30.5,30.25,30.35,0.05,10,30.197388711871874,29.96075797837862,29.446401308816696,28.684084521230034,29.10474763892701
2017-12-22,8908,11000,336500,30.55,30.6,30.55,30.6,0.25,9,30.33159247458125,30.076983800491597,29.54671423848481,28.741276028058987,29.116032562406804
2017-12-25,8908,22000,680850,30.6,31.1,30.6,31.1,0.5,21,30.5877283163875,30.26298674585676,29.681782565573087,28.811685698863197,29.131005901558453
2017-12-26,8908,17000,527250,31.1,31.25,30.9,31.0,-0.1,11,30.725152210925,30.396989155700986,29.79641016856673,28.877008513822506,29.145111517395748
2017-12-27,8908,2000,61850,31.0,31.0,30.85,30.85,-0.15,2,30.766768140616666,30.479354763755353,29.888026675647883,28.93590378206661,29.157978600283325
2017-12-28,8908,12000,369900,31.0,31.0,30.8,30.9,0.05,9,30.81117876041111,30.555835715799834,29.97602435602633,28.994533519915368,29.171125931601942
2017-12-29,8908,12000,368700,30.9,30.9,30.6,30.6,-0.3,11,30.740785840274075,30.56386558565441,30.030283107676215,29.042457892455207,29.181909886835136
2018-01-02,8908,12000,369400,30.75,30.85,30.75,30.85,0.25,10,30.777190560182717,30.615890024626335,30.101562837443502,29.09641437327744,29.194499246179777
2018-01-03,8908,20000,617650,30.9,31.0,30.8,30.95,0.1,12,30.834793706788478,30.67663729287609,30.175339982013632,29.151745287507964,29.20774830847276
2018-01-04,8908,3000,92600,30.95,30.95,30.8,30.85,-0.1,3,30.83986247119232,30.708157785080438,30.234006070534186,29.202439458030113,29.220142660861644
2018-01-05,8908,2000,61700,30.85,30.85,30.85,30.85,0.0,2,30.843241647461547,30.73394727870218,30.28757076005295,29.251620369730706,29.23244347096835
2018-01-08,8908,17000,527200,30.85,31.1,30.85,31.1,0.25,14,30.928827764974365,30.800502318938147,30.35821678091791,29.306795881082028,29.24653823722519
2018-01-09,8908,18000,557850,31.0,31.2,30.9,31.2,0.1,15,31.01921850998291,30.873138260949393,30.431415321707657,29.363309436870622,29.261281344868774
2018-01-10,8908,41000,1282350,31.3,31.45,31.1,31.1,-0.1,17,31.04614567332194,30.914385849867685,30.489553119820034,29.415150946217768,29.27515846679429
2018-01-11,8908,53000,1695800,31.6,32.35,31.6,31.85,0.75,35,31.314097115547963,31.084497513528106,30.607852848531337,29.4878330075247,29.294591233082638
2018-01-12,8908,47000,1528150,32.25,32.65,32.25,32.65,0.8,24,31.759398077031975,31.36913432925027,30.785430861702526,29.5822260520762,29.31991507283296
2018-01-15,8908,15000,490500,32.6,32.8,32.6,32.8,0.15,8,32.10626538468798,31.629291723932038,30.96061078677187,29.67827900574557,29.346179864736108
2018-01-16,8908,22000,706950,32.0,32.3,32.0,32.15,-0.65,16,32.12084358979199,31.723965955944394,31.06403593574823,29.75206172199197,29.367340771417346
2018-01-17,8908,1000,32400,32.4,32.4,32.4,32.4,0.25,1,32.213895726527994,31.846881236681778,31.180206723944035,29.831104655663854,29.390228765595328
2018-01-18,8908,5000,163800,32.8,32.8,32.6,32.6,0.2,5,32.342597151018666,31.983811920921454,31.30366700881847,29.913758248032096,29.414453454156874
2018-01-19,8908,14000,455200,32.8,32.85,32.45,32.45,-0.15,9,32.378398100679114,32.06857338984483,31.40334813848643,29.989466957046062,29.43736323940852
2018-01-22,8908,3000,97400,32.5,32.5,32.4,32.4,-0.05,2,32.385598733786075,32.12883277350941,31.49001351774848,30.061423167283493,29.459722762129964
2018-01-23,8908,19000,601250,30.75,32.35,30.75,32.1,-0.3,17,32.290399155857386,32.123590451053154,31.54305582055296,30.122276207066076,29.479649382793134
2018-01-24,8908,4000,128700,32.1,32.2,32.1,32.2,0.1,4,32.260266103904925,32.13748309631622,31.600181401374442,30.184297812825296,29.500180330847527
2018-01-25,8908,1000,32500,32.5,32.5,32.5,32.5,0.3,1,32.34017740260328,32.20339526062236,31.6784264969071,30.25342325124842,29.522820479293962
2018-01-26,8908,7000,227500,32.5,32.5,32.5,32.5,0.0,3,32.39345160173552,32.257323395054655,31.749867671089092,30.320485243748468,29.545289758695517
2018-01-29,8908,4000,129100,32.0,32.5,32.0,32.5,0.0,4,32.42896773449035,32.301446414135626,31.815096569255257,30.385545385726125,29.56758945862989
2018-01-30,8908,17000,548900,32.05,32.35,32.05,32.3,-0.2,8,32.38597848966023,32.30118342974733,31.85726208497219,30.442693284659672,29.588211424979853
2018-01-31,8908,54000,1743000,32.35,32.6,32.0,32.6,0.3,29,32.457318993106824,32.35551371524782,31.921847990626784,30.507090500042967,29.610941904791325
2018-02-01,8908,30000,970550,32.25,32.85,32.25,32.3,-0.3,19,32.404879328737884,32.34542031247548,31.954730774050542,30.560610186608848,29.631236682868373
2018-02-02,8908,48000,1555500,32.5,32.5,32.35,32.35,0.05,17,32.38658621915859,32.34625298293449,31.989102011089624,30.614024807904105,29.651755651299556
2018-02-05,8908,33000,1068200,32.4,32.4,32.35,32.35,0.0,16,32.37439081277239,32.346934258764584,32.020484444907915,30.66584496289204,29.672119759591634
2018-02-06,8908,19000,608050,32.2,32.2,31.5,31.75,-0.6,11,32.16626054184826,32.23840075717102,31.996964058394184,30.698207799820636,29.687801874613584
2018-02-07,8908,6000,192500,32.5,32.5,31.9,32.4,0.65,5,32.244173694565504,32.26778243768538,32.032010662012084,30.74900756699017,29.70827129442782
2018-02-08,8908,15000,483250,31.85,32.4,31.85,32.4,0.0,7,32.296115796377,32.291821994469856,32.0640097348806,30.798290923199417,29.72858622805478
2018-02-09,8908,27000,872300,32.35,32.4,32.1,32.4,0.0,18,32.33074386425133,32.31149072274806,32.093226279673594,30.846103134447194,29.748747841427953
2018-02-12,8908,35000,1131850,32.6,32.6,32.1,32.4,0.0,15,32.35382924283422,32.32758331861205,32.11990225535415,30.89248811550847,29.768757291681325
2018-02-21,8908,54000,1756900,32.6,32.6,32.5,32.55,0.15,15,32.41921949522281,32.36802271522804,32.15730205923639,30.94196608220971,29.789747802687504
2018-02-22,8908,18000,586400,32.55,32.7,32.55,32.55,0.0,9,32.46281299681521,32.401109494277485,32.19144970625931,30.989967094681063,29.81057989474269
2018-02-23,8908,1000,32300,32.3,32.3,32.3,32.3,-0.25,1,32.4085419978768,32.3827259498634,32.200888862236766,31.02907255454133,29.829367971008786
2018-02-26,8908,5000,161500,32.3,32.3,32.3,32.3,0.0,4,32.372361331917865,32.36768486807005,32.20950722204226,31.067010687241588,29.848014250472872
2018-02-27,8908,10000,324550,32.55,32.6,32.3,32.3,0.0,5,32.348240887945245,32.35537852842095,32.21737615925598,31.103816338368706,29.866519803299493
2018-03-01,8908,4000,130000,32.5,32.5,32.5,32.5,0.2,4,32.39882725863016,32.381673341435324,32.24195214540763,31.145493462596505,29.88639512553874
2018-03-02,8908,9000,290600,32.2,32.55,32.2,32.55,0.05,7,32.44921817242011,32.41227818844708,32.26873891537218,31.187419030877205,29.90649780383656
2018-03-05,8908,2000,64850,32.45,32.45,32.4,32.4,-0.15,2,32.43281211494674,32.41004579054761,32.280152922731126,31.22361547771669,29.925316688335908
2018-03-06,8908,9000,294450,32.7,32.75,32.7,32.7,0.3,7,32.52187474329783,32.462764737720775,32.316661364232765,31.267686657486344,29.946257694461675
2018-03-07,8908,1000,32500,32.5,32.5,32.5,32.5,-0.2,1,32.514583162198555,32.46953478540791,32.33260385429948,31.304472130397198,29.965531221295926
2018-03-08,8908,4000,129750,32.4,32.45,32.4,32.45,-0.05,3,32.49305544146571,32.46598300624284,32.342812214795174,31.338666992176385,29.98428192905973
2018-03-09,8908,2000,64900,32.45,32.45,32.45,32.45,0.0,2,32.4787036276438,32.46307700510778,32.35213289176951,31.371841111812913,30.00289112204796
2018-03-12,8908,1000,32500,32.5,32.5,32.5,32.5,0.05,1,32.4858024184292,32.469790276906366,32.36499090118085,31.405517496534916,30.02173722678722
2018-03-13,8908,9000,293400,32.6,32.6,32.6,32.6,0.1,4,32.523868278952804,32.4934647720143,32.38542647499121,31.4411736906682,30.041195813754864
2018-03-14,8908,20000,662950,32.5,33.3,32.5,33.2,0.6,13,32.74924551930187,32.62192572255715,32.45625895542676,31.4936759685587,30.06503584534917
2018-03-15,8908,24000,798850,33.25,33.5,33.2,33.35,0.15,12,32.949497012867916,32.7543028639104,32.53397556799835,31.549088626213667,30.08982802764842
2018-03-16,8908,3000,100350,33.45,33.5,33.4,33.4,0.05,3,33.09966467524528,32.871702343199416,32.609282040346315,31.604339711998332,30.11481045762843
2018-03-19,8908,43000,1441150,33.45,33.7,33.45,33.7,0.3,26,33.29977645016352,33.02230191716316,32.7041270803162,31.66689673552077,30.14186849191048
2018-03-20,8908,19000,640200,33.7,33.8,33.6,33.8,0.1,10,33.46651763344234,33.16370156858804,32.79942037768001,31.73057145983358,30.169477031594173
2018-03-21,8908,17000,579800,34.0,34.5,34.0,34.05,0.25,13,33.66101175562823,33.324846737935665,32.90816643179479,31.799808132674368,30.198763997393463
2018-03-22,8908,10000,344000,34.4,34.5,34.2,34.3,0.25,10,33.874007837085486,33.50214733103827,33.029195437725676,31.874440725728864,30.229716721941436
2018-03-23,8908,6000,206500,34.5,34.5,34.4,34.4,0.1,3,34.04933855805699,33.6653932708495,33.14839583444518,31.949830554811584,30.261190558002255
2018-03-26,8908,10000,350400,35.0,35.1,35.0,35.1,0.7,8,34.39955903870466,33.926230857967774,33.318100544493426,32.04386546362318,30.297709874545635
2018-03-27,8908,9000,320800,35.4,36.0,35.05,36.0,0.9,9,34.93303935913644,34.303279792882726,33.55130919279834,32.16195903187323,30.340746026435855
2018-03-28,8908,16000,582400,36.5,36.6,36.1,36.5,0.5,13,35.45535957275762,34.70268346690405,33.807717089076746,32.29145279211582,30.387230962085397
2018-03-29,8908,10000,361800,36.1,36.3,36.1,36.3,-0.2,9,35.736906381838416,34.993104654739675,34.02443734220051,32.4111109177243,30.43185563406966
2018-03-30,8908,13000,474300,36.5,36.5,36.3,36.3,0.0,11,35.92460425455894,35.23072199024155,34.2223123559222,32.52719715898626,30.476143516076682
2018-03-31,8908,3000,109200,36.4,36.5,36.3,36.5,0.2,3,36.11640283637263,35.46149981019763,34.4203721510594,32.64578828856876,30.521606583879876
2018-04-02,8908,23000,829450,36.5,36.5,35.7,35.7,-0.8,19,35.97760189091509,35.504863481070785,34.5316441379238,32.73695878741745,30.56068879834116
2018-04-03,8908,15000,532900,35.7,35.7,35.3,35.7,0.0,11,35.88506792727673,35.540342848148825,34.63324029984347,32.82540777883782,30.599476052693305
2018-04-09,8908,8000,285600,35.7,35.7,35.7,35.7,0.0,6,35.823378618184485,35.56937142121267,34.72600201290056,32.91121650185759,30.637970573050335
2018-04-10,8908,14000,497600,35.7,35.7,35.2,35.6,-0.1,12,35.748919078789655,35.57494025371946,34.802001837865724,32.99147869583199,30.675419851744294
2018-04-11,8908,3000,106900,35.6,35.7,35.6,35.7,0.1,3,35.732612719193106,35.59767838940683,34.880088634573056,33.07233007804596,30.71334121135377
2018-04-12,8908,7000,251750,35.7,36.75,35.7,36.75,1.05,5,36.0717418127954,35.80719140951468,35.04268962287105,33.18211126974608,30.758900900324686
2018-04-13,8908,8000,285900,35.8,35.8,35.7,35.7,-1.05,8,35.947827875196936,35.78770206233019,35.099847046969224,33.2572721273656,30.7961922142845
2018-04-16,8908,10000,357950,35.7,35.95,35.7,35.95,0.25,9,35.94855191679796,35.81721077827016,35.173773390711034,33.33765206386215,30.8350888768182
2018-04-17,8908,7000,250650,35.85,35.85,35.75,35.85,-0.1,5,35.91570127786531,35.82317245494831,35.23257570456225,33.41264752464239,30.872937262653537
2018-04-18,8908,5000,180000,36.0,36.0,36.0,36.0,0.15,2,35.943800851910204,35.85532291768499,35.29930825199162,33.48988192689187,30.911632075765585
2018-04-19,8908,5000,181600,36.4,36.4,36.2,36.2,0.2,2,36.02920056794014,35.9179914781059,35.37762927355757,33.57078097385032,30.951544286514522
2018-04-20,8908,7000,253400,36.2,36.2,36.2,36.2,0.0,4,36.086133711960095,35.96926575481392,35.44913977150908,33.64926512388464,30.991155273031396
2018-04-23,8908,3000,107700,36.0,36.0,35.7,35.7,-0.5,3,35.95742247464006,35.920308344847754,35.47095370442133,33.71048109033585,31.02669372380097
2018-04-24,8908,14000,504000,36.0,36.0,36.0,36.0,0.3,12,35.971614983093374,35.93479773669362,35.51695773012383,33.778824938385526,31.064228110791152
2018-04-25,8908,7000,250900,35.3,36.0,35.3,36.0,0.0,7,35.98107665539558,35.946652693658415,35.55896140576523,33.84512867156805,31.101479219388956
2018-04-26,8908,2000,72050,36.0,36.05,36.0,36.05,0.05,2,36.00405110359706,35.96544311299325,35.60166041395956,33.91094572614811,31.138826546035077
2018-04-27,8908,3000,108600,36.2,36.2,36.2,36.2,0.15,3,36.069367402398036,36.00808981972175,35.65368994318047,33.979275704472045,31.1770240815367
2018-04-30,8908,9000,326100,36.2,36.3,36.2,36.25,0.05,8,36.129578268265355,36.05207348886325,35.70554299159956,34.04705851926392,31.215310692242085
2018-05-02,8908,9000,327100,36.3,36.5,36.3,36.3,0.05,7,36.186385512176905,36.09715103634266,35.75723490537351,34.114310503763505,31.25368570588554
2018-05-03,8908,3000,109900,36.4,37.0,36.4,37.0,0.7,3,36.45759034145127,36.261305393371266,35.86530143534103,34.200450488725785,31.297054115652443
2018-05-04,8908,15000,572300,37.0,38.5,37.0,38.4,1.4,10,37.10506022763418,36.650158958212856,36.08571000618094,34.32581017562949,31.350661254402237
2018-05-07,8908,25000,962150,38.4,38.6,38.35,38.35,-0.05,13,37.52004015175612,36.959220965810516,36.282604788252165,34.445935245013686,31.40348645248222
2018-05-08,8908,25000,962150,38.4,38.6,38.35,38.35,-0.05,13,37.79669343450408,37.2120898811177,36.46237828492589,34.56247449143119,31.455912969821977
2018-05-09,8908,2000,76850,38.35,38.5,38.35,38.5,0.15,2,38.031128956336055,37.44625535727812,36.639562781888856,34.68001256631384,31.509075890804453
2018-05-10,8908,123000,4774300,38.8,39.75,38.8,39.75,1.25,4,38.6040859708907,37.865118019591186,36.91003558346374,34.831355474782086,31.57127154445876
2018-05-11,8908,6000,236200,39.75,39.75,39.0,39.0,-0.75,6,38.736057313927134,38.07146019784734,37.09177161968428,34.95579262478859,31.62733741959492
2018-05-14,8908,15000,575950,39.0,39.0,37.75,39.0,0.0,14,38.82403820928476,38.24028561642055,37.25770452232043,35.07651523300386,31.682980156050807
2018-05-15,8908,4000,156200,39.0,39.1,39.0,39.1,0.1,3,38.916025472856504,38.396597322525906,37.417904129075175,35.196619255899265,31.738957664307026
2018-05-16,8908,12000,469850,39.5,39.5,38.15,39.2,0.1,11,39.010683648571,38.54267053661211,37.57286898741646,35.316123158708244,31.795267417783954
2018-05-17,8908,24000,885550,35.3,39.2,35.3,39.2,0.0,18,39.07378909904734,38.66218498450082,37.714358640684594,35.432059780836354,31.851152191989357
2018-05-18,8908,24000,885550,35.3,39.2,35.3,39.2,0.0,18,39.11585939936489,38.7599695327734,37.84354484584246,35.544535608274074,31.906615194313964
2018-05-21,8908,3000,115450,39.0,39.0,37.75,38.7,-0.3,3,38.9772395995766,38.749065981360054,37.91801920707355,35.638728575191266,31.957886023036124
2018-05-22,8908,3000,113450,37.75,38.0,37.7,38.0,-0.7,3,38.6514930663844,38.612872166567314,37.92514797167585,35.70921428936466,32.003486883239624
2018-05-23,8908,3000,113000,37.5,38.0,37.5,38.0,0.0,2,38.434328710922934,38.501440863555075,37.93165684370403,35.7775959523687,32.048743586007625
2018-05-24,8908,2000,75950,37.95,38.0,37.95,38.0,0.0,2,38.289552473948625,38.410269797454156,37.937599726860206,35.84393637170098,32.09365872875474
2018-05-25,8908,5000,186950,37.4,37.6,37.3,37.6,-0.4,5,38.059701649299086,38.26294801609885,37.908243228872365,35.89635618150095,32.13521602136791
2018-05-28,8908,1000,37600,37.6,37.6,37.6,37.6,0.0,1,37.90646776619939,38.14241201317179,37.88143946983998,35.94721122085913,32.176459674036835
2018-05-29,8908,4000,151750,38.0,38.2,37.55,38.0,0.4,4,37.93764517746626,38.11651891986783,37.891749081158245,36.00848849784841,32.22041092177995
2018-05-30,8908,1000,38000,38.0,38.0,38.0,38.0,0.0,1,37.95843011831084,38.09533366171004,37.90116220453579,36.06793660239025,32.26403046199293
2018-05-31,8908,5000,189250,37.85,38.0,37.5,38.0,0.0,5,37.97228674554056,38.07800026867185,37.909756795445716,36.12561013664725,32.307320798128835
2018-06-01,8908,16000,608300,38.0,38.2,38.0,38.0,0.0,7,37.98152449702704,38.0638184016406,37.91760403062435,36.18156207286674,32.35028441474673
2018-06-04,8908,21000,804200,38.2,38.3,38.2,38.3,0.3,4,38.087682998018025,38.10676051043322,37.950855854048314,36.24479902591549,32.3951879285977
2018-06-05,8908,20000,769000,38.5,38.8,37.1,38.4,0.1,10,38.19178866534535,38.16007678126354,37.98991186673977,36.30913338335085,32.44050726498564
2018-06-06,8908,3000,114750,38.1,38.5,38.1,38.5,0.1,3,38.2945257768969,38.22188100285199,38.03426735658849,36.37453238683291,32.486239285627256
2018-06-07,8908,10000,383450,38.6,38.6,38.1,38.4,-0.1,7,38.3296838512646,38.254266275060715,38.06607019514601,36.43499410662894,32.53087144196215
2018-06-08,8908,5000,191300,38.3,38.5,38.0,38.5,0.1,5,38.38645590084307,38.29894513414059,38.103803221655056,36.49663607359524,32.57592146881527
2018-06-11,8908,8000,306400,37.75,39.4,37.75,39.4,0.9,8,38.72430393389538,38.49913692793321,38.2165159849894,36.58330365348792,32.627423948295906
2018-06-12,8908,4000,154600,39.0,39.0,38.3,38.95,-0.45,4,38.79953595593025,38.58111203194535,38.280297203685976,36.653951305622606,32.675141503403104
2018-06-13,8908,9000,346400,38.55,38.65,38.4,38.65,-0.3,8,38.74969063728683,38.5936371170462,38.312445272930674,36.71353484873835,32.72023477507553
2018-06-14,8908,9000,346400,38.55,38.65,38.4,38.65,-0.3,8,38.716460424857885,38.60388491394689,38.341797857893226,36.77133977862675,32.7649877201693
2018-06-15,8908,7000,269800,38.5,38.65,38.5,38.65,0.0,6,38.694306949905254,38.612269475047455,38.36859804416338,36.827419188219984,32.80940290718689
2018-06-19,8908,4000,154750,38.6,38.85,38.6,38.7,0.05,3,38.69620463327017,38.62822047958428,38.39741560554047,36.88331712289998,32.85386024373643
2018-06-20,8908,2000,76100,38.05,38.05,38.05,38.05,-0.65,2,38.48080308884678,38.523089483296225,38.367205552884776,36.91814347744028,32.89307639284031
2018-06-21,8908,37000,1412000,38.05,38.5,38.0,38.3,0.25,27,38.42053539256452,38.482527759060545,38.361361591764364,36.9593929258749,32.93388336346038
2018-06-22,8908,17000,646200,38.0,38.3,37.3,38.25,0.0,16,38.36369026170968,38.4402499846859,38.3516779750892,36.99791851017714,32.97400499845313
2018-06-25,8908,1000,37650,37.65,37.65,37.65,37.65,-0.6,1,38.12579350780645,38.29656816928846,38.290662498994486,37.01738362927633,33.00929552676669
2018-06-26,8908,4000,149550,37.3,37.55,37.3,37.55,-0.1,4,37.93386233853763,38.16082850214511,38.22625706429931,37.033282625417336,33.04356499448921
2018-06-27,8908,9000,339200,37.6,38.0,37.6,37.95,0.4,6,37.939241559025085,38.12249604720964,38.20223471088198,37.06064732316607,33.080594692644006
2018-06-28,8908,7000,262600,38.35,38.35,37.3,37.3,-0.65,6,37.72616103935005,37.97295131135334,38.12377951863137,37.06779217919097,33.11243926100141
2018-06-29,8908,1000,37600,37.6,37.6,37.6,37.6,0.3,1,37.6841073595667,37.90514198201637,38.07823347353299,37.083678979812134,33.14630764393725
2018-07-02,8908,9000,333900,37.25,37.25,37.0,37.0,-0.6,7,37.45607157304447,37.74057071255885,37.98447404105186,37.08118109981774,33.17539211454904
2018-07-03,8908,9000,333900,37.25,37.25,37.0,37.0,-0.6,7,37.30404771536298,37.60592149209361,37.898867602699525,37.07875778340527,33.204257079722254
2018-07-04,8908,9000,333900,37.25,37.25,37.0,37.0,-0.6,7,37.20269847690865,37.49575394807659,37.82070520246479,37.07640680479616,33.23290419610171
2018-07-05,8908,9000,333900,37.25,37.25,37.0,37.0,-0.6,7,37.1351323179391,37.40561686660812,37.74933953268524,37.07412600465299,33.26133510782924
2018-07-06,8908,1000,37000,37.0,37.0,37.0,37.0,0.0,1,37.090088211959404,37.33186834540665,37.68417957332131,37.071913288096184,33.28955144663808
2018-07-09,8908,1000,37000,37.0,37.0,37.0,37.0,0.0,1,37.060058807972936,37.271528646241805,37.62468569738033,37.06976662277988,33.317554831946474
2018-07-10,8908,1000,37000,37.0,37.0,37.0,37.0,0.0,1,37.04003920531529,37.22215980147057,37.57036520195595,37.06768403702526,33.34534687095065
2018-07-11,8908,1000,37200,37.2,37.2,37.2,37.2,0.0,1,37.093359470210196,37.218130746657735,37.538159532220654,37.071633767263314,33.374438592679326
2018-07-12,8908,3000,109800,36.2,36.9,36.2,36.7,-0.5,3,36.9622396468068,37.12392515635633,37.46527609463625,37.06054022197187,33.39953716933835
2018-07-13,8908,7000,259500,36.7,37.3,36.7,37.3,0.6,7,37.074826431204535,37.15593876429154,37.45090426032006,37.06768827504734,33.4289746246641
2018-07-16,8908,1000,37300,37.3,37.3,37.3,37.3,0.0,1,37.14988428746969,37.18213171623853,37.43778215072701,37.07462295340413,33.45818991051569
2018-07-17,8908,1000,37300,37.3,37.3,37.3,37.3,0.0,1,37.19992285831312,37.20356231328607,37.42580109414205,37.081350626436844,33.48718470364388
2018-07-18,8908,7000,264850,38.15,38.15,37.7,37.7,-0.1,5,37.36661523887542,37.29382371087042,37.44964447726014,37.09981777191634,33.5189795360692
2018-07-19,8908,7000,264850,38.15,38.15,37.7,37.7,-0.1,5,37.47774349258361,37.367673945257614,37.471414522715776,37.11773365932182,33.55053440749509
2018-07-20,8908,3000,113250,37.75,37.75,37.75,37.75,-0.45,2,37.56849566172241,37.437187773392594,37.495639346827446,37.136607281431615,33.58222848743853
2018-07-23,8908,3000,113250,37.75,37.75,37.75,37.75,-0.45,2,37.62899710781494,37.49406272368485,37.517757664494624,37.15491751183664,33.613683366778616
2018-07-24,8908,3000,113250,37.75,37.75,37.75,37.75,-0.45,2,37.66933140520996,37.540596773923966,37.537952650190746,37.17268116819973,33.64490085080293
2018-07-25,8908,1000,37200,37.2,37.2,37.2,37.2,-0.55,1,37.51288760347331,37.47867008775597,37.508565463217636,37.17349665571616,33.671731787778
2018-07-26,8908,2000,74500,37.25,37.25,37.25,37.25,0.05,2,37.42525840231554,37.43709370816398,37.48608150989436,37.175780337635075,33.69873758560609
2018-07-27,8908,2000,74500,37.25,37.25,37.25,37.25,0.05,2,37.36683893487703,37.40307667031598,37.46555268294703,37.17799584994447,33.72553956609208
2018-07-30,8908,3000,111950,37.25,37.35,37.25,37.35,0.1,3,37.36122595658469,37.393426366622165,37.45550462356033,37.183130302184935,33.752893984461195
2018-07-31,8908,1000,37900,37.9,37.9,37.9,37.9,0.55,1,37.54081730438979,37.48553066359995,37.494156395424646,37.2045293976421,33.78419289778601
2018-08-01,8908,2000,74350,37.05,37.3,37.05,37.3,-0.6,2,37.46054486959319,37.45179781567269,37.477273230605114,37.2073792663692,33.81072729101027
2018-08-02,8908,2000,74600,37.3,37.3,37.3,37.3,0.0,2,37.407029913062125,37.42419821282311,37.46185816707423,37.21014406438803,33.83706142466302
2018-08-03,8908,2000,74600,37.3,37.3,37.3,37.3,0.0,2,37.37135327537475,37.40161671958254,37.447783543850385,37.21282633112272,33.86319681013726
2018-08-06,8908,20000,748850,37.1,38.15,37.05,37.15,-1.15,8,37.29756885024983,37.355868225112985,37.421889322646,37.21095091825339,33.88800287194755
2018-08-07,8908,3000,111450,37.15,37.15,37.15,37.15,0.0,2,37.24837923349989,37.3184376387288,37.3982467728507,37.20913148785777,33.912621718197
2018-08-08,8908,15000,559800,37.4,37.4,37.3,37.3,0.15,8,37.26558615566659,37.31508534077811,37.389703575211506,37.211843980757536,33.93818683730495
2018-08-09,8908,37000,1407000,37.65,38.7,37.65,37.7,0.4,16,37.410390770444394,37.385069824273,37.416685873019205,37.22641580222746,33.966577880042266
2018-08-10,8908,1000,37700,37.7,37.7,37.7,37.7,0.0,1,37.506927180296266,37.44232985622337,37.44132188406101,37.24055264395201,33.99475465075893
2018-08-13,8908,28000,1065900,38.0,38.2,37.7,38.2,0.5,17,37.73795145353085,37.58008806418275,37.50729389414266,37.26919286353553,34.02649235150792
2018-08-14,8908,5000,191050,38.25,38.25,38.15,38.25,0.05,5,37.908634302353896,37.701890234331344,37.57187703378243,37.298470688504615,34.058367880930504
2018-08-15,8908,14000,536400,39.0,39.0,37.8,37.8,-0.45,14,37.87242286823593,37.71972837354382,37.591713813453524,37.313441712728356,34.086606613904614
2018-08-16,8908,2000,76000,38.0,38.0,38.0,38.0,0.2,2,37.91494857882395,37.77068685108131,37.62721696010974,37.333935989960345,34.116141658327976
2018-08-17,8908,2000,76000,38.0,38.0,38.0,38.0,0.2,2,37.9432990525493,37.81238015088471,37.65963287662194,37.35381849772272,34.14545379675569
2018-08-20,8908,24000,945550,38.1,41.8,38.1,39.05,1.05,19,38.3121993683662,38.03740194163294,37.78053436561134,37.40445078137279,34.18246923979904
2018-08-21,8908,29000,1127800,40.0,40.0,38.2,38.2,-0.85,24,38.2747995789108,38.06696522497241,37.81700963816687,37.42819851924226,34.21279022666848
2018-08-22,8908,5000,192000,38.2,39.2,38.2,39.2,1.0,3,38.58319971927387,38.2729715477047,37.93726966963062,37.48108811568279,34.25042954571249
2018-08-23,8908,31000,1147550,37.1,37.35,36.6,37.35,0.0,27,38.17213314618258,38.105158539031116,37.886202741836655,37.477175037602706,34.27382253027315
2018-08-24,8908,4000,149150,37.35,37.4,37.0,37.0,-0.35,4,37.78142209745506,37.90422062284364,37.80914163385086,37.46293100662949,34.29439745457297
2018-08-27,8908,8000,296000,37.0,37.1,36.9,37.1,0.1,7,37.554281398303374,37.75799869141752,37.74747714395078,37.45209724523757,34.315571813406386
2018-08-28,8908,2000,74700,37.35,37.35,37.35,37.35,0.25,1,37.486187598868916,37.68381711115979,37.71291391404202,37.44904956627525,34.33847315821087
2018-08-29,8908,6000,225600,37.6,37.6,37.6,37.6,0.25,3,37.524125065912614,37.66857763640346,37.70309531282098,37.45355554937151,34.36308845513003
2018-08-30,8908,4000,148600,37.15,37.15,37.15,37.15,-0.45,3,37.399416710608406,37.574290793421014,37.65500006822785,37.444494189688776,34.384121749808294
2018-08-31,8908,6000,222950,37.2,37.2,37.15,37.15,0.0,4,37.31627780707227,37.49714701279901,37.61108701881673,37.43570331835478,34.40499630263993
2018-09-03,8908,6000,222950,37.2,37.2,37.15,37.15,0.0,4,37.26085187138151,37.434029374108285,37.57099249544137,37.427174861090464,34.42571331167661
2018-09-04,8908,10000,376100,37.6,37.7,37.4,37.4,0.25,6,37.307234580921005,37.4278422151795,37.55612358279429,37.42636367120716,34.448160758380936
2018-09-05,8908,10000,376100,37.6,37.7,37.4,37.4,0.25,6,37.33815638728067,37.42277999423777,37.54254761907305,37.42557669594725,34.47043879039315
2018-09-06,8908,3000,112850,37.85,37.85,37.5,37.5,0.0,3,37.39210425818711,37.43681999528545,37.53884782611017,37.427798287113006,34.49330340329585
2018-09-07,8908,7000,259850,37.5,37.5,37.0,37.0,-0.5,6,37.261402838791405,37.35739817796082,37.49199149340494,37.41502818899023,34.51222186817663
2018-09-10,8908,14000,517600,37.0,37.0,36.6,36.6,-0.4,8,37.040935225860935,37.219689418331576,37.41442701571755,37.39069898931888,34.52797868426586
2018-09-11,8908,8000,294100,36.6,36.85,36.6,36.8,0.2,7,36.96062348390729,37.1433822513622,37.3609985795682,37.37306618366757,34.54512601495065
2018-09-12,8908,10000,368400,36.9,36.9,36.75,36.75,-0.05,5,36.89041565593819,37.07185820565998,37.3078682683014,37.354467193110324,34.56176657332838
2018-09-13,8908,3000,110250,36.75,36.75,36.75,36.75,0.0,2,36.84361043729213,37.01333853190362,37.25935798410128,37.33642339630106,34.578281542586275
2018-09-14,8908,4000,147000,36.75,36.75,36.75,36.75,0.0,2,36.81240695819475,36.965458798830234,37.215065985483776,37.31891822029207,34.594671870566756
2018-09-17,8908,18000,657850,36.75,36.75,36.5,36.5,-0.25,12,36.708271305463164,36.88082992631565,37.152886334572145,37.29447290028335,34.60905170550588
2018-09-18,8908,2000,73000,36.5,36.5,36.5,36.5,0.0,1,36.63884753697544,36.81158812153099,37.09611360982674,37.27075729131967,34.62332301338885
2018-09-19,8908,9000,330150,36.85,36.9,36.4,36.7,0.2,6,36.65923169131696,36.79129937216172,37.06166894810267,37.2537197602355,34.63899604725007
2018-09-20,8908,18000,658950,36.7,36.7,36.45,36.55,-0.15,11,36.62282112754464,36.7474267590414,37.01717599609374,37.23271320022847,34.653418718591574
2018-09-21,8908,2000,73050,36.55,36.55,36.5,36.5,-0.05,2,36.581880751696424,36.70244007557933,36.97220417034646,37.210841164400755,34.667355181092766
2018-09-25,8908,15000,552450,37.45,37.6,36.55,36.6,0.1,11,36.58792050113095,36.683814607292184,36.939838590316334,37.19260709979178,34.68194117972603
2018-09-26,8908,10000,368500,36.8,37.0,36.75,37.0,0.4,10,36.7252803340873,36.74130286051179,36.94507001724535,37.186857634126355,34.69943596327527
2018-09-27,8908,8000,293800,36.65,36.85,36.65,36.85,-0.15,6,36.7668535560582,36.76106597678237,36.93680305922401,37.17680218236139,34.71566663525055
2018-09-28,8908,16000,586750,36.7,36.7,36.6,36.6,-0.25,11,36.7112357040388,36.73178125373103,36.90751583668279,37.159584206768514,34.72988801913545
2018-10-01,8908,2000,73800,36.9,36.9,36.9,36.9,0.3,2,36.77415713602586,36.76236648032539,36.9068622856669,37.151835424476914,34.74626622276462
2018-10-02,8908,10000,370850,37.45,37.5,36.9,37.0,0.1,6,36.84943809068391,36.805572574811684,36.914961217348036,37.14730302374626,34.76327553429092
2018-10-03,8908,22000,824900,37.5,37.6,37.05,37.5,0.5,12,37.06629206045594,36.9318321066641,36.96583415496995,37.15783129169414,34.78393005856042
2018-10-04,8908,8000,294900,36.9,37.1,36.8,37.1,-0.4,6,37.07752804030396,36.96240808727063,36.977500750189954,37.156104984479384,34.80140983170336
2018-10-05,8908,19000,706100,37.05,37.35,37.05,37.1,0.0,13,37.08501869353597,36.987424798675974,36.988152858869086,37.154430208823285,34.818757682030125
2018-10-08,8908,7000,258650,37.5,37.6,36.6,36.8,-0.3,7,36.99001246235731,36.95334756255307,36.97179174070656,37.14385020258975,34.83371045424122
2018-10-09,8908,6000,220300,36.8,36.8,36.7,36.7,-0.1,3,36.893341641571546,36.907284369361605,36.94815767629729,37.13060094281096,34.847795658360155
2018-10-11,8908,49000,1789300,36.5,36.6,35.95,36.15,-0.55,26,36.64556109438103,36.76959630220495,36.878752660967095,37.1013292728763,34.85762361565555
2018-10-12,8908,11000,397400,36.1,36.45,36.0,36.2,0.05,8,36.497040729587354,36.666033338167686,36.81973069044822,37.074423921447156,34.867754758178904
2018-10-15,8908,15000,544500,36.3,36.3,36.3,36.3,0.1,10,36.43136048639157,36.5994818221372,36.77453671736576,37.05130678946366,34.87856415623038
2018-10-16,8908,17000,616800,36.3,36.3,36.2,36.2,-0.1,11,36.35424032426105,36.526848763566804,36.72457700281222,37.02589464649459,34.88853725693808
2018-10-17,8908,10000,363600,36.4,36.4,36.3,36.3,0.1,6,36.33616021617403,36.48560353382739,36.687657263437245,37.004226149584305,34.89918980594232
2018-10-18,8908,5000,182900,36.4,36.85,36.4,36.85,0.55,2,36.50744014411602,36.55185743676786,36.701774023138356,36.99962238392507,34.91391290174653
2018-10-19,8908,16000,591800,36.5,37.7,36.4,37.5,0.65,13,36.838293429410676,36.724246993719156,36.77118497764806,37.01455902918104,34.93343054022391
2018-10-22,8908,9000,341850,38.0,38.0,37.95,38.0,0.5,7,37.22552895294045,36.956202085770215,36.878038457852576,37.043975177563695,34.95657446067505
2018-10-23,8908,5000,187700,37.1,38.0,37.1,37.3,-0.7,5,37.25035263529363,37.01871079744836,36.91473076586539,37.05161770957672,34.974260691160524
2018-10-24,8908,6000,225200,37.3,37.8,37.3,37.8,0.5,4,37.43356842352909,37.160763379730476,36.9917106992684,37.0739574794401,34.995587025566856
2018-10-25,8908,26000,979300,37.8,37.8,37.5,37.6,-0.2,14,37.48904561568606,37.240624583415844,37.044605421071154,37.089660241247856,35.01524297254371
2018-10-26,8908,12000,453400,37.6,37.8,37.6,37.8,0.2,8,37.592697077124036,37.342329204612966,37.1102919061954,37.11086441315091,35.03626000671319
2018-10-29,8908,49000,1874500,38.2,38.5,38.0,38.5,0.7,16,37.895131384749355,37.55281480377425,37.231136088265366,37.1523311470867,35.06240144062479
2018-10-30,8908,22000,847900,38.5,38.6,38.5,38.5,0.0,12,38.09675425649957,37.72503029399711,37.341472080590115,37.192560068069184,35.088345580695545
2018-10-31,8908,20000,773200,38.6,38.8,38.6,38.8,0.3,9,38.33116950433305,37.92047933145218,37.46830059532141,37.24054334961936,35.11635806687897
2018-11-01,8908,9000,345450,38.6,38.6,38.1,38.15,-0.65,7,38.27077966955537,37.96221036209724,37.5275788044239,37.267691309332214,35.13925347769498
2018-11-02,8908,28000,1075300,38.3,38.8,38.2,38.2,0.05,11,38.24718644637024,38.00544484171592,37.58605021273486,37.295521419501405,35.162353451448226
2018-11-05,8908,26000,993400,38.2,38.3,38.2,38.3,0.1,9,38.26479096424683,38.0590003250403,37.648132802931826,37.32550585474017,35.186033802758054
2018-11-06,8908,31000,1202700,38.4,39.0,38.4,38.9,0.6,12,38.47652730949788,38.21190935685116,37.75699082006819,37.37250567997181,35.214063736322146
2018-11-07,8908,12000,466000,38.9,38.9,38.8,38.8,-0.1,6,38.584351539665256,38.31883492833276,37.84768727049704,37.41511745071892,35.24112740623669
2018-11-08,8908,12000,466000,38.9,38.9,38.8,38.8,-0.1,6,38.65623435977684,38.406319486817715,37.93049707306251,37.4564572283094,35.26798682203868
2018-11-09,8908,26000,1007300,38.65,38.9,38.65,38.8,0.0,12,38.70415623985122,38.47789776194177,38.00610602323099,37.49656298268822,35.294643525268576
2018-11-12,8908,5000,194000,38.8,38.8,38.8,38.8,0.0,1,38.73610415990081,38.53646180522508,38.07514028208047,37.53547155036917,35.32109904583259
2018-11-13,8908,2000,78250,39.0,39.25,39.0,39.25,0.45,2,38.90740277326721,38.66619602245689,38.17730199668217,37.58665150408949,35.35075112850555
2018-11-14,8908,1000,39300,39.3,39.3,39.3,39.3,0.05,1,39.03826851551147,38.78143310928291,38.274927910014156,37.637796235310695,35.380556780365886
2018-11-15,8908,9000,346800,38.6,38.6,38.3,38.6,-0.7,8,38.89217901034098,38.74844527123147,38.30319504827379,37.66651873574918,35.40485446504237
2018-11-16,8908,2000,77000,38.5,38.5,38.5,38.5,-0.1,2,38.761452673560655,38.70327340373484,38.320308522336944,37.69139877348801,35.42821405398544
2018-11-19,8908,6000,230700,38.5,38.5,38.4,38.4,-0.1,4,38.640968449040436,38.64813278487396,38.32723821604677,37.71255104890628,35.450642627162914
2018-11-20,8908,6000,230700,38.5,38.5,38.4,38.4,-0.1,4,38.56064563269362,38.603017733078694,38.33356532769488,37.73307191311803,35.47290192808999
2018-11-21,8908,7000,271400,38.95,39.0,38.5,38.5,0.0,5,38.54043042179575,38.5842872361553,38.348037907895325,37.75596528884585,35.49574795127422
2018-11-22,8908,7000,271400,38.95,39.0,38.5,38.5,0.0,5,38.5269536145305,38.56896228412706,38.36125200286095,37.778175280223586,35.51842155164196
2018-11-23,8908,2000,78000,39.0,39.0,39.0,39.0,0.5,2,38.68463574302033,38.64733277792214,38.41679530696,37.81464765991841,35.54469761540315
2018-11-26,8908,9000,346300,38.2,38.6,38.2,38.5,-0.5,7,38.62309049534689,38.62054500011811,38.424030497659125,37.83510593872681,35.5670017843435
2018-11-27,8908,12000,458050,38.0,38.3,38.0,38.3,-0.2,6,38.51539366356459,38.56226409100573,38.41324523699311,37.84898337339168,35.5876281859711
2018-11-28,8908,12000,458050,38.0,38.3,38.0,38.3,-0.2,6,38.443595775709724,38.51457971082287,38.40339782508067,37.862446556275515,35.608098916643016
2018-11-29,8908,10000,374950,37.1,38.25,37.1,38.25,-0.05,10,38.37906385047315,38.46647430885508,38.390058883769306,37.87401531578968,35.628037792743825
2018-11-30,8908,12000,450550,38.25,38.25,37.3,37.85,-0.4,10,38.20270923364877,38.35438807088143,38.34309724170241,37.87329844069148,35.64480731883633
2018-12-03,8908,2000,75700,37.85,37.85,37.85,37.85,0.0,1,38.08513948909918,38.262681148902985,38.30021922068481,37.87260296484994,35.661450282467754
2018-12-04,8908,11000,414100,37.7,37.7,37.6,37.65,-0.2,7,37.94009299273279,38.15128457637517,38.24367841888613,37.86595810022755,35.676458204864225
2018-12-05,8908,16000,608100,38.0,38.05,38.0,38.05,0.4,8,37.97672866182186,38.13286919885241,38.22683681724386,37.87145188828046,35.69437172784638
2018-12-06,8908,19000,707150,37.3,37.3,37.2,37.2,-0.85,11,37.71781910788124,37.963256617242884,38.13754665922265,37.85140854833179,35.705734960089046
2018-12-07,8908,26000,967650,37.25,37.55,37.0,37.35,0.15,21,37.59521273858749,37.851755414107814,38.069064341029375,37.8364411289786,35.71814450756007
2018-12-10,8908,10000,375750,37.85,37.9,37.5,37.5,0.15,7,37.56347515905833,37.78779988427003,38.01958048528769,37.826398110203115,35.73159247354075
2018-12-11,8908,10000,375750,37.85,37.9,37.5,37.5,0.15,7,37.542316772705554,37.73547263258457,37.97439957352354,37.816654883032875,35.744938945438555
2018-12-12,8908,25000,932800,37.35,37.95,37.1,37.95,0.45,15,37.678211181803704,37.774477608478286,37.97227787147801,37.820635334285626,35.76158091566166
2018-12-13,8908,25000,932800,37.35,37.95,37.1,37.95,0.45,15,37.7688074545358,37.806390770573145,37.97034066526253,37.824496966097996,35.7780972861095
2018-12-14,8908,5000,187000,37.95,37.95,37.2,37.4,-0.5,4,37.6458716363572,37.73250153955985,37.920745824804925,37.81182541487119,35.790338061308674
2018-12-17,8908,4000,149300,37.4,37.4,37.3,37.3,-0.1,2,37.530581090904796,37.65386489600351,37.8667679269958,37.796547044278014,35.80173173631766
2018-12-18,8908,11000,408550,37.05,37.3,37.05,37.3,0.0,7,37.45372072726986,37.58952582400287,37.81748375943095,37.78172474444882,35.813039421326586
2018-12-19,8908,8000,297200,37.3,37.3,37.0,37.3,0.0,7,37.40248048484657,37.536884765093255,37.772485171654345,37.76734490133095,35.82426176531657
2018-12-20,8908,5000,186950,37.45,37.6,37.2,37.2,-0.1,5,37.334986989897715,37.47563298962176,37.72270385238006,37.7504092326345,35.834644695389656
2018-12-21,8908,3000,111600,37.2,37.2,37.2,37.2,0.0,2,37.289991326598475,37.42551790059962,37.677251343477444,37.73397910628721,35.844949263726335
2018-12-22,8908,43000,1584200,37.25,37.25,36.6,37.2,0.0,30,37.25999421773232,37.384514645945146,37.63575122665332,37.71803943147266,35.855176061735946
2018-12-24,8908,43000,1584200,37.25,37.25,36.6,37.2,0.0,30,37.23999614515488,37.35096652850057,37.597859815639985,37.70257556784661,35.86532567636436
2018-12-25,8908,28000,1028600,36.8,37.1,36.5,37.1,-0.1,18,37.19333076343659,37.305336250591374,37.55456765775825,37.684588237463124,35.87464397314651
2018-12-26,8908,28000,1028600,36.8,37.1,36.5,37.1,-0.1,18,37.16222050895773,37.268002386847485,37.51504003534449,37.66713784231497,35.8838919431605
2018-12-27,8908,2000,73650,36.55,37.1,36.55,37.1,0.0,2,37.141480339305154,37.23745649832976,37.47894959748845,37.650208354484676,35.89307011717438
2018-12-28,8908,2000,73650,36.55,37.1,36.55,37.1,0.0,2,37.12765355953677,37.212464407724354,37.445997458576414,37.63378422450006,35.902179021950424
2019-01-02,8908,2000,73650,36.55,37.1,36.55,37.1,0.0,2,37.11843570635784,37.192016333592655,37.41591072304803,37.6178503670523,35.911219180275324
2019-01-03,8908,26000,963850,37.1,37.1,37.0,37.05,-0.05,13,37.09562380423856,37.16619518203035,37.38409239930472,37.600899609826854,35.919813752499664
2019-01-04,8908,26000,963850,37.1,37.1,37.0,37.05,-0.05,13,37.08041586949238,37.14506878529756,37.3550408863217,37.58445484535441,35.92834346002797
2019-01-07,8908,19000,704150,37.05,37.1,37.05,37.1,0.05,5,37.08694391299492,37.136874460698,37.3328634179459,37.56999350668711,35.937186150895684
2019-01-08,8908,23000,844300,36.9,36.9,36.6,36.9,-0.2,15,37.02462927532994,37.09380637693473,37.29522312073321,37.54999370051735,35.944452670511566
2019-01-09,8908,29000,1060250,36.55,36.6,36.5,36.55,-0.35,18,36.86641951688663,36.99493249021933,37.23042111023467,37.52014314229295,35.949022839036004
2019-01-10,8908,22000,804950,36.55,36.8,36.55,36.8,0.25,10,36.84427967792442,36.95949021927036,37.19299318760557,37.49864633207525,35.955445308175356
2019-01-11,8908,18000,657700,36.55,36.6,36.5,36.5,-0.3,13,36.729519785282946,36.87594654303938,37.13273291042248,37.46883599380435,35.959555154906106
2019-01-14,8908,3000,109600,36.5,36.55,36.5,36.55,0.05,3,36.669679856855296,36.81668353521404,37.082060483429224,37.441408053690786,35.96401134241625
2019-01-15,8908,34000,1241950,36.55,36.55,36.5,36.5,-0.05,17,36.6131199045702,36.75910471062967,37.031446528348425,37.413306320744795,35.96805653983198
2019-01-16,8908,14000,510500,36.55,36.6,36.3,36.6,0.1,9,36.6087466030468,36.730176581424274,36.99392943892682,37.38902852012555,35.97282592443702
2019-01-17,8908,15000,544100,36.5,36.5,36.2,36.4,-0.2,12,36.5391644020312,36.67014447571077,36.94228340075927,37.359505280718814,35.976049879724286
2019-01-18,8908,5000,181250,36.45,36.45,36.15,36.35,-0.05,5,36.47610960135413,36.6119363892179,36.89078049634542,37.32937079472721,35.97887214478297
2019-01-21,8908,3000,109200,36.5,36.5,36.35,36.35,0.0,3,36.43407306756942,36.56431159117828,36.843756105358864,37.30013584563088,35.981673109728
2019-01-22,8908,18000,650650,36.2,36.3,36.0,36.3,-0.05,14,36.38938204504628,36.51625493823678,36.79647296576244,37.27028104426876,35.984075576824395
2019-01-23,8908,18000,650650,36.2,36.3,36.0,36.3,-0.05,14,36.35958803003086,36.47693585855736,36.75330140352223,37.24131743100701,35.98645991209364
2019-01-24,8908,9000,324000,36.0,36.0,36.0,36.0,-0.3,8,36.239725353353904,36.39022024791057,36.68779693365073,37.20426317933516,35.986562101436334
2019-01-25,8908,11000,398100,36.1,36.4,36.1,36.4,0.4,7,36.29315023556927,36.3919983846541,36.66277111333328,37.1802553232356,35.98968238746323
2019-01-28,8908,35000,1264100,36.45,36.45,36.0,36.35,-0.05,22,36.31210015704618,36.384362314716995,36.63557362521734,37.15547158224349,35.992401765671055
2019-01-29,8908,10000,361200,36.2,36.4,36.0,36.4,0.05,8,36.341400104697456,36.38720553022299,36.615088962154964,37.132920191728765,35.99547797876033
2019-01-30,8908,2000,73200,36.6,36.6,36.6,36.6,0.2,2,36.4276000697983,36.42589543381881,36.61377687848932,37.117012126304026,36.0000404091093
2019-02-11,8908,2000,73200,36.6,36.6,36.6,36.6,0.2,2,36.48506671319887,36.45755080948812,36.61257888905546,37.101578928503905,36.00456840602168
2019-02-12,8908,13000,473800,36.6,36.6,36.3,36.6,0.0,11,36.523377808799246,36.483450662308464,36.61148507261586,37.08660642317543,36.00906222937246
2019-02-13,8908,11000,397900,36.25,36.5,36.1,36.5,-0.1,7,36.51558520586617,36.48645963279783,36.60179071847535,37.06909578367766,36.01276742009418
2019-02-14,8908,6000,216600,36.1,36.35,36.0,36.35,-0.15,6,36.46039013724411,36.46164879047095,36.579895873390534,37.047630237896236,36.015312571640635
2019-02-15,8908,1000,36350,36.35,36.35,36.35,36.35,0.0,1,36.423593424829406,36.44134901038532,36.559904927878314,37.026805454675454,36.01783851449618
2019-02-18,8908,7000,253400,36.2,36.2,36.2,36.2,-0.15,6,36.3490622832196,36.39746737213345,36.52860884719324,37.00212469483439,36.019213318160354
2019-02-19,8908,13000,470050,36.2,36.25,36.1,36.1,-0.1,10,36.2660415221464,36.343382395381916,36.4913385126547,36.975195599466204,36.01982302896669
2019-02-20,8908,3000,109500,36.5,36.5,36.5,36.5,0.4,3,36.34402768143094,36.371858323494294,36.49209168546734,36.96101065619855,36.023447006106565
2019-02-21,8908,5000,183400,37.0,37.2,36.4,36.4,-0.1,4,36.362685120953955,36.37697499194988,36.484083712818006,36.944264069446355,36.02628891549444
2019-02-22,8908,6000,217800,36.3,36.3,36.3,36.3,-0.1,4,36.34179008063597,36.36297953886808,36.468076433442526,36.9250323061793,36.028354659528446
2019-02-25,8908,6000,218100,36.3,36.4,36.3,36.4,0.1,5,36.361193387090644,36.36971053180116,36.46215674357796,36.909359700024694,36.03115953002257
2019-02-26,8908,8000,292000,36.5,36.6,36.4,36.6,0.2,6,36.440795591393766,36.41158134420095,36.474143113701615,36.90012508211351,36.03545266564504
2019-02-27,8908,21000,776400,36.6,37.8,36.6,36.7,0.1,14,36.527197060929176,36.464021099800775,36.49378284294495,36.89415119906535,36.040468117225075
2019-03-04,8908,33000,1220350,37.8,37.8,36.9,37.75,1.05,13,36.93479804061945,36.697835445291545,36.603019117471476,36.91969892446638,36.053370244642245
2019-03-05,8908,35000,1291450,36.95,37.1,36.8,37.1,-0.65,20,36.98986536041296,36.77095627342035,36.646234846387,36.9250810461241,36.06126933713551
2019-03-06,8908,4000,148400,37.1,37.1,37.1,37.1,0.0,2,37.026576906941976,36.830782405525746,36.68569268583161,36.93030250743383,36.06910881383638
2019-03-07,8908,9000,333500,37.1,37.2,37.0,37.0,-0.1,8,37.017717937961315,36.8615492408847,36.713023756628864,36.93238302959998,36.07613440769422
2019-03-08,8908,15000,560650,37.2,37.55,37.0,37.55,0.55,12,37.19514529197421,36.98672210617839,36.7858042995307,36.95081935707461,36.087257921598415
2019-03-11,8908,12000,453000,37.6,37.9,37.6,37.8,0.25,11,37.396763527982806,37.13459081414596,36.873995230006294,36.97616803298283,36.10018427690711
2019-03-12,8908,25000,943300,37.85,37.85,37.7,37.85,0.05,19,37.547842351988535,37.26466521157397,36.95886521000575,37.0022525693117,36.113390433307806
2019-03-13,8908,53000,2030750,37.95,38.6,37.95,38.3,0.45,34,37.79856156799236,37.452907900378705,37.075485626526984,37.04099129858598,36.12989314701869
2019-03-14,8908,30000,1152000,38.35,38.55,38.3,38.45,0.15,23,38.01570771199491,37.634197373037125,37.195008615524635,37.08305125982222,36.14740338741855
2019-03-15,8908,20000,773500,38.6,38.9,38.6,38.6,0.15,17,38.210471807996605,37.80979785066674,37.31718177939206,37.128333311767825,36.16591355053237
2019-03-18,8908,22000,845900,38.5,38.5,38.4,38.45,-0.15,12,38.290314538664404,37.92619824145461,37.41568771161884,37.16778604872998,36.18315193883024
2019-03-19,8908,36000,1400700,39.0,39.0,38.8,38.8,0.35,16,38.46020969244294,38.085071288462856,37.5360626932172,37.2165088532455,36.20290173551832
2019-03-20,8908,16000,619850,38.65,38.8,38.6,38.8,0.0,12,38.57347312829529,38.21505832692416,37.64597028511135,37.26377724568593,36.22250247713705
2019-03-21,8908,22000,865300,39.8,39.8,39.2,39.3,0.5,14,38.81564875219686,38.41232044930158,37.789798955971236,37.32456001447142,36.24572887353602
2019-03-22,8908,10000,392900,39.3,39.35,39.15,39.15,-0.15,10,38.927099168131235,38.546444003974024,37.90807730762591,37.3790507603081,36.26764790090556
2019-03-25,8908,10000,390300,39.1,39.1,39.0,39.0,-0.15,9,38.951399445420826,38.6289087305242,38.00302710696279,37.42743730477651,36.28826942618174
2019-03-26,8908,30000,1174450,39.05,39.35,39.05,39.3,0.3,21,39.06759963028055,38.75092532497435,38.11580735853124,37.48333469866378,36.3109994682483
2019-03-27,8908,3000,118100,39.3,39.5,39.3,39.5,0.2,2,39.2117330868537,38.88712072043356,38.23617193605026,37.54353366288277,36.33506739678982
2019-03-28,8908,17000,670900,39.5,39.5,39.35,39.4,-0.1,14,39.27448872456913,38.98037149853655,38.33737437639372,37.59895056846836,36.3581989636065
2019-03-29,8908,7000,275700,39.5,39.5,39.0,39.2,-0.2,7,39.249659149712755,39.02030395334808,38.41238530018557,37.64674308881259,36.37964651859814
2019-04-01,8908,66000,2615950,39.4,39.9,39.4,39.8,0.6,27,39.433106099808505,39.16206687092116,38.53304744799552,37.711019414519676,36.40546050713702
2019-04-02,8908,13000,518050,39.8,39.9,39.8,39.8,0.0,10,39.555404066539005,39.27805471257186,38.64321723512634,37.773377043936996,36.43107967312089
2019-04-03,8908,33000,1323100,39.8,40.2,39.8,40.2,0.4,27,39.77026937769267,39.44568112846788,38.778589649463186,37.84581355008813,36.459524354833185
2019-04-08,8908,75000,3073250,41.1,41.1,40.5,40.95,0.75,53,40.163512918461784,39.719193650564634,38.96740794081421,37.93847583217505,36.49341473706086
2019-04-09,8908,15000,614100,41.0,41.0,40.9,40.9,-0.05,15,40.40900861230786,39.93388571409834,39.13545942422167,38.026879538677285,36.526671984328324
2019-04-10,8908,46000,1912400,41.0,41.8,41.0,41.8,0.9,29,40.87267240820524,40.27317922062591,39.36715860472413,38.139510000209306,36.566470686333396
2019-04-11,8908,39000,1634250,42.0,42.0,41.8,41.8,0.0,25,41.18178160547016,40.550782998693926,39.578710030400295,38.24877835841201,36.605969020776165
2019-04-12,8908,28000,1174900,41.95,42.0,41.9,42.0,0.2,18,41.45452107031344,40.81427699893139,39.78925698427853,38.36075512383255,36.64667868854389
2019-04-15,8908,23000,964150,42.0,42.0,41.7,41.7,-0.3,16,41.53634738020896,40.97531754458023,39.955408550863005,38.460434075359935,36.68481696259262
2019-04-16,8908,31000,1285850,41.65,41.65,41.35,41.6,-0.1,15,41.557564920139306,41.08889617283837,40.098416502961875,38.554152461170084,36.721912683629654
2019-04-17,8908,4000,165950,41.55,41.55,41.4,41.45,-0.15,4,41.521709946759536,41.154551414140485,40.21594550270432,38.64059567128441,36.75759636148905
2019-04-18,8908,5000,207200,41.45,41.45,41.4,41.4,-0.05,5,41.481139964506355,41.199178429751306,40.31890676333873,38.72296594975353,36.79263337008158
2019-04-19,8908,15000,619550,41.35,41.35,41.25,41.35,-0.05,14,41.43742664300424,41.22660053343289,40.40856704478754,38.80138487662656,36.82702858993002
2019-04-22,8908,8000,331350,41.35,41.5,41.35,41.4,0.05,8,41.424951095336155,41.25812770917236,40.49477860611036,38.87895547732427,36.86154158170414
2019-04-23,8908,5000,207200,41.4,41.5,41.4,41.5,0.1,5,41.44996739689077,41.30210448932284,40.58218916210076,38.957195612329514,36.89654881504977
2019-04-24,8908,10000,415000,41.5,41.5,41.5,41.5,0.0,8,41.46664493126051,41.338085491264145,40.66199880017896,39.033100220916694,36.931291842860716
2019-04-25,8908,10000,415000,41.5,41.5,41.5,41.5,0.0,8,41.47776328750701,41.36752449285248,40.73486846972861,39.106739020292316,36.96577265914101
2019-04-26,8908,8000,332000,41.5,41.5,41.5,41.5,0.0,3,41.48517552500467,41.39161094869748,40.80140164627395,39.178179646552245,36.999993242845605
2019-04-29,8908,17000,706800,41.5,41.6,41.5,41.6,0.1,8,41.52345035000312,41.42949986711612,40.870844981380564,39.250472791431285,37.03471027497507
2019-04-30,8908,2000,83200,41.7,41.7,41.5,41.5,-0.1,2,41.51563356666875,41.44231807309501,40.92555411343443,39.31762285735871,37.068410574786576
2019-05-02,8908,23000,954750,41.5,41.6,41.5,41.55,0.05,14,41.52708904444583,41.461896605259554,40.97985375574448,39.384260981019644,37.102233891203284
2019-05-03,8908,7000,291350,41.6,41.65,41.6,41.6,0.05,7,41.55139269629722,41.48700631339418,41.03377951611452,39.45040244427279,37.13617929579797
2019-05-06,8908,18000,750200,41.65,41.75,41.6,41.7,0.1,16,41.60092846419815,41.52573243823161,41.091711732104564,39.51755461011539,37.17062322564101
2019-05-07,8908,41000,1729000,41.75,42.5,41.75,42.5,0.8,24,41.9006189761321,41.70287199491677,41.214171581486774,39.60658283070896,37.2108449371456
2019-05-08,8908,14000,603100,42.45,43.6,42.45,42.8,0.3,14,42.200412650754735,41.90234981402281,41.35206970483575,39.70190871635944,37.253027239506764
2019-05-09,8908,3000,128800,42.8,43.0,42.8,43.0,0.2,3,42.46694176716982,42.101922575109576,41.49536799137177,39.800359202438266,37.29640061883124
2019-05-10,8908,32000,1378000,42.8,43.3,42.7,43.0,0.0,20,42.64462784477988,42.26520937963511,41.626205557339446,39.89587086803712,37.339446651896665
2019-05-13,8908,33000,1435500,43.5,43.5,43.5,43.5,0.5,16,42.929751896519925,42.489716765156,41.78914420452732,40.00345681227482,37.3859413941465
2019-05-14,8908,55000,2384600,43.5,43.6,42.6,43.5,0.0,29,43.11983459767995,42.67340462603673,41.93791427369886,40.10783123578901,37.432085232681246
2019-05-15,8908,3000,130550,43.5,43.55,43.5,43.55,0.05,3,43.263223065119966,42.83278560312096,42.078095641203305,40.21058254218337,37.47825817432139
2019-05-16,8908,10000,436250,43.7,43.7,43.55,43.55,0.0,6,43.35881537674664,42.96318822073533,42.20608732457693,40.310266645401775,37.52408264093028
2019-05-17,8908,41000,1787050,43.7,43.7,43.3,43.3,-0.25,18,43.339210251164424,43.024426726056184,42.301210165918064,40.39951241718083,37.56767447005534
2019-05-20,8908,26000,1126800,43.35,43.8,43.3,43.35,0.05,16,43.342806834109616,43.08362186677324,42.39240928192519,40.487586673384385,37.611314662734166
2019-05-21,8908,8000,348250,43.5,43.75,43.5,43.75,0.4,2,43.47853788940641,43.20478152735993,42.5104606487143,40.58497214582067,37.65764436339278
2019-05-22,8908,6000,264900,43.8,44.5,43.8,44.4,0.65,6,43.78569192627094,43.422093976930846,42.67476841839132,40.698853574303634,37.708530066310566
2019-05-23,8908,35000,1570300,44.6,45.3,44.45,44.45,0.05,25,44.0071279508473,43.60898598112524,42.829136382009466,40.81082809447368,37.75940908467803
2019-05-24,8908,12000,530400,44.5,44.5,43.95,44.2,-0.25,12,44.0714186338982,43.7164430754661,42.948341914008644,40.9119974050864,37.80801731800122
2019-05-27,8908,6000,264300,44.2,44.2,44.0,44.0,-0.2,6,44.047612422598796,43.767998879926814,43.039790443225286,41.00417658702412,37.85474926277102
2019-05-28,8908,15000,661500,44.0,44.2,44.0,44.15,0.15,14,44.081741615065866,43.83745362903103,43.13633040468395,41.098081763530864,37.902260589089735
2019-05-29,8908,21000,934500,44.5,44.5,44.5,44.5,0.35,12,44.22116107671058,43.957916605570844,43.25491036949404,41.19963156163442,37.95205484879472
2019-05-30,8908,58000,2581000,44.5,44.5,44.5,44.5,0.0,20,44.31410738447372,44.05647722273978,43.3631790330163,41.29815002248115,38.00147330276608
2019-05-31,8908,27000,1217100,45.0,45.2,44.95,44.95,0.45,23,44.52607158964915,44.218935909514364,43.50116346492793,41.40716046957127,38.0539150136886
2019-06-03,8908,42000,1888250,44.75,45.1,44.75,44.9,-0.05,26,44.650714393099435,44.34276574414812,43.622801424499414,41.51142433615123,38.10558357962303
2019-06-04,8908,15000,674250,45.0,45.0,44.8,44.9,0.0,9,44.73380959539962,44.44408106339392,43.73386217019512,41.612575848504925,38.15686219411644
2019-06-05,8908,8000,359950,45.0,45.0,44.95,44.95,0.05,6,44.80587306359975,44.536066324595026,43.839613285830325,41.71220045004209,38.20813115868915
2019-06-06,8908,50000,2243950,44.95,45.0,44.7,44.85,-0.1,27,44.820582042399835,44.593145174668656,43.92747300010595,41.80586610824979,38.25825847069904
2019-06-10,8908,13000,583550,45.0,45.0,44.8,44.85,0.0,8,44.830388028266555,44.63984605200163,44.00769273922717,41.89673577666024,38.30800746337301
2019-06-11,8908,50000,2249450,45.0,45.0,44.95,45.0,0.15,29,44.886925352177705,44.705328588001336,44.093980327120455,41.98937052959576,38.358513067423026
2019-06-12,8908,29000,1302400,45.0,45.0,44.7,44.95,-0.05,16,44.90795023478514,44.74981429927382,44.16841682041433,42.07774752871231,38.408260138612285
2019-06-13,8908,6000,269100,44.8,44.9,44.8,44.85,-0.1,5,44.88863348985676,44.76802988122404,44.227684922986995,42.16050133382537,38.456877043226534
2019-06-14,8908,7000,313850,44.85,44.85,44.8,44.85,0.0,5,44.875755659904506,44.782933539183304,44.28179927750987,42.24078487609924,38.505127027805955
2019-06-17,8908,23000,1030450,44.8,44.85,44.8,44.85,0.0,17,44.86717043993634,44.79512744114998,44.331208035987274,42.318671894723145,38.553012861558365
2019-06-18,8908,21000,941750,44.85,44.9,44.8,44.85,0.0,11,44.86144695995756,44.805104270031805,44.376320380684035,42.394233927716485,38.600537292791884
2019-06-19,8908,39000,1754650,44.85,45.0,44.85,45.0,0.15,17,44.90763130663837,44.84053985729875,44.430553391059334,42.4720179895757,38.6488351245444
2019-06-20,8908,14000,629450,45.0,45.0,44.9,44.95,-0.05,10,44.92175420442558,44.860441701426254,44.475722661402,42.54598760182717,38.69639108586859
2019-06-21,8908,61000,2744250,44.95,45.05,44.95,45.05,0.1,50,44.964502802950385,44.89490684662148,44.52565982128009,42.6207342405786,38.74434285125826
2019-06-24,8908,22000,976700,44.3,44.5,44.15,44.5,0.0,19,44.809668535300254,44.823105601781215,44.523428532473126,42.67683172593446,38.787781773135556
2019-06-25,8908,7000,311000,44.5,44.5,44.35,44.35,-0.15,6,44.65644569020017,44.73708640145736,44.50834779051894,42.72677704754836,38.82976077862133
2019-06-26,8908,5000,221650,44.35,44.35,44.3,44.3,-0.05,5,44.53763046013345,44.65761614664693,44.490230591343376,42.77373892672602,38.87104560293362
2019-06-27,8908,21000,927150,44.15,44.15,44.15,44.15,-0.15,7,44.40842030675563,44.565322301802034,44.46064532253091,42.81482134682375,38.9108867681945
2019-06-28,8908,10000,441300,44.15,44.15,44.1,44.15,0.0,8,44.322280204503755,44.489809156019845,44.43363268578909,42.85467742602304,38.950427245415675
2019-07-01,8908,3000,132150,44.05,44.05,44.05,44.05,-0.1,3,44.23152013633584,44.40984385492533,44.40027332180743,42.89035869688802,38.98891458695971
2019-07-02,8908,9000,396200,44.1,44.1,44.0,44.0,-0.05,9,44.15434675755723,44.33532679039345,44.365466945998094,42.92348231787644,39.02673409951095
2019-07-03,8908,6000,264050,44.05,44.05,44.0,44.0,0.0,6,44.10289783837148,44.27435828304919,44.33368721156348,42.955617174059235,39.06426818177879
2019-07-04,8908,9000,395850,44.0,44.0,43.9,43.95,-0.05,4,44.05193189224766,44.21538404976752,44.300323106210136,42.9853002434903,39.101141629463484
2019-07-05,8908,1000,43900,43.9,43.9,43.9,43.9,-0.05,1,44.001287928165105,44.158041495264335,44.2655124013223,43.01260471383387,39.1373594284864
2019-07-08,8908,19000,831700,43.9,43.9,43.0,43.9,0.0,9,43.9675252854434,44.11112485976173,44.233728714250795,43.03909412536122,39.1733038856299
2019-07-09,8908,26000,1142550,43.9,44.0,43.9,44.0,0.1,9,43.9783501902956,44.09092033980505,44.21340447822899,43.06777788281312,39.20973178083269
2019-07-10,8908,5000,220200,44.0,44.05,44.0,44.05,0.05,2,44.00223346019707,44.083480278022314,44.199195393165596,43.097097946012724,39.246262107015085
2019-07-11,8908,11000,484550,44.0,44.1,44.0,44.1,0.05,7,44.03482230679805,44.08648386383644,44.19056970680337,43.127035320758615,39.282894091113086
2019-07-12,8908,14000,617300,44.1,44.1,44.0,44.0,-0.1,9,44.0232148711987,44.07075952495709,44.173998427950906,43.15309396790015,39.31849489042544
2019-07-15,8908,3000,132000,44.0,44.0,44.0,44.0,0.0,3,44.01547658079913,44.05789415678307,44.15886812986822,43.17837474497775,39.353827004459966
2019-07-16,8908,21000,925550,44.0,44.1,44.0,44.1,0.1,4,44.043651053866085,44.06554976464069,44.15374916205359,43.20588594662021,39.38964717801121
2019-07-17,8908,21000,925550,44.0,44.1,44.0,44.1,0.1,4,44.06243403591073,44.071813443796934,44.14907532187502,43.23257591836289,39.425197010629994
2019-07-18,8908,9000,396950,44.15,44.15,44.1,44.1,0.0,5,44.07495602394049,44.076938272197495,44.14480790258154,43.258469174531164,39.46047854262524
2019-07-19,8908,5000,220150,44.05,44.05,44.0,44.0,-0.1,4,44.04997068262699,44.06294949543432,44.13221591105271,43.28060442305262,39.494739081926184
2019-07-22,8908,9000,396400,44.0,44.15,44.0,44.1,0.1,8,44.06664712175133,44.0696859508099,44.12941452748291,43.30506399251374,39.529495768100325
2019-07-23,8908,6000,269750,44.3,45.15,44.3,45.0,0.9,5,44.37776474783422,44.238833959753556,44.20511761204961,43.35565909721482,39.57078259249202
2019-07-24,8908,8000,359800,45.0,45.0,44.8,45.0,0.0,6,44.585176498556145,44.37722778525291,44.274237819697476,43.40474390028303,39.611757818209064
2019-07-25,8908,8000,359800,45.0,45.0,44.8,45.0,0.0,6,44.72345099903743,44.49045909702511,44.33734757450639,43.45236348534921,39.65242379693956
2019-07-26,8908,4000,177650,44.45,44.45,44.4,44.4,-0.6,4,44.61563399935829,44.47401198847509,44.342795611505835,43.480651142502964,39.68825456073624
2019-07-29,8908,1000,44400,44.4,44.4,44.4,44.4,0.0,1,44.54375599957219,44.4605552632978,44.3477699061575,43.508094391980485,39.72381490367408
2019-07-30,8908,16000,703200,43.9,44.15,43.9,44.05,-0.35,9,44.37917066638146,44.38590885178911,44.32187687083946,43.52427067878704,39.75646535723126
2019-07-31,8908,27000,1185550,44.05,44.05,43.7,43.7,-0.35,12,44.15278044425431,44.261198151463816,44.267800621201246,43.52951633016653,39.78622788283706
2019-08-01,8908,52000,2282800,43.9,43.9,43.9,43.9,0.2,15,44.06852029616954,44.195525760288575,44.23581795848809,43.54057554419141,39.81727521957036
2019-08-02,8908,18000,790100,44.0,44.05,43.85,43.85,-0.05,8,43.99568019744636,44.13270289478156,44.20226857079348,43.54981209511107,39.847710878290584
2019-08-05,8908,11000,478950,43.5,43.95,43.5,43.95,0.1,4,43.98045346496424,44.09948418663946,44.18033217333318,43.5617580027197,39.87867155090726
2019-08-06,8908,6000,264900,43.5,45.0,43.5,45.0,1.05,6,44.320302309976164,44.26321433452319,44.2516076365216,43.60469059965344,39.91732308637211
2019-08-07,8908,53000,2382500,45.0,45.0,44.55,44.55,-0.45,16,44.39686820665077,44.3153571827917,44.277554798563195,43.63290879070856,39.952286685720246
2019-08-08,8908,4000,178500,44.6,44.7,44.6,44.7,0.15,4,44.49791213776718,44.38529224046594,44.31428916390553,43.664762259642636,39.98811848431858
2019-08-12,8908,18000,806400,44.7,44.9,44.7,44.9,0.2,10,44.63194142517812,44.47887546947213,44.36522054095722,43.70163502801151,40.02518928821052
2019-08-13,8908,6000,268500,44.8,44.8,44.5,44.8,-0.1,5,44.68796095011874,44.53726174774992,44.4030274504392,43.73442204210072,40.06122559546931
2019-08-14,8908,9000,403700,44.8,44.9,44.8,44.9,0.1,5,44.7586406334125,44.60321415724994,44.446242454748834,43.76921541397831,40.09774464757898
2019-08-15,8908,18000,809350,44.8,45.5,44.6,44.9,0.0,14,44.805760422275,44.65717521956813,44.48569963259676,43.80297017774015,40.13398808420102
2019-08-16,8908,12000,535650,44.65,44.8,44.6,44.8,-0.1,12,44.80384028151666,44.683143361464836,44.51303009932748,43.83273226198671,40.1692032684712
2019-08-19,8908,13000,579500,45.0,45.0,44.4,44.5,-0.3,11,44.702560187677776,44.64984456847123,44.511897047212045,43.85265070192741,40.20188852682236
2019-08-20,8908,2000,89300,44.6,44.7,44.6,44.7,0.2,2,44.701706791785185,44.6589637378401,44.528253825715346,43.8779447108251,40.23583653794068
2019-08-21,8908,17000,754200,44.55,44.8,44.2,44.8,0.1,12,44.73447119452346,44.68460669459644,44.551883927827056,43.90546874930793,40.27028305463546
2019-08-22,8908,18000,803000,45.0,45.0,44.5,44.5,-0.3,13,44.65631412968231,44.651041841033454,44.54737228192905,43.923215950821124,40.30220544667595
2019-08-23,8908,4000,178200,44.5,44.6,44.5,44.6,0.1,4,44.63754275312154,44.6417615063001,44.551948605239566,43.94341845975184,40.334641631984056
2019-08-26,8908,9000,401800,45.0,45.0,44.35,44.45,-0.15,7,44.575028502081025,44.6068957778819,44.543083509131776,43.958540296774174,40.36570094042191
2019-08-27,8908,22000,979000,44.6,44.6,44.4,44.6,0.15,19,44.583352334720686,44.60564200008519,44.548032769207275,43.977688347616734,40.39765791445646
2019-08-28,8908,12000,540350,44.6,45.6,44.6,45.05,0.45,9,44.73890155648046,44.68643436370606,44.59168209362403,44.00969765067295,40.43276993019641
2019-08-29,8908,39000,1644700,41.5,42.55,41.5,42.0,0.0,32,43.82593437098697,44.197991752123144,44.3663184333089,43.949706676026,40.444598081666626
2019-08-30,8908,10000,421900,42.4,42.4,41.9,42.0,0.0,8,43.21728958065798,43.798356888100756,44.16055161302117,43.89150647674164,40.456336964069145
2019-09-02,8908,18000,764600,42.5,42.5,42.3,42.5,0.5,13,42.97819305377199,43.56229199935516,44.016155820584544,43.84996896997323,40.471760836038435
2019-09-03,8908,8000,340850,42.7,42.9,42.5,42.55,0.05,8,42.83546203584799,43.37823890856331,43.88866401009893,43.811163926093435,40.48744565991739
2019-09-04,8908,14000,595850,42.6,42.6,42.55,42.55,0.0,14,42.740308023898656,43.22765001609726,43.77225844400337,43.773517241732435,40.50301210776707
2019-09-05,8908,5000,212650,42.55,42.55,42.5,42.5,-0.05,5,42.66020534926577,43.09535001317048,43.6616272749596,43.73550180168072,40.518083714500904
2019-09-06,8908,10000,434500,42.6,43.8,42.55,43.8,1.3,7,43.040136899510514,43.22346819259403,43.673659685832675,43.737427121033534,40.5428528940141
2019-09-09,8908,3000,132100,44.1,44.1,43.95,43.95,0.15,3,43.343424599673675,43.355564884849656,43.69768927836896,43.74377258010716,40.56856721179513
2019-09-10,8908,8000,353600,43.9,44.5,43.9,44.5,0.55,8,43.72894973311578,43.56364399669517,43.76745542807601,43.766346532939785,40.59823840264951
2019-09-11,8908,3000,133800,44.6,44.6,44.6,44.6,0.1,3,44.01929982207719,43.75207236093241,43.83985060824332,43.79123171106099,40.62844037696913
2019-09-12,8908,7000,312350,44.65,44.65,44.5,44.6,0.0,6,44.21286654805146,43.906241022581064,43.9059505553526,43.81537404804424,40.65841441185993
2019-09-16,8908,5000,222400,44.6,44.6,44.3,44.3,-0.3,5,44.2419110320343,43.97783356392996,43.94021572445237,43.829840494371275,40.68589807667608
2019-09-17,8908,3000,132600,44.2,44.2,44.2,44.2,-0.1,3,44.22794068802287,44.018227461397245,43.962805661456514,43.84089003185273,40.712419600625694
2019-09-18,8908,7000,310950,44.2,44.6,44.2,44.5,0.3,7,44.31862712534858,44.10582246841593,44.009518212634205,43.860564956275034,40.741005113073804
2019-09-19,8908,9000,400750,44.5,44.55,44.5,44.55,0.05,7,44.39575141689905,44.186582019613034,44.056516628926886,43.88114510683399,40.76975224429589
2019-09-20,8908,1000,44550,44.55,44.55,44.55,44.55,0.0,1,44.44716761126603,44.25265801604703,44.099428226411504,43.90111092454044,40.79828241603705
2019-09-23,8908,9000,400400,44.4,44.5,44.4,44.5,-0.05,6,44.464778407510686,44.29762928585666,44.134260554549634,43.918988210375055,40.82621990723677
2019-09-24,8908,7000,304650,43.55,43.9,43.4,43.9,-0.6,5,44.27651893834046,44.225333052064535,44.11389007154532,43.918421398125055,40.84941824755951
2019-09-25,8908,13000,571950,44.0,44.0,43.95,44.0,0.1,9,44.18434595889364,44.18436340623462,44.10398658706312,43.92085658027057,40.87319622304963
2019-09-26,8908,12000,534000,44.5,44.5,44.5,44.5,0.5,10,44.28956397259576,44.24175187782832,44.138422536014154,43.93814444354608,40.90056832702662
2019-09-27,8908,10000,444900,44.5,44.8,44.05,44.05,-0.45,8,44.20970931506384,44.20688790004135,44.13073361983901,43.941483415380524,40.9243376226717
2019-10-01,8908,9000,400850,44.6,44.6,44.5,44.5,0.45,8,44.30647287670923,44.26018100912474,44.16284373985301,43.958155552234835,40.95132375382135
2019-10-02,8908,2000,89000,44.5,44.5,44.5,44.5,0.0,2,44.370981917806155,44.30378446201115,44.192161675517966,43.974330013362156,40.97810621605666
2019-10-03,8908,48000,2154500,44.5,45.0,44.5,45.0,0.5,39,44.58065461187077,44.43036910528185,44.26240848634249,44.00494702788866,41.008460131407176
2019-10-04,8908,18000,810350,45.0,45.1,44.95,45.0,0.0,12,44.720436407913844,44.53393835886697,44.32654687883444,44.03465010168303,41.038584960604105
2019-10-07,8908,23000,1026600,45.0,45.0,44.5,44.6,-0.4,16,44.68029093860923,44.545949566345705,44.35032541110971,44.0515262180507,41.06546356467502
2019-10-08,8908,9000,401400,44.6,44.6,44.6,44.6,0.0,5,44.65352729240615,44.55577691791921,44.37203624492626,44.067898569750675,41.09213931135672
2019-10-09,8908,19000,847000,44.6,44.7,44.5,44.6,0.0,16,44.635684861604105,44.56381747829754,44.391859180150064,44.08378219453424,41.11861373164837
2019-10-14,8908,19000,847600,44.5,44.8,44.5,44.6,0.0,13,44.62378990773607,44.57039611860708,44.409958381876145,44.09919168126456,41.14488834499441
2019-10-15,8908,12000,536100,44.9,44.9,44.6,44.6,0.0,3,44.615859938490715,44.5757786424967,44.42648373997387,44.11414118331636,41.17096465937181
2019-10-16,8908,14000,624650,44.6,44.7,44.6,44.6,0.0,10,44.610573292327146,44.58018252567912,44.441572110410924,44.12864443157557,41.196844171376554
2019-10-17,8908,5000,223900,44.8,44.8,44.7,44.8,0.2,5,44.673715528218096,44.620149339192004,44.472739752983884,44.14868489630466,41.22403780027182
2019-10-18,8908,6000,269700,44.7,45.0,44.7,45.0,0.2,6,44.78247701881207,44.68921309570255,44.51858847011572,44.174097287459745,41.2525356281943
2019-10-21,8908,7000,314100,44.8,45.0,44.8,44.8,-0.2,6,44.788318012541374,44.709356169211176,44.54305903793175,44.19278095052065,41.279308944207926
2019-10-22,8908,21000,941000,44.8,45.0,44.8,44.8,0.0,11,44.79221200836091,44.725836865718236,44.56540173028551,44.21090689229615,41.30588019745919
2019-10-23,8908,3000,134400,44.8,44.8,44.8,44.8,0.0,2,44.79480800557394,44.73932107195128,44.5858015798259,44.22849176118283,41.332250912950066
2019-10-24,8908,13000,584700,44.8,45.2,44.8,45.2,0.4,11,44.929872003715964,44.82308087705105,44.63921013810191,44.25749200711767,41.36144147209761
2019-10-25,8908,7000,314250,44.85,44.9,44.85,44.9,-0.3,7,44.91991466914398,44.83706617213267,44.661887517397396,44.276671350188785,41.38814757419499
2019-10-28,8908,35000,1593350,44.9,46.0,44.9,45.3,0.4,20,45.04660977942932,44.92123595901764,44.71737555936284,44.307218474063745,41.41767098872936
2019-10-29,8908,16000,727700,45.8,45.8,45.3,45.3,0.0,10,45.13107318628621,44.990102148287164,44.76803855420086,44.33685374349468,41.44697158504084
2019-10-30,8908,13000,590400,45.3,45.5,45.3,45.5,0.2,13,45.254048790857475,45.08281084859859,44.831687375574695,44.37157452727096,41.477560478738646
2019-10-31,8908,14000,639600,45.65,46.0,45.6,46.0,0.5,12,45.50269919390498,45.249572512489756,44.93327977769864,44.42018424287481,41.51169209776703
2019-11-01,8908,16000,733750,46.0,46.0,45.8,45.85,-0.15,15,45.61846612926999,45.35874114658253,45.01299457963788,44.46286531025168,41.54443404419898
2019-11-04,8908,18000,828900,46.0,46.45,46.0,46.0,0.15,16,45.74564408617999,45.475333665385705,45.098821137930244,44.50874992785611,41.57806095707295
2019-11-05,8908,34000,1593300,46.2,47.05,46.2,47.05,1.05,19,46.180429390786664,45.761636635315575,45.26848886506674,44.58460813896488,41.61935861022712
2019-11-06,8908,42000,2016400,47.1,48.8,47.1,48.0,0.95,27,46.78695292719111,46.168611792530925,45.506011572452245,44.68656013481667,41.66751439430087
2019-11-07,8908,32000,1550000,48.25,48.8,48.0,48.5,0.5,24,47.35796861812741,46.592500557525305,45.766358392239006,44.800394160643044,41.71908032340049
2019-11-08,8908,38000,1866100,48.5,49.55,48.5,49.55,1.05,31,48.08864574541827,47.13022772888434,46.09537070595735,44.94217343942982,41.7781816039786
2019-11-11,8908,31000,1530650,49.35,49.55,49.1,49.25,-0.3,23,48.475763830278844,47.51564086908719,46.369686296743666,45.07076527705878,41.834572686212724
2019-11-12,8908,19000,936150,49.15,49.3,49.15,49.3,0.05,14,48.7505092201859,47.84006980198043,46.62449618398335,45.19701108968389,41.89091553386395
2019-11-13,8908,12000,579500,49.2,49.2,47.8,49.2,-0.1,11,48.90033948012393,48.08732983798399,46.848453037550016,45.31650329596199,41.94607843549516
2019-11-14,8908,24000,1153450,48.2,49.0,47.15,47.85,-1.35,17,48.55022632008262,48.044178958350535,46.935544077763055,45.392130063246704,41.9906363340952
2019-11-15,8908,17000,813100,47.85,47.85,47.75,47.75,-0.1,11,48.28348421338841,47.99069187501407,47.006366331870616,45.46251424046322,42.034103229686934
2019-11-18,8908,17000,811050,47.75,47.8,47.5,47.65,-0.1,12,48.072322808925605,47.92874789773879,47.06233447692534,45.527812322837455,42.076487356255335
2019-11-19,8908,10000,472050,47.65,47.65,46.9,47.45,-0.2,8,47.86488187261707,47.841702825422644,47.0960445224101,45.585191059469174,42.11704216866095
2019-11-20,8908,11000,518950,47.6,47.6,46.9,47.3,-0.15,8,47.676587915078045,47.74321140261853,47.113779781330955,45.636379386052184,42.15615883153898
2019-11-21,8908,14000,656000,46.9,47.0,46.8,46.8,-0.5,11,47.38439194338536,47.57171842032425,47.08649458295435,45.67111432975212,42.19120668941416
2019-11-22,8908,1000,47000,47.0,47.0,47.0,47.0,0.2,1,47.25626129559024,47.467769616628935,47.07897331487136,45.71078255871475,42.227499469116694
2019-11-25,8908,7000,330000,47.0,47.35,47.0,47.1,0.1,6,47.20417419706016,47.40090241360549,47.080801722273854,45.75225173606655,42.26427305802902
2019-11-26,8908,12000,565600,47.2,47.2,47.1,47.1,0.0,9,47.16944946470677,47.34619288385904,47.082471137728305,45.79248302752725,42.30076911042125
2019-11-27,8908,4000,190000,47.5,47.5,47.5,47.5,0.4,4,47.279632976471184,47.374157814066486,47.118777995317146,45.843453683421956,42.340008588833165
2019-11-28,8908,1000,47200,47.2,47.2,47.2,47.2,-0.3,1,47.25308865098079,47.34249275696349,47.12584077833305,45.88394760331981,42.376687769294804
2019-11-29,8908,10000,475050,47.5,47.55,47.5,47.55,0.35,6,47.35205910065386,47.38022134660649,47.16272418891278,45.9336805106834,42.415731635186916
2019-12-02,8908,6000,285300,47.55,47.55,47.55,47.55,0.0,5,47.41803940043591,47.41109019267804,47.196400346398626,45.98192885364808,42.45448083039305
2019-12-03,8908,2000,95100,47.55,47.55,47.55,47.55,0.0,2,47.462026266957274,47.43634652128203,47.227148142363966,46.02873694756903,42.49293757884291
2019-12-04,8908,9000,427950,47.55,47.55,47.55,47.55,0.0,9,47.491350844638184,47.45701079013985,47.255222216941014,46.07414778495503,42.53110408768183
2019-12-05,8908,4000,190300,47.55,47.65,47.55,47.65,0.1,3,47.54423389642545,47.49209973738715,47.28955071981571,46.12118814958324,42.569737264378574
2019-12-06,8908,5000,238100,47.65,47.65,47.6,47.6,-0.05,5,47.56282259761697,47.51171796695312,47.31654630939695,46.165331786909114,42.60770151143987
2019-12-09,8908,11000,520150,47.65,47.65,47.0,47.2,-0.4,10,47.44188173174465,47.455041972961645,47.30641184771026,46.196217405210334,42.6423603679573
2019-12-10,8908,13000,611900,47.8,47.8,47.0,47.0,-0.2,12,47.2945878211631,47.3723070687868,47.27976733921371,46.22021091550256,42.675248214236866
2019-12-11,8908,11000,516850,47.0,47.0,46.95,46.95,-0.05,8,47.179725214108736,47.29552396537102,47.25109191841252,46.24199566429353,42.707510491865264
2019-12-12,8908,8000,374850,46.9,46.9,46.7,46.7,-0.25,7,47.019816809405825,47.1872468807581,47.20317088202882,46.25566743550865,42.73764248815307
2019-12-13,8908,9000,420650,46.65,46.85,46.65,46.8,0.1,7,46.946544539603885,47.116838356983905,47.168112544461096,46.27191616877705,42.76830179012927
2019-12-16,8908,8000,374350,46.75,46.8,46.75,46.8,0.0,4,46.897696359735924,47.05923138298683,47.136102757986215,46.28767986523146,42.79872970114717
2019-12-17,8908,3000,140250,46.75,46.8,46.7,46.8,0.0,3,46.86513090649061,47.01209840426195,47.1068764312048,46.30297300358276,42.828927967553604
2019-12-18,8908,4000,187050,46.8,46.8,46.75,46.75,-0.05,4,46.826753937660406,46.964444148941595,47.07584369805656,46.31631709302805,42.8585209640249
2019-12-19,8908,4000,186700,46.7,46.7,46.65,46.65,-0.1,4,46.76783595844027,46.90727248549767,47.03881381126903,46.32627777681825,42.887135900145466
2019-12-20,8908,6000,279500,46.65,46.65,46.35,46.35,-0.3,6,46.62855730562685,46.80595021540719,46.9789169581152,46.32698590288338,42.91327072354059
2019-12-23,8908,6000,279500,46.6,46.6,46.5,46.5,0.15,5,46.5857048704179,46.75032290351497,46.93727200523562,46.33215050279731,42.940340378457265
2019-12-24,8908,5000,232850,46.7,46.7,46.45,46.45,-0.05,5,46.540469913611936,46.695718739239524,46.89490052651948,46.3356683982362,42.96682837560098
2019-12-25,8908,3000,139600,46.65,46.65,46.45,46.45,0.0,3,46.51031327574129,46.65104260483234,46.85621352421344,46.33908128187094,42.9931164633323
2019-12-26,8908,8000,370600,46.4,47.0,46.1,47.0,0.55,8,46.67354218382753,46.714489403953735,46.86871669602097,46.358810198830014,43.02335709379771
2019-12-27,8908,4000,185900,46.5,46.65,46.35,46.4,-0.6,4,46.58236145588502,46.65730951232578,46.82795872245393,46.3600397451336,43.04884119120301
2019-12-30,8908,6000,278750,46.5,46.5,46.4,46.4,0.0,6,46.521574303923344,46.610525964630185,46.79074492050141,46.361232588562444,43.0741329557977
2019-12-31,8908,5000,231950,46.35,46.45,46.35,46.45,0.05,5,46.497716202615564,46.581339425606515,46.76111492741433,46.36388236203819,43.09961119764074
2020-01-02,8908,12000,558050,46.6,46.95,46.35,46.4,-0.05,12,46.46514413507704,46.54836862095078,46.7297136293783,46.36496050048481,43.12451979237553
2020-01-03,8908,14000,648350,46.35,46.35,46.3,46.3,-0.1,12,46.41009609005136,46.50321068986882,46.69234722682367,46.363021381067355,43.14848568073496
2020-01-06,8908,5000,231600,46.4,46.5,46.2,46.5,0.2,5,46.44006406003424,46.50262692807449,46.67562138101292,46.367110295065345,43.17378012842752
2020-01-07,8908,2000,92900,46.35,46.55,46.35,46.55,0.05,2,46.47670937335616,46.51124021387913,46.664697782663964,46.372569689242496,43.19926103311864
2020-01-08,8908,22000,1020900,46.5,46.5,46.3,46.3,-0.25,14,46.41780624890411,46.47283290226474,46.632984931997534,46.37040342986212,43.22266283664227
2020-01-09,8908,3000,139250,46.35,46.55,46.35,46.35,0.05,3,46.39520416593607,46.45049964730752,46.60837754660644,46.3697943722543,43.246265381271385
2020-01-10,8908,28000,1297800,46.35,46.45,46.3,46.35,0.0,14,46.38013611062405,46.43222698416069,46.585909933858055,46.369203495470586,43.269689793488205
2020-01-13,8908,13000,601150,46.3,46.3,46.2,46.3,-0.05,12,46.353424073749366,46.40818571431329,46.56104820047909,46.36713771948639,43.292560059197726
2020-01-14,8908,5000,232950,47.0,47.0,46.45,46.5,0.2,5,46.40228271583291,46.424879220801785,46.555739661306994,46.37110375771067,43.316767153090574
2020-01-15,8908,5000,231800,46.35,46.45,46.3,46.45,-0.05,5,46.41818847722194,46.42944663520146,46.54654490814986,46.3734588694208,43.34041419344461
2020-01-16,8908,6000,278400,46.4,46.4,46.4,46.4,-0.05,5,46.41212565148129,46.424092701528465,46.53380187265857,46.37425114197541,43.36350540707899
2020-01-17,8908,10000,462850,46.1,46.7,46.1,46.1,-0.3,9,46.308083767654196,46.36516675579602,46.496079970688264,46.36606454072241,43.38415819645952
2020-01-20,8908,14000,645100,46.1,46.2,46.0,46.0,-0.1,12,46.20538917843613,46.298772800196744,46.45294258193276,46.355137240999355,43.403900398750395
2020-01-30,8908,15000,686350,45.7,46.0,45.7,45.95,-0.05,12,46.12025945229075,46.23535956379734,46.40920844437339,46.3430435920143,43.42311624479756
2020-01-31,8908,23000,1054500,45.8,46.0,45.7,45.9,-0.05,18,46.046839634860504,46.17438509765237,46.364929449210486,46.32981841016312,43.44180970710098
2020-02-03,8908,15000,684700,45.65,45.9,45.3,45.85,-0.05,13,45.98122642324034,46.1154059889883,46.3201529753661,46.31549547254631,43.459984728179464
2020-02-04,8908,9000,412850,45.8,46.0,45.7,45.85,0.0,8,45.93748428216023,46.06715035462679,46.27927010794296,46.30160008530612,43.47802257928754
2020-02-05,8908,31000,1422000,45.9,46.0,45.8,45.8,-0.05,16,45.891656188106815,46.018577562876466,46.23759444638271,46.28662694843131,43.49554693717971
2020-02-06,8908,11000,504900,46.0,46.0,45.8,45.8,0.0,10,45.861104125404545,45.978836187808014,46.199542755392905,46.272100770866196,43.51293903576703
2020-02-07,8908,19000,876250,46.2,46.25,46.0,46.1,0.3,17,45.94073608360303,46.00086597184292,46.19088686361961,46.26696343442243,43.53246402417634
2020-02-10,8908,19000,880050,46.2,46.45,46.2,46.4,0.3,17,46.093824055735354,46.073435795144206,46.20907061460921,46.27093467518594,43.55410580512596
2020-02-11,8908,17000,795900,46.75,46.95,46.75,46.95,0.55,15,46.3792160371569,46.23281110511799,46.273499256817104,46.29120528189681,43.57973519527595
2020-02-12,8908,19000,893650,46.95,47.1,46.95,47.05,0.1,15,46.60281069143793,46.38139090418745,46.34102106057214,46.3138558704969,43.605925873047454
2020-02-13,8908,24000,1130800,47.1,47.2,46.95,46.95,-0.1,17,46.71854046095862,46.48477437615337,46.39397575095717,46.33284524749699,43.63116416834521
2020-02-14,8908,24000,1133550,47.1,47.5,47.1,47.35,0.4,23,46.92902697397241,46.642088125943665,46.4771082943522,46.36320807592992,43.65923085386713
2020-02-17,8908,28000,1330450,47.3,48.0,47.3,47.45,0.1,19,47.102684649314945,46.78898119395391,46.56170757310418,46.39564962590216,43.68784043232851
2020-02-18,8908,14000,663650,47.5,47.5,47.3,47.3,-0.15,9,47.16845643287663,46.881893704144105,46.62590691457338,46.42264515945732,43.71510201397131
2020-02-19,8908,6000,284600,47.25,47.7,47.25,47.3,0.0,6,47.21230428858442,46.957913030663356,46.68452370461048,46.44883485618993,43.74215784782813
2020-02-20,8908,11000,519350,47.35,47.35,47.15,47.15,-0.15,11,47.19153619238961,46.99283793417911,46.72499990420957,46.469765158990235,43.76787741124075
2020-02-21,8908,13000,611550,47.15,47.15,47.0,47.05,-0.1,12,47.144357461593074,47.003231037055635,46.75326078210439,46.48708560200545,43.792648147759685
2020-02-24,8908,18000,827350,47.1,47.1,45.5,47.0,-0.05,9,47.09623830772872,47.002643575772794,46.774716366269224,46.502396479557525,43.816854576833194
2020-02-25,8908,8000,371900,46.95,46.95,46.15,46.65,-0.35,8,46.94749220515248,46.93852656199592,46.76387146485451,46.50680255479461,43.838236806442
2020-02-26,8908,13000,606150,46.55,46.7,46.55,46.55,-0.1,13,46.814994803434985,46.86788536890575,46.74527394617151,46.50809203077089,43.85870294375187
2020-02-27,8908,31000,1430600,46.5,46.55,45.65,46.2,-0.35,29,46.609996535623324,46.74645166546834,46.697858820417466,46.498895253732954,43.876373110214125
2020-03-02,8908,20000,924400,46.2,46.3,46.2,46.3,0.1,15,46.506664357082215,46.66527863538319,46.663262401250726,46.49295808197973,43.89466463391062
2020-03-03,8908,7000,325600,46.25,46.7,46.25,46.7,0.4,6,46.57110957138814,46.67159161076806,46.66645697505501,46.49913843774153,43.915836976296205
2020-03-04,8908,10000,461900,46.1,46.35,46.0,46.1,-0.6,9,46.4140730475921,46.567665863355685,46.61719984678936,46.487223857510436,43.93232122553171
2020-03-05,8908,26000,1196500,46.1,46.1,45.95,46.1,0.0,18,46.30938203172806,46.48263570638193,46.572225947068546,46.47566493639072,43.94868106533902
2020-03-06,8908,15000,692400,46.3,46.45,46.1,46.1,0.0,9,46.239588021152045,46.41306557794885,46.5311628212365,46.46445105769249,43.96491743465721
2020-03-09,8908,39000,1786250,46.0,46.1,45.5,45.5,-0.6,26,45.99305868076803,46.24705365468542,46.44149648895507,46.43566147388078,43.97650296345225
2020-03-10,8908,43000,1932100,45.3,45.3,44.7,44.8,-0.7,36,45.59537245384535,45.98395299019717,46.29875766382854,46.38683575824255,43.982718035426196
2020-03-11,8908,6000,274300,46.8,46.8,44.8,46.35,1.55,6,45.846914969230234,46.0505069919795,46.303213519147796,46.38573618336964,44.00058431440411
2020-03-12,8908,119000,5422200,46.35,46.35,45.3,46.0,-0.35,68,45.89794331282015,46.04132390252868,46.276847126178424,46.37422167043323,44.01567424410672
2020-03-13,8908,99000,4406450,44.5,45.1,44.1,44.5,-1.5,68,45.43196220854677,45.76108319297801,46.12233868042378,46.31827475489791,44.01932953283044
2020-03-16,8908,91000,4039800,44.5,44.95,44.0,44.0,-0.5,45,44.954641472364514,45.44088624880019,45.93778749082171,46.249072523408415,44.01918364956379
2020-03-17,8908,92000,3866400,40.1,44.95,40.1,43.5,-0.5,65,44.46976098157634,45.087997839927425,45.725805969880696,46.16701065703801,44.01526528239727
2020-03-18,8908,72000,3086700,43.5,43.5,42.5,42.5,-1.0,39,43.81317398771756,44.61745277812244,45.44530110293455,46.05754765235031,44.00382931800182
2020-03-19,8908,124000,4982600,40.45,41.0,39.5,40.0,-2.5,83,42.542115991811706,43.77791590937291,44.97179665920111,45.8767253343697,43.973611738243314
2020-03-20,8908,57000,2358350,42.35,42.35,41.0,41.5,1.5,29,42.194743994541135,43.363749380396015,44.669901297531446,45.74607681692583,43.954942970407515
2020-03-23,8908,72000,2892450,41.0,41.0,39.8,40.0,-1.5,45,41.463162663027425,42.75215858396037,44.26382292383306,45.574552135823566,43.92509434421576
2020-03-24,8908,71000,2851800,40.35,41.0,40.0,40.0,0.0,36,40.97544177535162,42.2517661141494,43.89305571306497,45.4081475944557,43.895470990674504
2020-03-25,8908,67000,2803000,42.95,42.95,41.05,41.05,1.05,43,41.00029451690108,42.033263184304055,43.645833477146276,45.278053636412245,43.8739957379147
2020-03-26,8908,23000,980450,41.8,44.05,41.8,42.6,1.55,22,41.533529677934055,42.136306241703316,43.55489143565529,45.19811173681785,43.86438067574176
2020-03-27,8908,68000,2909650,42.8,43.1,42.6,42.65,0.05,38,41.905686451956036,42.229705106848165,43.47620522385918,45.12204869989792,43.85521553856635
2020-03-30,8908,57000,2488600,42.6,45.1,42.6,43.2,0.55,34,42.33712430130402,42.4061223601485,43.45218737830621,45.06467411184126,43.850270515633774
2020-03-31,8908,36000,1565250,43.5,43.8,42.85,43.8,0.0,22,42.82474953420268,42.65955465830332,43.48243195410567,45.02692264581615,43.84989111551578
2020-04-01,8908,47000,2015900,42.85,43.0,42.85,42.9,-0.9,21,42.84983302280179,42.703271993157266,43.431785697226914,44.96343241758283,43.84272212596472
2020-04-06,8908,45000,1941600,42.9,43.95,42.35,43.9,1.0,27,43.19988868186786,42.92085890349231,43.47249998442457,44.9316881663117,43.843154411806495
2020-04-07,8908,77000,3484550,44.0,45.8,44.0,45.6,1.7,50,43.999925787911906,43.40797546649371,43.657499985778955,44.95163777328747,43.85641362379286
2020-04-08,8908,66000,3043500,45.6,46.6,44.65,46.55,0.95,53,44.8499505252746,43.97925265440394,43.909021726146,44.99935007856247,43.876742577575556
2020-04-09,8908,17000,768350,46.45,46.45,44.75,45.5,-1.05,17,45.0666336835164,44.25575217178505,44.04736766300287,45.014294852336725,43.88899357699008
2020-04-10,8908,23000,1041700,45.5,45.5,45.2,45.2,-0.3,19,45.11108912234427,44.42743359509686,44.14759656187219,45.019838289580406,43.89888796508827
2020-04-13,8908,24000,1098700,46.0,46.25,45.2,45.35,0.15,21,45.19072608156284,44.59517294144288,44.25215338257896,45.02969386302577,43.909839754031
2020-04-14,8908,21000,948050,45.1,45.7,44.65,45.65,0.3,19,45.34381738770856,44.78695967936236,44.373705262354704,45.048210464129475,43.922973038906235
2020-04-15,8908,11000,501400,45.6,45.6,45.55,45.6,-0.05,11,45.42921159180571,44.93478519220557,44.48033958736734,45.06468179355845,43.93562984615977
2020-04-16,8908,14000,634750,45.35,45.55,44.8,45.55,-0.05,11,45.46947439453714,45.04664242998637,44.57335353629192,45.0791689041985,43.947813771849134
2020-04-17,8908,18000,819000,45.55,45.65,45.2,45.3,-0.25,16,45.412982929691424,45.09270744271612,44.63654018531001,45.0857608772075,43.95801895092952
2020-04-20,8908,24000,1091900,45.0,45.6,45.0,45.5,0.2,16,45.44198861979428,45.166760634949554,44.71162364745697,45.09812622415653,43.96965654375269
2020-04-21,8908,29000,1308200,45.3,45.3,44.85,44.85,-0.65,23,45.244659079862856,45.10916779223145,44.72365637376506,45.090719471196635,43.97630064530927
2020-04-22,8908,27000,1213650,44.85,45.1,44.85,44.9,0.05,12,45.12977271990857,45.071137284553004,44.73899060213331,45.08502635265345,43.98327196119373
2020-04-23,8908,24000,1092100,45.5,45.55,45.45,45.45,0.55,18,45.23651514660572,45.140021414634276,44.80081750629564,45.09592108839514,43.99434160676962
2020-04-24,8908,8000,365550,45.7,45.9,45.55,45.6,0.15,7,45.35767676440381,45.223653884700774,44.870311636182976,45.110968220084835,44.006459783322306
2020-04-27,8908,16000,736800,45.9,46.3,45.9,46.0,0.4,9,45.571784509602544,45.364807723846084,44.96854540694967,45.13750648217186,44.02150536986327
2020-04-28,8908,22000,1016650,46.0,46.35,46.0,46.25,0.25,19,45.79785633973503,45.525751774055884,45.07997624112796,45.17071524389807,44.03832419726053
2020-04-29,8908,10000,462850,46.3,46.35,46.25,46.25,0.0,9,45.948570893156685,45.65743326968209,45.18171743755161,45.2029326993041,44.055016090111394
2020-04-30,8908,20000,929750,46.4,46.55,46.4,46.4,0.15,19,46.099047262104456,45.79244540246716,45.28765505167756,45.238666051563676,44.072714081884136
2020-05-04,8908,16000,741850,46.4,46.4,46.3,46.3,-0.1,12,46.166031508069636,45.884728056564036,45.37568504718386,45.27034766196476,44.08952378692652
2020-05-05,8908,22000,1023000,46.4,46.7,46.4,46.6,0.3,16,46.31068767204643,46.01477750082512,45.48214721699396,45.31003877653298,44.10847077721387
2020-05-06,8908,44000,2047650,46.65,46.65,46.5,46.5,-0.1,24,46.37379178136428,46.10299977340237,45.570656154646656,45.34556000708423,44.12652005436697
2020-05-07,8908,28000,1303350,46.4,46.7,46.4,46.55,0.05,16,46.432527854242856,46.18427254187466,45.655816489025206,45.381513439708584,44.144810469050995
2020-05-08,8908,12000,556650,46.25,46.45,46.25,46.4,-0.15,10,46.421685236161906,46.22349571607927,45.72052809867519,45.41191602359788,44.16183076739778
2020-05-11,8908,29000,1342250,46.0,46.4,46.0,46.3,-0.1,25,46.381123490774606,46.23740558588304,45.77091695965996,45.43842599304272,44.17796789368157
2020-05-12,8908,17000,788750,46.4,46.4,46.35,46.4,0.1,14,46.3874156605164,46.266968206631574,45.825619832733004,45.46712969474294,44.19473794731416
2020-05-13,8908,26000,1212700,46.6,46.8,46.55,46.75,0.35,17,46.50827710701093,46.3547921690622,45.90600071684318,45.50542433072076,44.214022943938204
2020-05-14,8908,99000,4591900,46.7,46.7,46.25,46.35,-0.4,49,46.45551807134062,46.35392086559634,45.944609350161166,45.530635544729094,44.23014352549339
2020-05-15,8908,14000,650000,46.4,46.8,46.4,46.4,0.05,13,46.437012047560415,46.36229889003337,45.984208537103676,45.55658672249837,44.24651980077268
2020-05-18,8908,31000,1420650,44.7,46.5,44.5,46.35,-0.05,29,46.40800803170694,46.36006272820912,46.01601649039901,45.58027070093126,44.262395123031
2020-05-19,8908,38000,1764800,46.35,46.55,46.35,46.4,0.05,33,46.40533868780463,46.36732405035292,46.0494063607991,45.60474023224674,44.278527990026994
2020-05-20,8908,48000,2225450,46.4,46.4,46.35,46.35,-0.05,47,46.38689245853642,46.36417422301603,46.07554493812091,45.62698679247818,44.294161741045656
2020-05-21,8908,11000,512350,47.2,47.2,46.4,46.4,0.05,11,46.39126163902428,46.37068800064948,46.10375842176257,45.650061813598235,44.31005485998116
2020-05-22,8908,23000,1068350,46.45,46.5,46.4,46.4,0.0,21,46.394174426016185,46.37601745507685,46.12951855900061,45.67244802811769,44.32582803084922
2020-05-25,8908,15000,697350,46.45,46.6,46.4,46.4,0.0,14,46.39611628401079,46.38037791779015,46.1530386843049,45.69416599742761,44.34148215891828
2020-05-26,8908,27000,1253850,46.6,46.6,46.4,46.4,0.0,18,46.39741085600719,46.38394556910103,46.17451358132187,45.71523566914619,44.35701814262456
2020-05-27,8908,34000,1579400,46.45,46.5,46.4,46.4,0.0,19,46.398273904004796,46.386864556537205,46.19412109598953,45.73567639544033,44.37243687362362
2020-05-28,8908,36000,1675200,46.95,47.0,46.45,46.5,0.1,35,46.43218260266986,46.4074346371668,46.22071926155566,45.75849202542719,44.38849395382269
2020-05-29,8908,18000,836600,46.5,46.5,46.45,46.5,0.0,15,46.45478840177991,46.42426470313647,46.24500454315952,45.780626591832345,44.40442984851082
2020-06-01,8908,34000,1581900,47.2,47.2,46.4,46.4,-0.1,22,46.4365256011866,46.41985293892984,46.25848240897173,45.79911535028511,44.41949075531451
2020-06-02,8908,42000,1949400,46.45,46.75,46.4,46.4,0.0,28,46.42435040079107,46.416243313669874,46.27078828645245,45.81705220550048,44.434437994897046
2020-06-03,8908,12000,557600,46.5,46.5,46.45,46.45,0.05,11,46.43290026719405,46.422380893002625,46.28637191371745,45.835946169515395,44.4496497836148
2020-06-04,8908,21000,976750,46.45,46.85,46.45,46.5,0.05,16,46.455266844796036,46.43649345791124,46.30494826904637,45.85576867191792,44.46512412487054
2020-06-05,8908,44000,2047650,46.65,46.75,46.5,46.75,0.25,33,46.55351122986402,46.49349464738192,46.343648419564076,45.882462144397984,44.482368471097935
2020-06-08,8908,5000,234550,46.75,47.05,46.75,47.0,0.25,5,46.702340819909345,46.58558652967612,46.40072247003676,45.915821483371175,44.501369463768896
2020-06-09,8908,69000,3221150,46.75,46.8,46.6,46.65,-0.35,48,46.684893879939565,46.59729806973501,46.422398776990086,45.93773725998696,44.51758554328762
2020-06-10,8908,92000,4289500,46.7,46.7,46.6,46.6,-0.05,51,46.65659591995971,46.59778932978319,46.43784236159964,45.957506297002276,44.53330187880998
2020-06-11,8908,35000,1625200,46.2,46.85,46.2,46.55,-0.05,23,46.62106394663981,46.5891003607317,46.44759519972141,45.97519267619624,44.54852224198877
2020-06-12,8908,13000,604050,46.15,46.6,46.15,46.55,0.0,12,46.59737596442654,46.581991204235024,46.45649996496303,45.99235110377247,44.56362773450206
2020-06-15,8908,36000,1677250,46.55,46.6,46.55,46.6,0.05,32,46.59825064295103,46.58526553073775,46.46897822887929,46.01048987679419,44.57899658178884
2020-06-16,8908,32000,1491400,46.85,46.85,46.5,46.6,0.0,32,46.598833761967356,46.58794452514907,46.480371426368045,46.02808719390481,44.59424943777534
2020-06-17,8908,14000,652400,46.6,46.6,46.6,46.6,0.0,14,46.59922250797824,46.59013642966742,46.490773911031695,46.04515921796735,44.6093871778676
2020-06-18,8908,22000,1026250,46.65,46.7,46.6,46.65,0.05,21,46.61614833865216,46.60102071518243,46.5046196578985,46.063214166684745,44.62478802935539
2020-06-19,8908,23000,1073350,46.65,46.75,46.65,46.7,0.05,14,46.644098892434776,46.61901694878562,46.52160925286385,46.082222699022516,44.64045000649234
2020-06-22,8908,58000,2708600,46.7,46.7,46.7,46.7,0.0,37,46.662732594956516,46.63374113991551,46.53712149174525,46.100663812484534,44.65599378002825
2020-06-23,8908,53000,2475400,46.7,46.8,46.7,46.7,0.0,34,46.675155063304345,46.645788205385415,46.55128484028914,46.118554444947684,44.67142024206577
2020-06-24,8908,28000,1308500,46.7,46.85,46.7,46.7,0.0,25,46.683436708869564,46.65564489531534,46.56421659330748,46.13591102868059,44.68673027797471
2020-06-29,8908,29000,1354600,46.7,47.0,46.7,46.7,0.0,28,46.68895780591304,46.663709459803464,46.57602384606335,46.15274950543639,44.70192476644283
2020-06-30,8908,26000,1219150,46.7,47.1,46.7,46.8,0.1,18,46.725971870608696,46.68848955802102,46.59550003336219,46.17207041572187,44.71775929650741
2020-07-01,8908,44000,2055700,46.85,46.85,46.5,46.75,-0.05,30,46.733981247072464,46.69967327474447,46.60893481306983,46.1893220451033,44.733096962194146
2020-07-02,8908,35000,1634400,46.75,46.75,46.65,46.7,-0.05,22,46.722654164714974,46.699732679336385,46.616853524976804,46.204566163159924,44.74794151342287
2020-07-03,8908,35000,1638350,46.7,47.0,46.7,46.9,0.2,24,46.78176944314332,46.73614491945704,46.64147495758752,46.22532538217008,44.76418346426497
2020-07-06,8908,15000,703100,46.8,47.1,46.8,46.85,-0.05,12,46.804512962095544,46.756845843192124,46.659607569971215,46.243972385687385,44.77992547585542
2020-07-07,8908,37000,1740650,46.9,47.1,46.9,46.95,0.1,16,46.85300864139703,46.791964780793556,46.684859085625895,46.265047836860894,44.79630339679236
2020-07-08,8908,14000,659700,46.95,47.2,46.95,47.1,0.15,8,46.93533909426469,46.84797118428564,46.72095829557147,46.28997178202923,44.813689786250535
2020-07-09,8908,23000,1081200,47.0,47.1,47.0,47.05,-0.05,17,46.97355939617646,46.88470369623371,46.74957061769569,46.31265919152089,44.83056759918449
2020-07-10,8908,16000,753500,47.15,47.2,47.05,47.05,0.0,13,46.999039597450974,46.91475756964576,46.775694911809104,46.33466936490833,44.84731803239819
2020-07-13,8908,23000,1082850,47.05,47.1,47.05,47.1,0.05,12,47.03269306496732,46.948438011528346,46.80389535426049,46.35751505550808,44.864319405738584
2020-07-14,8908,23000,1083050,47.1,47.45,47.0,47.05,-0.05,19,47.03846204331155,46.966903827614104,46.825295758237836,46.378186247880976,44.88081510833678
2020-07-15,8908,6000,282650,47.1,47.15,47.1,47.1,0.05,6,47.05897469554103,46.99110313168427,46.84918308360846,46.39973292704871,44.89756367355688
2020-07-16,8908,2000,94350,47.15,47.2,47.15,47.2,0.1,2,47.10598313036069,47.02908438046895,46.879688902425116,46.42362149639054,44.9149405514923
2020-07-17,8908,48000,2261550,47.2,47.2,47.1,47.1,-0.1,38,47.103988753573795,47.0419781294746,46.89884638917076,46.44381189948336,44.93143156619802
2020-07-20,8908,27000,1269650,47.15,47.15,46.95,46.95,-0.15,19,47.0526591690492,47.02525483320649,46.903294529242864,46.458921992036096,44.9466660449437
2020-07-21,8908,28000,1314500,47.0,47.0,46.9,46.95,0.0,17,47.0184394460328,47.01157213625986,46.90735587452609,46.47358103704995,44.96178554649129
2020-07-22,8908,17000,798300,47.1,47.1,46.95,46.95,0.0,14,46.9956262973552,47.00037720239443,46.91106405934991,46.48780249863054,44.97679093859325
2020-07-23,8908,24000,1127150,46.95,47.05,46.9,46.95,0.0,14,46.98041753157013,46.99121771104999,46.914449793319484,46.50159943896993,44.99168308245292
2020-07-24,8908,41000,1925000,46.95,47.0,46.9,46.95,0.0,29,46.97027835438009,46.983723581768174,46.91754111563953,46.514984530343966,45.006462832774034
2020-07-27,8908,35000,1643950,47.1,47.15,46.9,46.95,0.0,28,46.963518902920065,46.97759202144669,46.92036362732305,46.52797006675161,45.0211310378097
2020-07-28,8908,33000,1553150,47.0,47.2,47.0,47.0,0.05,32,46.975679268613376,46.98166619936547,46.927288529294955,46.542060512520216,45.03606589790171
2020-07-29,8908,43000,2021700,47.0,47.1,46.95,46.95,-0.05,28,46.96711951240892,46.97590870857175,46.92926343979104,46.55423781065394,45.05051068357792
2020-07-30,8908,50000,2349800,47.0,47.05,46.95,47.0,0.05,29,46.97807967493928,46.980288943376884,46.9354144450266,46.56754414466427,45.06522381049431
2020-07-31,8908,5000,236250,46.95,47.45,46.95,47.1,0.1,5,47.01871978329285,47.002054590035634,46.94972623241559,46.583438349301154,45.08058061192454
2020-08-03,8908,11000,518800,47.15,47.3,47.0,47.3,0.2,10,47.11247985552857,47.05622648275643,46.980184820901194,46.60482824932202,45.097330946928885
2020-08-04,8908,9000,424100,47.2,47.4,47.0,47.05,-0.25,9,47.091653237019045,47.05509439498253,46.98625570604022,46.61811695829748,45.11206807185772
2020-08-05,8908,1000,47050,47.05,47.05,47.05,47.05,0.0,1,47.07776882467936,47.054168141349344,46.99179868812368,46.631008989393074,45.126693973202194
2020-08-06,8908,11000,520100,47.1,47.4,47.1,47.3,0.25,11,47.15184588311957,47.09886484292219,47.01859880219988,46.650978870306716,45.14309628283841
2020-08-07,8908,17000,804150,47.3,47.35,47.3,47.3,0.0,11,47.20123058874638,47.13543487148179,47.043068471573804,46.67035263537219,45.1593748014585
2020-08-10,8908,30000,1417050,47.3,47.45,47.0,47.3,0.0,19,47.234153725830915,47.16535580393965,47.065410343610864,46.689148079092426,45.17553046333428
2020-08-11,8908,12000,565900,47.2,47.2,47.1,47.15,-0.15,12,47.20610248388728,47.16256383958699,47.072765965905575,46.702904852850864,45.19043212021478
2020-08-12,8908,20000,943150,47.15,47.2,47.15,47.15,0.0,11,47.18740165592485,47.16027950511663,47.079481968870304,46.71625097664636,45.205221311760326
2020-08-13,8908,30000,1444200,47.5,49.2,47.5,48.0,0.85,25,47.458267770616565,47.312955958731784,47.159527015055495,46.75457184301512,45.226313981105534
2020-08-14,8908,33000,1607000,48.3,49.2,48.3,49.0,1.0,14,47.972178513744375,47.61969123896237,47.319568144181105,46.82159954919378,45.25479463030474
2020-08-17,8908,46000,2358700,49.4,52.0,49.4,50.9,1.9,35,48.948119009162916,48.216111013696484,47.6309100446871,46.94334284623277,45.297399953849606
2020-08-18,8908,30000,1552700,51.8,52.5,51.0,51.6,0.7,29,49.83207933944195,48.83136355666076,47.97604830167083,47.08234753739,45.34496674665074
2020-08-19,8908,26000,1344400,51.6,52.0,51.5,52.0,0.4,20,50.55471955962796,49.40747927363153,48.3259571450038,47.22914313328881,45.39519341271375
2020-08-20,8908,38000,1931200,51.6,51.6,50.2,51.1,-0.9,31,50.73647970641864,49.71521031478943,48.56717826282956,47.34469109945929,45.43824855676874
2020-08-21,8908,47000,2434100,51.4,52.0,51.2,51.2,0.1,20,50.89098647094576,49.985172075736806,48.79611928345307,47.459774947236625,45.48173347332143
2020-08-24,8908,47000,2386400,51.1,51.5,50.3,50.8,-0.4,39,50.860657647297174,50.13332260742102,48.97036978054411,47.55948315776688,45.52187133390013
2020-08-25,8908,49000,2541700,50.8,52.6,50.8,52.1,1.3,36,51.27377176486478,50.490900315162655,49.24251153875767,47.69502097395294,45.571517587983905
2020-08-26,8908,7000,364900,52.5,52.5,52.0,52.0,-0.1,7,51.515847843243186,50.76528207604217,49.48229314408309,47.82352781055136,45.62003443637648
2020-08-27,8908,86000,4816100,57.0,57.1,54.2,55.0,3.0,78,52.67723189549546,51.53523078948905,49.96209374024978,48.03775086098266,45.690826629309484
2020-08-28,8908,76000,4272200,56.8,56.9,55.6,56.4,1.4,51,53.91815459699697,52.41973428230922,50.52191167588023,48.28737023826676,45.77165057927696
2020-08-31,8908,127000,6672100,51.9,54.4,50.9,51.0,0.0,68,52.94543639799798,52.16160077643482,50.56348457362978,48.36834426100506,45.81110982018807
2020-09-01,8908,38000,1936300,50.8,51.5,50.5,51.0,0.0,13,52.29695759866532,51.95040063526485,50.601442436792404,48.44690114873625,45.85027125550741
2020-09-02,8908,19000,966200,51.0,51.0,50.7,50.7,-0.3,16,51.76463839911022,51.7230550652167,50.610012659680024,48.51415783086353,45.886872981880934
2020-09-03,8908,11000,561400,50.8,51.3,50.8,51.3,0.6,8,51.60975893274014,51.646135962450025,50.67001155883828,48.59731729859895,45.92772677069693
2020-09-04,8908,11000,568000,51.8,52.0,51.3,51.3,0.0,9,51.506505955160094,51.58320215109548,50.72479316241756,48.677994394163164,45.96827222903129
2020-09-07,8908,25000,1282500,51.3,51.3,51.3,51.3,0.0,15,51.4376706367734,51.531710850896296,50.7748111482943,48.756263218217995,46.00851168390653
2020-09-08,8908,21000,1080400,51.5,51.5,51.3,51.3,0.0,8,51.391780424515595,51.48958160527879,50.82047974409479,48.83219565946522,46.0484474447827
2020-09-09,8908,15000,770500,51.5,51.5,51.3,51.3,0.0,9,51.36118694967706,51.45511222250082,50.862177157651765,48.90586146067521,46.08808180369
2020-09-10,8908,38000,1940800,51.0,51.2,50.9,51.2,-0.1,17,51.30745796645137,51.408728182046126,50.891553056986396,48.974343208117745,46.12666231837913
2020-09-11,8908,28000,1434900,51.3,51.3,51.0,51.3,0.1,13,51.304971977634246,51.3889594216741,50.92707018246584,49.0437657989202,46.16570637635363
2020-09-14,8908,7000,358300,51.2,51.3,51.1,51.2,-0.1,6,51.26998131842283,51.3546031631879,50.95080321007751,49.10813099895243,46.20370104521134
2020-09-15,8908,16000,820900,51.4,51.5,51.2,51.5,0.3,13,51.346654212281884,51.381038951699196,50.998559452679466,49.17953007361057,46.24367311279465
2020-09-16,8908,1000,51600,51.6,51.6,51.6,51.6,0.1,1,51.43110280818792,51.420850051390254,51.05085863070734,49.25178290723414,46.284098221377334
2020-09-17,8908,6000,312000,52.0,52.0,52.0,52.0,0.4,3,51.620735205458615,51.526150042046574,51.133392662819745,49.33381923836148,46.32723710272543
2020-09-18,8908,9000,467700,52.0,52.0,51.9,51.9,-0.1,4,51.71382347030574,51.59412276167447,51.200054170400634,49.41042164915666,46.369295690629386
2020-09-21,8908,17000,881100,51.9,51.9,51.5,51.9,0.0,11,51.77588231353716,51.649736805006384,51.260919025148404,49.48473742082363,46.41103685522841
2020-09-22,8908,11000,568600,51.5,52.0,51.5,52.0,0.1,11,51.85058820902477,51.71342102227795,51.32518693600507,49.559819885873665,46.45321770915121
2020-09-23,8908,1000,51600,51.6,51.6,51.6,51.6,-0.4,1,51.767058806016514,51.69279901822741,51.34908372417854,49.620720784802806,46.49206134908214
2020-09-24,8908,11000,565800,50.7,51.9,50.7,51.5,-0.1,11,51.67803920401101,51.65774465127697,51.362206878597796,49.67681867182362,46.529857112485296
2020-09-25,8908,20000,1034000,51.7,51.7,51.7,51.7,0.2,16,51.685359469340675,51.66542744195389,51.391580193502335,49.7372121443065,46.56887705880616
2020-09-28,8908,24000,1244600,51.8,52.2,51.8,51.8,0.1,17,51.72357297956045,51.68989517978045,51.42709495928474,49.79878790119287,46.608357231947245
2020-09-29,8908,15000,774500,51.8,51.8,51.5,51.6,-0.2,13,51.682381986373635,51.67355060163855,51.4421301802165,49.852555426530394,46.64603000755519
2020-09-30,8908,7000,363300,51.8,52.0,51.8,52.0,0.4,6,51.78825465758242,51.73290503770427,51.49064059932811,49.91665824961904,46.686437328252886
2020-10-05,8908,10000,519400,51.8,52.0,51.8,51.9,-0.1,10,51.82550310505495,51.763285939939855,51.52623706895175,49.975862480973696,46.72578497105852
2020-10-06,8908,9000,468300,51.8,52.4,51.8,52.0,0.1,9,51.8836687367033,51.80632485995079,51.56743384556464,50.03628449646702,46.765590367503364
2020-10-07,8908,9000,468100,52.0,52.2,51.9,52.1,0.1,9,51.9557791578022,51.859720339959736,51.613743945950326,50.09788794433368,46.805850062842964
2020-10-08,8908,17000,884800,52.0,52.3,51.9,52.1,0.0,12,52.00385277186813,51.903407550876146,51.65602708108508,50.157652483308794,46.84580591142528
2020-10-12,8908,17000,883300,52.1,52.1,51.8,51.9,-0.2,12,51.96923518124542,51.90278799617139,51.67724211751246,50.20966285694137,46.883950772471124
2020-10-13,8908,30000,1555400,51.8,51.9,51.8,51.8,-0.1,22,51.912823454163615,51.88409926959477,51.68791671598964,50.257135607480436,46.921053030792095
2020-10-14,8908,11000,569800,51.8,51.8,51.8,51.8,0.0,10,51.875215636109075,51.86880849330481,51.69766308851228,50.303191260988484,46.95787527206914
2020-10-15,8908,18000,932300,51.8,51.8,51.7,51.8,0.0,13,51.85014375740605,51.856297858158484,51.706561950380774,50.347872118869425,46.99441960963843
2020-10-16,8908,26000,1347100,51.8,51.9,51.8,51.9,0.1,13,51.86676250493737,51.86424370212967,51.723382650347666,50.39420429442556,47.031442857867575
2020-10-19,8908,29000,1502200,51.9,51.9,51.7,51.9,0.0,22,51.877841669958244,51.870744847197,51.738740680752215,50.4391534199651,47.068186685355364
2020-10-20,8908,24000,1243700,51.9,51.9,51.8,51.8,-0.1,17,51.85189444663883,51.85788214770664,51.74406757807811,50.47977570593629,47.103898483956456
2020-10-21,8908,12000,621900,51.9,51.9,51.8,51.8,0.0,7,51.83459629775922,51.847358120850885,51.74893126694088,50.51918538635611,47.139340759549235
2020-10-22,8908,5000,259000,51.8,51.8,51.8,51.8,0.0,5,51.823064198506145,51.83874755342345,51.753372026337324,50.557418658405176,47.17451554626962
2020-10-23,8908,13000,673900,51.8,52.0,51.8,52.0,0.2,10,51.8820427990041,51.86806618007373,51.7748179370906,50.60048078800502,47.21093429686381
2020-10-26,8908,15000,779600,52.0,52.0,51.8,52.0,0.0,8,51.921361866002734,51.892054147333056,51.79439898603925,50.6422574809004,47.24707818896295
2020-10-27,8908,6000,312100,52.0,52.5,51.9,51.9,-0.1,6,51.91424124400182,51.89349884781795,51.8035816829054,50.67980203370934,47.28219457998965
2020-10-28,8908,31000,1608300,51.9,52.0,51.7,51.7,-0.2,17,51.84282749600121,51.85831723912378,51.79457458004406,50.71025570434489,47.31553650768784
2020-10-29,8908,32000,1654600,51.5,51.9,51.5,51.8,0.1,14,51.828551664000805,51.84771410473763,51.795046355692406,50.74278538481221,47.34938151517699
2020-10-30,8908,17000,877600,51.8,51.8,51.6,51.6,-0.2,12,51.75236777600054,51.80267517660352,51.7780858030235,50.76837388078796,47.38146165468508
2020-11-02,8908,29000,1487700,51.1,51.6,51.1,51.2,-0.4,23,51.56824518400036,51.69309787176652,51.7278174723258,50.78125824255549,47.41028081200822
2020-11-03,8908,12000,619900,51.9,52.0,51.5,51.5,0.3,12,51.545496789333576,51.65798916780897,51.70800725734095,50.802713220389656,47.44114661720061
2020-11-04,8908,31000,1586700,51.2,51.2,51.1,51.1,-0.4,23,51.39699785955572,51.5565365918437,51.65513706105043,50.81158745261683,47.468760604995325
2020-11-05,8908,17000,870900,51.1,51.8,51.1,51.4,0.3,13,51.39799857303714,51.52807539332667,51.63295122965474,50.82915200627006,47.49843033627838
2020-11-06,8908,18000,921300,51.8,51.8,51.0,51.3,-0.1,17,51.36533238202476,51.48660713999455,51.6039989488152,50.843207170262,47.52712142808006
2020-11-09,8908,23000,1174600,50.7,51.5,50.7,51.5,0.2,10,51.410221588016505,51.48904220545008,51.594955561961704,50.86281292637358,47.5571054173021
2020-11-10,8908,10000,513700,51.2,51.9,51.2,51.6,0.1,8,51.47348105867767,51.50921634991371,51.59539420874764,50.884818510660935,47.58761782924699
2020-11-11,8908,44000,2257400,51.3,51.7,51.2,51.2,-0.4,35,51.38232070578511,51.45299519538394,51.56101210363915,50.89422691332777,47.614881090913045
2020-11-12,8908,31000,1590100,51.2,51.8,51.2,51.2,0.0,20,51.32154713719007,51.4069960689505,51.52961974680096,50.90335446815381,47.6419385921137
2020-11-13,8908,12000,619400,51.6,51.7,51.6,51.7,0.5,10,51.44769809146005,51.4602695109595,51.54443542099218,50.92713493179101,47.67256547066379
2020-11-16,8908,44000,2283500,51.7,52.0,51.7,51.8,0.1,33,51.56513206097336,51.522038690785045,51.56665842786242,50.95319060546889,47.7037159199418
2020-11-17,8908,6000,311500,52.0,52.0,51.8,51.9,0.1,6,51.676754707315574,51.59075892882413,51.595644651526555,50.98145357246982,47.73538598847054
2020-11-18,8908,9000,467500,52.0,52.0,51.9,51.9,0.0,8,51.75116980487705,51.64698457812883,51.62211033400251,51.008872868814,47.76681703761416
2020-11-19,8908,6000,310700,51.5,51.9,51.5,51.9,0.0,6,51.80077986991803,51.69298738210541,51.646274652784896,51.03547367870015,47.79801087129255
2020-11-20,8908,8000,415100,51.6,52.0,51.6,52.0,0.1,6,51.867186579945354,51.748807858086245,51.67703337862969,51.06426550918671,47.829723996792225
2020-11-23,8908,24000,1238200,51.7,51.7,51.5,51.5,-0.5,21,51.7447910532969,51.70357006570693,51.661639171792324,51.07727250891248,47.85742419304285
2020-11-24,8908,7000,362000,52.0,52.0,51.5,51.5,0.0,7,51.66319403553127,51.666557326487485,51.64758359163647,51.08989123998972,47.88491533120857
2020-11-25,8908,35000,1817100,51.6,52.1,51.6,51.8,0.3,30,51.70879602368751,51.69081963076249,51.66083719236373,51.11108851640794,47.91446314002963
2020-11-26,8908,30000,1555700,52.0,52.1,51.8,52.0,0.2,21,51.80586401579168,51.74703424335113,51.690329610419056,51.13762318755994,47.94529738048224
2020-11-27,8908,9000,469200,52.2,52.3,52.0,52.0,0.0,8,51.870576010527785,51.79302801728729,51.71725747038261,51.16336577897606,47.975898909686144
2020-11-30,8908,48000,2535400,52.2,53.8,52.2,52.5,0.5,36,52.08038400701852,51.92156837778051,51.78532203817543,51.20326530796185,48.01004306885832
2020-12-01,8908,11000,580900,52.5,53.0,52.5,52.7,0.2,11,52.286922671345685,52.06310140000224,51.86485925224713,51.247943955485376,48.04543897022543
2020-12-02,8908,26000,1371200,53.0,53.0,52.6,52.7,0.0,15,52.424615114230456,52.17890114545638,51.937480186834335,51.29128891203805,48.0805677327143
2020-12-03,8908,6000,317200,52.7,53.0,52.7,52.8,0.1,6,52.54974340948697,52.291828209918854,52.0124819097183,51.336325063917506,48.11618608944853
2020-12-04,8908,7000,369200,52.7,52.9,52.7,52.7,-0.1,7,52.59982893965798,52.36604126266088,52.07226609148193,51.37703177842743,48.15078091141496
2020-12-07,8908,15000,790900,52.7,52.8,52.7,52.7,0.0,13,52.63321929310532,52.42676103308617,52.12685164874437,51.41652336713109,48.185114640385414
2020-12-08,8908,6000,316700,52.8,52.9,52.6,52.6,-0.1,6,52.622146195403545,52.458259027070504,52.16799498363616,51.451851027813746,48.21843452989194
2020-12-09,8908,16000,847400,53.0,53.1,52.7,52.7,0.1,16,52.64809746360236,52.5022119312395,52.21425628940693,51.48910920608796,48.252257665515394
2020-12-10,8908,8000,422200,52.9,53.0,52.7,52.7,0.0,8,52.665398309068244,52.538173398286865,52.25649487293676,51.52525519993608,48.28582553219075
2020-12-11,8908,6000,317200,52.9,52.9,52.8,52.8,0.1,6,52.71026553937883,52.58577823496198,52.303756188333566,51.56330728352008,48.319894773457236
2020-12-14,8908,14000,736500,52.8,52.8,52.3,52.5,-0.3,12,52.64017702625255,52.57018219224162,52.32082086760891,51.59126826013142,48.35144273743114
2020-12-15,8908,11000,574800,52.5,52.5,52.1,52.1,-0.4,10,52.4601180175017,52.48469452092496,52.30161905303422,51.60645428221705,48.379733735639206
2020-12-16,8908,5000,260800,52.1,52.3,52.1,52.2,0.1,5,52.3734120116678,52.43293188075679,52.29278261363994,51.62417206483744,48.4085659338608
2020-12-17,8908,9000,469100,52.2,52.2,52.1,52.1,-0.1,9,52.282274674445205,52.372398811528285,52.27601890810603,51.638375883797515,48.43642581360525
2020-12-18,8908,11000,573300,52.1,52.2,52.1,52.1,0.0,9,52.22151644963014,52.322871754886776,52.260712916096814,51.65215570816177,48.46407543010634
2020-12-21,8908,17000,904100,53.4,53.5,53.0,53.0,0.9,14,52.481010966420094,52.445985981271,52.3249987494797,51.692389866127094,48.49830882308667
2020-12-22,8908,12000,634400,52.8,53.2,52.8,52.8,-0.2,9,52.58734064428006,52.51035216649446,52.36630320604668,51.72545285519793,48.53077441687469
2020-12-23,8908,10000,524900,52.7,52.7,52.2,52.2,-0.6,7,52.45822709618671,52.4539244998591,52.351842057694796,51.739618441609935,48.55846668542658
2020-12-24,8908,13000,679200,52.2,52.3,52.2,52.3,0.1,8,52.40548473079114,52.425938227157445,52.34733405267786,51.75634624932307,48.58670467270638
2020-12-25,8908,45000,2349800,52.3,52.3,52.0,52.0,-0.3,36,52.27032315386076,52.34849491312882,52.31713109157543,51.763619495611934,48.61246539215765
2020-12-28,8908,50000,2596500,52.2,52.6,51.6,51.7,-0.3,28,52.08021543590717,52.2305867471054,52.26346751839496,51.76172040619068,48.635767540141366
2020-12-29,8908,53000,2729300,51.7,52.0,51.2,51.6,-0.1,41,51.92014362393812,52.11593461126805,52.205774690708445,51.75689293137902,48.658139105876145
2020-12-30,8908,71000,3626100,51.3,51.5,50.8,51.5,-0.1,54,51.78009574929208,52.00394650012841,52.144402978472925,51.74922448566621,48.67958711262425
2020-12-31,8908,13000,667100,51.1,51.6,51.1,51.6,0.1,8,51.720063832861385,51.93050168192324,52.097063589040495,51.74477002340752,48.70162796460444
2021-01-04,8908,57000,2926900,51.5,51.6,51.2,51.3,-0.3,35,51.58004255524092,51.81586501248265,52.02775371173263,51.73149330629088,48.72123831958856
2021-01-05,8908,84000,4288100,51.0,51.3,51.0,51.0,-0.3,45,51.386695036827284,51.66752591930398,51.93838382375588,51.70965768520757,48.73843652095015
2021-01-06,8908,71000,3603300,51.0,51.0,50.4,50.4,-0.6,32,51.057796691218186,51.437066661248714,51.80461131734232,51.67056342594764,48.75097662267883
2021-01-07,8908,57000,2897800,50.5,51.4,50.5,50.6,0.2,14,50.90519779414546,51.28487272283986,51.69986250713864,51.63860630875517,48.764931516092574
2021-01-08,8908,104000,5299400,50.5,52.3,50.5,51.1,0.5,39,50.97013186276364,51.25125950050534,51.64770054999615,51.62252850849382,48.782554674461686
2021-01-11,8908,32000,1631900,50.8,51.3,50.8,51.0,-0.1,16,50.98008790850909,51.20557595495892,51.59137876303996,51.603945567941764,48.79929011088084
2021-01-12,8908,147000,7480800,50.9,51.3,50.7,51.0,0.0,35,50.98672527233939,51.16819850860275,51.539954522775616,51.585917342033056,48.81589924211948
2021-01-13,8908,143000,7281400,50.9,51.0,50.7,50.9,-0.1,22,50.95781684822626,51.11943514340225,51.48430630340383,51.565442197494754,48.83162830444311
2021-01-14,8908,11000,562900,51.0,51.5,51.0,51.0,0.1,11,50.9718778988175,51.09771966278366,51.44219271180349,51.548563325927745,48.847993373843536
2021-01-15,8908,91000,4571800,51.0,51.0,50.0,50.1,-0.9,57,50.681251932545,50.916316087732085,51.32548030208145,51.505322629631394,48.85744248045604
2021-01-18,8908,31000,1552100,50.1,50.2,50.0,50.1,0.0,26,50.48750128836333,50.76789498087171,51.21891679755263,51.46337270038867,48.86682027305637
2021-01-19,8908,3000,151500,50.5,50.5,50.5,50.5,0.4,2,50.49166752557556,50.7191868025314,51.15640229341762,51.43461530634721,48.87914615778802
2021-01-20,8908,7000,353400,50.4,50.6,50.4,50.6,0.1,7,50.527778350383706,50.69751647479841,51.10801948529435,51.4097014166055,48.89213373395566
2021-01-21,8908,13000,660000,50.6,50.8,50.6,50.7,0.1,11,50.58518556692247,50.69796802483506,51.072539530051365,51.3885162996919,48.90577800766165
2021-01-22,8908,33000,1675300,51.0,51.0,50.7,50.7,0.0,13,50.62345704461498,50.69833747486505,51.04014478830777,51.367963574327966,48.91931930571704
2021-01-25,8908,19000,967000,51.0,51.0,50.7,50.9,0.2,17,50.71563802974332,50.735003388525946,51.02795828497666,51.35399451240773,48.934267839258794
2021-01-26,8908,24000,1220100,50.9,51.0,50.6,50.6,-0.3,22,50.677092019828876,50.71045731788487,50.99074452106565,51.33148721352989,48.94683940273609
2021-01-27,8908,6000,306000,51.0,51.0,51.0,51.0,0.4,5,50.78472801321925,50.7631014419058,50.99154934532081,51.32159207282751,48.96233495441355
2021-01-28,8908,3000,153500,52.0,52.0,50.7,50.8,-0.2,3,50.7898186754795,50.769810270650204,50.97489288051031,51.30602216020579,48.976204124568916
2021-01-29,8908,10000,508900,51.2,51.2,50.7,51.0,0.2,9,50.859879116986335,50.8116629487138,50.977076108292025,51.2968871703489,48.99147805570424
2021-02-01,8908,17000,862800,50.8,51.0,50.6,50.7,-0.3,14,50.80658607799089,50.7913605944022,50.95298253365794,51.279069642875804,49.00437256094421
2021-02-02,8908,10000,509400,51.0,51.0,50.6,50.8,0.1,9,50.80439071866059,50.792931395419984,50.939679704644206,51.2647690565213,49.017924466144635
2021-02-03,8908,3000,152600,50.8,51.0,50.8,51.0,0.2,3,50.86959381244039,50.83058023261635,50.944924947718626,51.256865502595296,49.0328835267775
2021-02-04,8908,17000,863200,50.8,50.9,50.7,50.7,-0.3,13,50.81306254162693,50.806838372140646,50.92362712617788,51.24024265177156,49.04546553789616
2021-02-05,8908,13000,660800,50.8,51.0,50.7,51.0,0.3,10,50.87537502775128,50.841958668115076,50.93026824564067,51.23307122933062,49.06021674138374
2021-02-17,8908,22000,1119300,51.0,51.0,50.8,50.8,-0.2,19,50.85025001850085,50.83432981936688,50.9189405721067,51.220143729947615,49.07334718107141
2021-02-18,8908,56000,2843600,50.8,51.1,50.6,51.0,0.2,31,50.90016667900057,50.864451670391084,50.925989218010464,51.21357227532231,49.08788795706332
2021-02-19,8908,1000,51000,51.0,51.0,51.0,51.0,0.0,1,50.93344445266705,50.88909682122907,50.932424938183466,51.20719698352165,49.10231899134964
2021-02-22,8908,15000,763300,51.0,51.0,50.8,50.9,-0.1,12,50.92229630177803,50.89107921736924,50.92960537834143,51.198026924312046,49.11588639518851
2021-02-23,8908,10000,510600,51.4,51.4,50.9,51.0,0.1,9,50.94819753451869,50.91088299602938,50.93572664979,51.192115672840046,49.13010612050784
2021-02-24,8908,80000,4048100,51.0,51.0,50.5,50.5,-0.5,52,50.79879835634579,50.83617699675131,50.897837375895215,51.17145550350154,49.14044494223985
2021-02-25,8908,35000,1764700,50.5,50.7,50.0,50.5,0.0,26,50.69919890423053,50.775053906432895,50.86324282146954,51.151412055635824,49.15070573512861
2021-02-26,8908,17000,860800,50.6,50.8,50.5,50.6,0.1,10,50.666132602820355,50.743225923445095,50.840352141341754,51.13495199427356,49.161643805052165
2021-03-02,8908,21000,1062900,50.6,50.8,50.5,50.8,0.2,20,50.7107550685469,50.753548482818715,50.836843259485946,51.12495342728032,49.174008757466865
2021-03-03,8908,3000,153300,51.0,51.3,51.0,51.0,0.2,3,50.80717004569794,50.79835784957895,50.85103080213934,51.12122347422717,49.18778982344825
2021-03-04,8908,32000,1628700,51.0,51.1,50.7,51.1,0.1,18,50.90478003046529,50.85320187692823,50.872680297605484,51.12058993768308,49.20222159836562
2021-03-05,8908,34000,1722000,50.8,50.8,50.6,50.7,-0.4,24,50.836520020310196,50.82534699021401,50.857664619552835,51.10803501417015,49.21352558630248
2021-03-08,8908,32000,1633400,50.7,51.5,50.7,50.9,0.2,22,50.85768001354013,50.83892026472055,50.86134595698302,51.10182501374716,49.226253695085106
2021-03-09,8908,17000,866200,51.0,51.0,50.8,50.8,-0.1,14,50.83845334236009,50.83184385295318,50.85601152594102,51.09281531184426,49.23813102568824
2021-03-10,8908,14000,712800,50.7,51.2,50.7,51.0,0.2,13,50.89230222824006,50.86241769787078,50.86853226281571,51.090044705520555,49.25142815002267
2021-03-11,8908,27000,1376000,50.8,51.1,50.8,51.0,0.0,23,50.928201485493375,50.88743266189427,50.87996423996217,51.08735680386322,49.26462491870174
2021-03-12,8908,10000,510000,51.0,51.0,51.0,51.0,0.0,9,50.95213432366225,50.90789945064077,50.89040213213937,51.08474913807626,49.277722089126634
2021-03-15,8908,30000,1529700,51.0,51.0,50.9,51.0,0.0,29,50.968089549108164,50.92464500506972,50.89993238151855,51.08221931305906,49.29072041298228
2021-03-16,8908,21000,1070300,51.0,51.0,50.9,50.9,-0.1,21,50.94539303273878,50.920164095057046,50.8999382613865,51.07677993057969,49.3028659192994
2021-03-17,8908,30000,1523900,50.9,50.9,50.7,50.8,-0.1,29,50.896928688492515,50.89831607777395,50.89124797778768,51.0685178430997,49.31416504443676
2021-03-18,8908,104000,5438600,51.3,53.0,51.3,52.8,2.0,89,51.53128579232834,51.24407679090596,51.05722641450179,51.12020387763403,49.34047323278064
2021-03-19,8908,65000,3482800,53.0,53.8,53.0,53.5,0.7,44,52.18752386155223,51.654244647104875,51.26964150889294,51.19124256785391,49.37186588762758
2021-03-22,8908,51000,2743800,54.0,54.1,53.5,54.0,0.5,37,52.79168257436815,52.080745620358535,51.50706398638051,51.27508607329111,49.40679520168322
2021-03-23,8908,35000,1887500,54.0,54.0,53.6,53.8,-0.2,27,53.1277883829121,52.39333732574789,51.70644972669525,51.35045663826749,49.439951464312024
2021-03-24,8908,30000,1640500,54.8,56.0,54.3,54.5,0.7,28,53.585192255274734,52.77636690288464,51.94936714176522,51.444472858020696,49.47814050986439
2021-03-25,8908,49000,2656700,54.6,54.6,54.0,54.4,-0.1,46,53.85679483684982,53.071572920541975,52.162465651176944,51.53269754882605,49.5152866192239
2021-03-26,8908,36000,1972700,54.8,54.9,54.5,54.9,0.5,28,54.204529891233214,53.40401420771616,52.40051211629199,51.63321403990587,49.555925965493905
2021-03-29,8908,86000,4756900,55.0,55.5,55.0,55.4,0.5,46,54.60301992748881,53.76692071540413,52.6613371496579,51.74565541184898,49.60003218462225
2021-03-30,8908,29000,1619200,56.4,56.4,55.4,55.9,0.5,24,55.035346618325875,54.15475331260338,52.94296000620939,51.86966569806244,49.64757911153076
2021-03-31,8908,39000,2179700,55.9,56.0,55.6,56.0,0.1,34,55.35689774555058,54.49025271031186,53.208789570886836,51.99295925931431,49.69552191068902
2021-04-01,8908,42000,2367200,56.0,56.9,56.0,56.6,0.6,40,55.77126516370039,54.873843126618794,53.50367743428798,52.13048286351388,49.74763117928759
2021-04-06,8908,111000,6318000,56.6,57.0,56.6,56.9,0.3,75,56.14751010913359,55.242235285415376,53.799009831306414,52.27285650937914,49.801611321330704
2021-04-07,8908,64000,3574200,56.5,56.5,55.0,56.0,0.0,46,56.098340072755725,55.380010688067124,53.99040028075803,52.38411452402454,49.84839161324519
2021-04-08,8908,28000,1555400,56.0,56.0,55.2,55.8,-0.2,27,55.99889338183715,55.456372381145826,54.14775677808342,52.48608125465067,49.89330941239051
2021-04-09,8908,36000,1996400,55.8,55.8,55.1,55.4,-0.4,34,55.7992622545581,55.44612285730113,54.25664749303269,52.57306390376558,49.9348693413536
2021-04-12,8908,37000,2055100,55.3,55.9,55.3,55.6,0.2,25,55.732841503038735,55.47410051961001,54.37346075450811,52.66342020514571,49.97762504443772
2021-04-13,8908,20000,1113200,55.8,55.9,55.6,55.6,0.0,16,55.68856100202582,55.49699133422637,54.48011634107262,52.75107930349957,50.02005806297027
2021-04-14,8908,59000,3260700,55.5,55.6,54.7,54.9,-0.7,36,55.42570733468388,55.38844745527612,54.51662796358805,52.815226189962274,50.05688781343842
2021-04-15,8908,22000,1213700,54.8,55.5,54.8,55.3,0.4,17,55.38380488978925,55.37236609977137,54.58474727110213,52.889398542500714,50.096458471450205
2021-04-16,8908,34000,1881200,55.3,55.5,55.2,55.2,-0.1,29,55.32253659319284,55.34102680890385,54.6382475083976,52.958371720336515,50.1349757660053
2021-04-19,8908,43000,2363800,55.0,55.1,54.8,55.0,-0.2,33,55.21502439546189,55.2790219345577,54.66970424679781,53.019315848087665,50.17169293003545
2021-04-20,8908,30000,1638500,54.6,55.0,54.5,54.7,-0.3,25,55.04334959697459,55.17374521918357,54.672338660119735,53.06948552426415,50.20586883245028
2021-04-21,8908,5000,273600,54.8,54.8,54.6,54.6,-0.1,5,54.89556639798306,55.069427906604744,54.66604834184845,53.11517252353985,50.239032086544995
2021-04-22,8908,50000,2715200,54.5,54.6,54.1,54.2,-0.4,41,54.66371093198871,54.91135010540388,54.625522399079024,53.14755543328493,50.26892618400503
2021-04-23,8908,56000,3042900,52.5,54.6,52.5,54.3,0.1,43,54.54247395465914,54.800195540785,54.59721610350694,53.18195676363463,50.29934938261631
2021-04-26,8908,41000,2221800,54.6,54.6,52.6,54.2,-0.1,32,54.42831596977276,54.69106907882409,54.562675572767205,53.212346113973894,50.328788255200344
2021-04-27,8908,24000,1302100,54.3,54.4,54.1,54.2,0.0,21,54.352210646515175,54.601783791765165,54.53113856643962,53.24182831952691,50.35800494761393
2021-04-28,8908,30000,1629100,54.4,54.5,54.2,54.2,0.0,25,54.30147376434345,54.52873219326241,54.50234390848835,53.270430459242526,50.38700113668854
2021-04-29,8908,48000,2611800,54.1,54.6,54.0,54.5,0.3,33,54.367649176228966,54.52350815812379,54.50214009035893,53.30713402762335,50.41804263754372
2021-05-03,8908,54000,2935100,54.4,54.5,54.0,54.4,-0.1,36,54.37843278415264,54.50105212937401,54.493258343371195,53.33975689247041,50.44809514593962
2021-05-04,8908,69000,3726100,54.4,54.4,53.6,53.8,-0.6,54,54.18562185610176,54.37358810585146,54.432975009165006,53.353495492695174,50.473392541064605
2021-05-05,8908,73000,3927700,53.8,54.0,53.7,53.7,-0.1,42,54.02374790406784,54.251117541151196,54.36923805184631,53.363838910823674,50.49774429547166
2021-05-06,8908,34000,1822000,53.7,53.9,53.2,53.6,-0.1,25,53.88249860271189,54.13273253366916,54.30234778646837,53.37088849557521,50.521157546071876
2021-05-07,8908,25000,1336300,53.6,53.8,53.1,53.5,-0.1,23,53.754999068474596,54.017690254820224,54.232578413731986,53.374742570334156,50.543639375912846
2021-05-10,8908,39000,2083300,53.5,53.5,53.3,53.5,0.0,20,53.669999378983064,53.92356475394382,54.16887594297268,53.37848159808537,50.565951531566334
2021-05-11,8908,42000,2237000,53.5,53.6,53.1,53.1,-0.4,35,53.47999958598871,53.77382570777222,54.07593020880115,53.370168714560435,50.58507642566772
2021-05-12,8908,131000,6900200,53.1,53.4,52.0,52.5,-0.6,95,53.1533330573258,53.54222103363181,53.93889279934018,53.34419352905117,50.599528679058906
2021-05-13,8908,54000,2811700,52.0,52.6,51.9,52.6,0.1,46,52.96888870488387,53.37090811842603,53.82246733852799,53.32197879684068,50.61462657582073
2021-05-14,8908,28000,1470000,54.0,54.0,52.1,52.8,0.2,26,52.91259246992258,53.26710664234857,53.73355713517773,53.306397340218574,50.63111996015416
2021-05-17,8908,68000,3488300,52.0,52.2,50.5,52.2,-0.6,49,52.675061646615056,53.07308725283065,53.60020434081445,53.273370553943394,50.64296056422847
2021-05-18,8908,21000,1097600,52.1,52.5,52.1,52.3,0.1,17,52.55004109774337,52.93252593413417,53.487143093787104,53.24431471651225,50.65546652223429
2021-05-19,8908,13000,679300,52.5,52.5,52.1,52.4,0.1,13,52.500027398495575,52.83570303701887,53.39260891171866,53.21911129213875,50.668632812632524
2021-05-20,8908,7000,365100,52.0,52.3,52.0,52.3,-0.1,6,52.43335159899705,52.73830248483362,53.29759944113443,53.191675134164456,50.6809450178202
2021-05-21,8908,73000,3812400,51.7,52.5,51.7,52.5,0.2,19,52.4555677326647,52.694974760318416,53.22824296799231,53.17102811523417,50.69467373466684
2021-05-24,8908,9000,471600,52.5,52.5,52.2,52.2,-0.3,9,52.37037848844313,52.60497934935143,53.13883053599298,53.142042201346584,50.70603468761276
2021-05-25,8908,13000,689300,53.1,53.1,53.0,53.0,0.8,13,52.580252325628756,52.67680128583299,53.126758315471854,53.13780213563474,50.72334763336662
2021-05-26,8908,26000,1359200,52.2,52.5,52.2,52.5,-0.5,20,52.55350155041917,52.644655597499714,53.072257592387345,53.1187632659143,50.73675633047329
2021-05-27,8908,8000,420300,52.5,52.8,52.5,52.5,0.0,8,52.53566770027945,52.61835457977249,53.02249606261453,53.10029272066313,50.750063829865944
2021-05-28,8908,18000,947200,53.2,53.2,52.5,52.8,0.3,10,52.62377846685296,52.651381019813854,53.00314857890892,53.091328758852285,50.76553504624432
2021-05-31,8908,11000,581000,52.8,52.9,52.8,52.9,0.1,8,52.71585231123531,52.69658447075679,52.994179137264666,53.08561745261789,50.78164421570662
2021-06-01,8908,13000,690000,53.0,53.2,53.0,53.0,0.1,9,52.810568207490206,52.75175093061919,52.99468529924165,53.083061707763626,50.79838652351261
2021-06-02,8908,25000,1324200,53.1,53.4,52.9,53.4,0.4,16,53.007045471660135,52.86961439777934,53.02993005582933,53.092522552308,50.81802134220308
2021-06-03,8908,7000,373400,53.5,53.5,53.1,53.5,0.1,5,53.171363647773425,52.98422996181946,53.07080570314852,53.10468605820925,50.838262690563816
2021-06-04,8908,9000,492800,56.8,56.8,53.2,53.2,-0.3,8,53.18090909851562,53.02346087785229,53.08203998983126,53.107531250501516,50.85608712308786
2021-06-07,8908,8000,422900,53.0,53.0,52.7,52.8,-0.4,8,53.05393939901041,52.98283162733369,53.05751477332419,53.09835121317311,50.87075816366833
2021-06-08,8908,14000,742400,52.9,53.2,52.9,53.0,0.2,13,53.03595959934027,52.98595314963666,53.05251348868731,53.09541535606346,50.88682791337649
2021-06-09,8908,23000,1210700,53.0,53.0,52.3,52.3,-0.7,20,52.79063973289352,52.86123439515726,52.98707753314928,53.07167161409142,50.89749336308686
2021-06-10,8908,17000,891300,53.0,53.0,52.3,52.5,0.2,16,52.693759821929014,52.79555541421958,52.944722965049344,53.054606789790185,50.90958775279941
2021-06-11,8908,12000,629400,52.5,52.7,52.4,52.7,0.2,8,52.69583988128601,52.77818170254329,52.92344270721897,53.04402151248301,50.9231002980613
2021-06-15,8908,13000,686000,52.8,52.8,52.7,52.7,0.0,11,52.69722658752401,52.76396684753542,52.904012906591234,53.033752213602924,50.93651086184952
2021-06-16,8908,11000,579600,52.7,53.0,52.6,52.6,-0.1,8,52.66481772501601,52.73415469343807,52.877577001670254,53.02080438633119,50.94906549685443
2021-06-17,8908,15000,791300,52.6,52.8,52.6,52.7,0.1,13,52.676545150010675,52.72794474917661,52.86213552326414,53.01122813599295,50.96228009687817
2021-06-18,8908,11000,581600,52.9,53.0,52.8,52.9,0.2,9,52.751030100007114,52.759227522053585,52.865428086458564,53.00790789312749,50.9769043980338
2021-06-21,8908,8000,420900,52.5,52.8,52.5,52.6,-0.3,7,52.700686733338074,52.73027706349839,52.842347383288256,52.99573153810876,50.98915417616185
2021-06-22,8908,20000,1050900,52.5,52.8,52.5,52.5,-0.1,17,52.63379115555872,52.68840850649868,52.81257804561102,52.9809335817473,51.000556786153076
2021-06-23,8908,2000,106000,53.0,53.0,53.0,53.0,0.5,1,52.75586077037248,52.7450615053171,52.82887560686223,52.98150272856081,51.015646923616075
2021-06-24,8908,15000,788600,52.6,52.7,52.5,52.6,-0.4,15,52.70390718024832,52.71868668616854,52.808973380178564,52.970114587409746,51.02760430532463
2021-06-25,8908,2000,105800,52.8,53.0,52.8,53.0,0.4,2,52.80260478683221,52.769834561410626,52.82558439059782,52.97100668927811,51.042490310567466
2021-06-28,8908,13000,688300,52.9,53.0,52.9,53.0,0.0,12,52.868403191221475,52.81168282297233,52.84075096532844,52.97187216123996,51.05726396860092
2021-06-29,8908,40000,2118400,52.8,53.0,52.8,53.0,0.0,13,52.91226879414765,52.84592230970463,52.85459870747379,52.97271179821787,51.07192612732846
2021-06-30,8908,16000,848100,53.0,53.1,52.8,53.1,0.1,14,52.9748458627651,52.8921182533947,52.87593795030216,52.97651144603226,51.087232345235414
2021-07-01,8908,1000,53100,53.1,53.1,53.1,53.1,0.0,1,53.016563908510065,52.929914934595665,52.895421606797626,52.98019767152384,51.102423044516655
2021-07-02,8908,9000,480600,53.3,53.5,53.1,53.4,0.3,6,53.14437593900671,53.01538494648736,52.93929798881523,52.99272908431417,51.11976324795427
2021-07-05,8908,26000,1385300,53.4,53.9,53.2,53.9,0.5,13,53.39625062600447,53.17622404712602,53.02283729413564,53.01981179821524,51.14074616683763
2021-07-06,8908,7000,373600,53.1,53.6,53.1,53.6,-0.3,7,53.46416708400298,53.253274220375836,53.07302535551515,53.03713084901478,51.15930657312565
2021-07-07,8908,15000,798800,53.1,53.5,53.1,53.3,-0.3,14,53.40944472266865,53.26176981667114,53.092762281122525,53.044977689342694,51.175462749932244
2021-07-08,8908,15000,795900,53.1,53.1,53.0,53.0,-0.3,15,53.27296314844577,53.214175304549116,53.08469599580752,53.04363507175037,51.189232842385586
2021-07-09,8908,26000,1375300,53.3,53.3,52.7,52.8,-0.2,20,53.11530876563051,53.138870703722006,53.05993982225904,53.03636238304141,51.2013895756506
2021-07-12,8908,22000,1169200,52.9,53.3,52.9,52.9,0.1,21,53.043539177087005,53.09543966668164,53.046032011627815,53.032291864144646,51.21420927696644
2021-07-13,8908,8000,425100,53.1,53.2,53.1,53.2,0.3,8,53.09569278472467,53.11445063637589,53.05942053235583,53.037298077155256,51.22919637676292
2021-07-14,8908,31000,1652800,53.2,53.5,53.2,53.3,0.1,25,53.16379518981645,53.14818688430755,53.08034048606402,53.045139925598384,51.24482508335339
2021-07-15,8908,19000,1016200,53.3,53.6,53.3,53.6,0.3,19,53.309196793210965,53.23033472352436,53.12552826988454,53.061702912893956,51.262599988384686
2021-07-16,8908,19000,1012900,53.2,53.5,53.1,53.5,-0.1,18,53.372797862140644,53.27936477379266,53.158091029025016,53.07478640803145,51.2794860262082
2021-07-19,8908,46000,2458500,53.3,53.7,53.2,53.7,0.2,27,53.481865241427094,53.355843905830355,53.20521354824023,53.093449500329015,51.297754056199075
2021-07-20,8908,23000,1233900,53.7,53.7,53.5,53.5,-0.2,14,53.487910160951394,53.38205410477029,53.23084715274108,53.10558533614009,51.31437478030323
2021-07-21,8908,12000,647200,53.8,54.3,53.8,54.3,0.8,12,53.75860677396759,53.54895335844842,53.3238169655462,53.141239505210535,51.336907800829245
2021-07-22,8908,8000,432100,53.7,54.3,53.7,54.3,0.0,7,53.93907118264506,53.68550729327598,53.408702446803055,53.17582937072664,51.35927076082299
2021-07-23,8908,14000,756500,54.0,54.1,54.0,54.1,-0.2,14,53.99271412176337,53.76086960358944,53.46881527751583,53.203416553690026,51.37995550979791
2021-07-26,8908,4000,215400,53.7,54.0,53.7,54.0,-0.1,4,53.995142747842245,53.80434785748227,53.51500525338402,53.227195164027634,51.39972943047868
2021-07-27,8908,12000,645600,53.8,54.0,53.7,54.0,0.0,10,53.99676183189483,53.83992097430367,53.55717870961149,53.25026396510144,51.419354114022234
2021-07-28,8908,26000,1393800,54.1,54.1,53.0,53.8,-0.2,12,53.93117455459655,53.832662615339366,53.578293604427884,53.26667399599393,51.43732125278433
2021-07-29,8908,11000,594200,53.8,54.1,53.8,54.1,0.3,8,53.98744970306437,53.88126941255039,53.623659377955896,53.29154939909859,51.45741694144256
2021-07-30,8908,17000,918100,53.9,54.2,53.8,54.1,0.0,15,54.02496646870958,53.921038610268496,53.66508030161191,53.315682252856845,51.477360964526014
2021-08-02,8908,28000,1513500,54.2,54.2,53.9,54.1,0.0,19,54.049977645806386,53.95357704476513,53.70289940581957,53.33909472292082,51.497154466680534
2021-08-03,8908,24000,1303800,54.3,54.6,54.2,54.5,0.4,21,54.199985097204255,54.052926672989656,53.77221250096569,53.373748611788855,51.51981745183766
2021-08-04,8908,10000,551500,54.6,55.8,54.6,55.8,1.3,9,54.73332339813617,54.370576368809715,53.948541848707805,53.44617402636232,51.55212071635209
2021-08-05,8908,46000,2614300,56.4,58.0,56.2,58.0,2.2,35,55.822215598757445,55.03047157448068,54.30084255751582,53.582109130053,51.60078395622868
2021-08-06,8908,22000,1266200,58.0,58.1,57.2,57.5,-0.5,22,56.3814770658383,55.479476742756916,54.5790301612101,53.69906109632007,51.64530634146469
2021-08-09,8908,27000,1561400,57.4,58.0,57.4,57.5,0.0,21,56.7543180438922,55.8468446077102,54.833027538496175,53.81252195911649,51.68949270869892
2021-08-10,8908,8000,459900,57.5,57.6,57.3,57.5,0.0,8,57.00287869592813,56.14741831539926,55.064938187322596,53.922595930486146,51.73334559391629
2021-08-11,8908,13000,744500,57.5,58.0,56.9,56.9,-0.6,11,56.96858579728542,56.284251348963025,55.22450877972933,54.01147366390447,51.772339212075416
2021-08-12,8908,8000,454400,56.6,57.0,56.1,56.1,-0.8,6,56.67905719819028,56.25075110369702,55.30063845105721,54.07381773363866,51.80500080292768
2021-08-13,8908,5000,284300,56.8,56.9,56.8,56.9,0.8,5,56.752704798793516,56.36879635757029,55.439713368356585,54.15818138338079,51.843453627056526
2021-08-16,8908,4000,225800,56.5,56.5,56.4,56.4,-0.5,4,56.63513653252901,56.374469747102964,55.523216553716885,54.22510134208584,51.87784265628629
2021-08-17,8908,4000,225800,56.7,56.7,56.0,56.0,-0.4,4,56.42342435501934,56.30638433853879,55.56467598382846,54.27808339157582,51.90895327774828
2021-08-18,8908,10000,568000,56.2,57.2,56.2,57.2,1.2,10,56.68228290334623,56.468859913349924,55.7068780721912,54.365304782872066,51.948885705840745
2021-08-19,8908,15000,855900,57.5,57.5,56.6,57.0,-0.2,14,56.78818860223082,56.56543083819539,55.819323457218054,54.44395240129379,51.987007323155154
2021-08-20,8908,1000,57100,57.1,57.1,57.1,57.1,0.1,1,56.892125734820546,56.66262523125077,55.93068663485127,54.52323740424025,52.02559594713134
2021-08-23,8908,20000,1149500,57.2,57.9,57.1,57.5,0.4,19,57.09475048988036,56.814875189205175,56.06714866660333,54.6120959891883,52.06691220413413
2021-08-24,8908,20000,1158700,57.9,58.0,57.6,58.0,0.5,15,57.39650032658691,57.030352427531504,56.235222695594345,54.7132274521976,52.111690225235
2021-08-25,8908,38000,2191800,57.7,58.0,57.5,57.9,-0.1,29,57.56433355105794,57.18847016798032,56.37998593945571,54.80835499093797,52.155375582025684
2021-08-26,8908,38000,2210900,58.0,58.7,57.9,58.1,0.2,33,57.742889034038626,57.35420286471117,56.52955237950304,54.906613050909975,52.20024067197266
2021-08-27,8908,39000,2292700,58.6,59.0,58.6,58.6,0.5,34,58.02859268935909,57.580711434763685,56.70959130302451,55.01686340759923,52.24854074237287
2021-08-30,8908,40000,2360600,59.0,59.2,58.8,59.2,0.6,35,58.41906179290606,57.87512753753393,56.92614858102238,55.14173315662612,52.301004585826654
2021-08-31,8908,60000,3590000,59.5,60.2,59.5,60.2,1.0,48,59.01270786193737,58.29783162161867,57.21083131310739,55.29272619672683,52.36061964555626
2021-09-01,8908,89000,5467100,60.2,62.1,60.2,61.8,1.6,72,59.94180524129158,58.93458950859709,57.609889459793706,55.486973175929016,52.431860252004896
2021-09-02,8908,187000,10624300,56.1,57.5,56.0,56.5,0.0,135,58.79453682752772,58.49193687067035,57.51337733285512,55.517212782617705,52.4625631934992
2021-09-03,8908,44000,2498700,58.0,58.0,56.0,56.0,-0.5,36,57.86302455168515,58.03885743963938,57.381779303911195,55.531624341345534,52.48926082977468
2021-09-06,8908,92000,5109300,56.1,56.2,54.5,55.4,-0.6,70,57.0420163677901,57.559065177886765,57.209450668788485,55.52769525652925,52.51122867256883
2021-09-07,8908,100000,5423200,55.0,55.0,53.9,54.6,-0.8,71,56.22801091186007,57.0210533273619,56.98254191498079,55.50000286081196,52.52699298447398
2021-09-08,8908,17000,927800,54.6,54.9,54.2,54.3,-0.3,16,55.58534060790671,56.52631635875064,56.74927740063464,55.4641818798922,52.540374169496815
2021-09-09,8908,16000,868300,55.0,55.0,54.0,54.1,-0.2,16,55.090227071937804,56.085167929886886,56.518905452753366,55.42346003273124,52.552144930481745
2021-09-10,8908,45000,2422300,54.0,54.1,53.6,53.6,-0.5,40,54.593484714625205,55.633319215362,56.26508758729655,55.36902838996315,52.560053270629055
2021-09-13,8908,37000,1992000,53.7,54.0,53.6,53.9,0.3,27,54.36232314308347,55.31817026711436,56.05942779709685,55.3251767962329,52.57016607613374
2021-09-14,8908,27000,1482600,55.7,55.7,54.5,54.7,0.8,22,54.474882095388985,55.20577567309357,55.94121668430582,55.306514802315505,52.58624029442707
2021-09-15,8908,21000,1135100,54.1,54.1,54.0,54.0,-0.7,20,54.316588063592654,54.9865437325311,55.772415233496616,55.26751436045534,52.59691017899743
2021-09-16,8908,17000,921800,54.0,55.1,54.0,54.1,0.1,16,54.244392042395106,54.825353962979996,55.626987821888214,55.23266318551637,52.608254253118204
2021-09-17,8908,24000,1313400,54.1,55.1,54.0,54.8,0.7,20,54.42959469493007,54.820744151529084,55.555075837376194,55.21974786654573,52.62479573045316
2021-09-22,8908,37000,2022600,54.8,55.1,54.0,55.1,0.3,31,54.65306312995338,54.87151794216016,55.51550402543044,55.21617330336526,52.64347651739313
2021-09-23,8908,30000,1669100,55.7,55.7,55.4,55.7,0.6,22,55.00204208663559,55.02215104358559,55.531547153653875,55.230615891324504,52.66654461914866
2021-09-24,8908,20000,1114700,55.7,55.8,55.7,55.7,0.0,14,55.234694724423726,55.14539630838821,55.54619522724919,55.24462735725512,52.68943862202301
2021-09-27,8908,57000,3224100,55.7,57.0,55.7,57.0,1.3,44,55.82312981628248,55.482596979590355,55.67261303357535,55.297026540620635,52.72197116072473
2021-09-28,8908,88000,5117100,57.5,58.6,57.5,58.6,1.6,62,56.748753210854986,56.04939752875575,55.927168421960104,55.39562276328868,52.766333642530576
2021-09-29,8908,117000,6908200,59.2,61.0,55.9,58.6,0.0,100,57.365835473903324,56.51314343261834,56.15958855918097,55.491275815130805,52.81036131315299
2021-09-30,8908,24000,1392700,58.1,58.6,57.5,57.9,-0.7,24,57.54389031593555,56.76529917214228,56.31092868446958,55.563178029604515,52.84877368060089
2021-10-01,8908,42000,2389200,57.4,57.9,56.5,56.5,-1.4,39,57.19592687729037,56.7170629590255,56.327369668428744,55.591142864541695,52.87633010565296
2021-10-04,8908,18000,1024900,57.9,57.9,56.5,56.5,0.0,17,56.963951251526915,56.677596966475406,56.34238100160886,55.61827292828672,52.90367855768577
2021-10-05,8908,6000,339600,56.5,56.7,56.5,56.7,0.2,5,56.875967501017946,56.68167024529806,56.37347830581678,55.65056328863637,52.93233004026928
2021-10-06,8908,24000,1375900,56.9,59.0,56.9,56.9,0.2,19,56.883978334011964,56.72136656433477,56.419262800963146,55.68785990688603,52.96227471921064
2021-10-07,8908,13000,740900,57.0,57.1,56.9,57.1,0.2,11,56.955985556007974,56.790209007182995,56.47845734000983,55.73001334250137,52.99350283453735
2021-10-08,8908,5000,281600,56.0,56.7,56.0,56.7,-0.4,5,56.87065703733865,56.77380736951336,56.497721919139416,55.75896816809835,53.021476398050275
2021-10-12,8908,8000,454400,56.1,57.0,56.1,56.9,0.2,7,56.880438024892435,56.79675148414729,56.53270262182294,55.79302881979691,53.05074827429141
2021-10-13,8908,2000,114100,57.0,57.1,57.0,57.1,0.2,2,56.95362534992829,56.8518875779387,56.582032828620946,55.8320428848776,53.08130866467411
2021-10-14,8908,16000,909300,57.0,57.1,56.4,56.8,-0.3,13,56.90241689995219,56.842453472858935,56.600986495697384,55.86093712712006,53.109374259657706
2021-10-15,8908,6000,341000,56.7,57.0,56.7,57.0,0.2,5,56.93494459996813,56.87109829597549,56.63568332215848,55.894939003922445,53.138737472792364
2021-10-18,8908,7000,399200,57.1,57.1,57.0,57.0,0.0,7,56.956629733312084,56.894534969434496,56.66736303327513,55.92792589932775,53.16787907677129
2021-10-19,8908,34000,1922400,57.1,57.1,56.1,56.3,-0.7,31,56.73775315554139,56.786437702264585,56.63541842168599,55.939032588900055,53.19151772524849
2021-10-20,8908,13000,732700,56.0,56.5,56.0,56.3,0.0,11,56.59183543702759,56.697994483671025,56.606251602408946,55.94980773550005,53.21497796883152
2021-10-21,8908,20000,1126800,56.7,56.7,56.2,56.7,0.4,9,56.627890291351726,56.69835912300356,56.61440363698208,55.97220153444035,53.24128002189694
2021-10-22,8908,35000,1980900,56.5,57.1,56.4,56.5,-0.2,24,56.585260194234486,56.66229382791201,56.604455494635815,55.98795671251676,53.26587413493923
2021-10-25,8908,6000,339000,56.7,56.7,56.4,56.4,-0.1,6,56.523506796156326,56.614604041018914,56.58667675597183,56.000256512143125,53.2895279150529
2021-10-26,8908,26000,1468700,56.4,56.6,56.4,56.4,0.0,10,56.48233786410422,56.575585124470024,56.57044399458297,56.01218915357169,53.31300317607137
2021-10-27,8908,24000,1353500,56.4,56.5,56.3,56.4,0.0,19,56.45489190940281,56.543660556384566,56.55562277766271,56.02376559674865,53.33630126530856
2021-10-28,8908,42000,2387000,56.8,57.5,56.5,56.6,0.2,28,56.503261272935205,56.55390409158737,56.55948166656161,56.04096662371138,53.36093295387227
2021-10-29,8908,88000,4988400,56.5,58.5,56.5,56.7,0.1,36,56.56884084862347,56.58046698402603,56.57170065207799,56.06063926180954,53.38613345988078
2021-11-01,8908,23000,1307500,56.8,57.0,56.7,57.0,0.3,20,56.71256056574898,56.65674571420312,56.60894407363643,56.088679880860006,53.413407924334514
2021-11-02,8908,16000,910400,57.0,57.0,56.8,56.8,-0.2,14,56.741707043832655,56.68279194798437,56.62555763245065,56.10991331725224,53.43896710981124
2021-11-03,8908,52000,2899100,56.8,56.8,55.0,56.5,-0.3,41,56.66113802922177,56.64955704835085,56.614639577454945,56.12155769584173,53.46206924483153
2021-11-04,8908,9000,511900,57.0,57.0,56.6,56.7,0.2,9,56.67409201948118,56.65872849410524,56.622062222893646,56.138824630294216,53.48650645807809
2021-11-05,8908,8000,453900,57.0,57.0,56.7,56.7,0.0,8,56.682728012987454,56.66623240426792,56.62883942090289,56.15557613386753,53.51075923952656
2021-11-08,8908,8000,454800,57.0,57.0,56.7,56.7,0.0,8,56.68848534199164,56.6723719671283,56.63502729734612,56.171827592558046,53.534828981115034
2021-11-09,8908,14000,794700,56.8,57.0,56.6,56.7,0.0,14,56.69232356132776,56.677395245832244,56.64067709757689,56.1875939330787,53.55871706427643
2021-11-10,8908,29000,1643700,56.7,56.9,56.6,56.7,0.0,21,56.69488237421851,56.68150520113547,56.64583561083107,56.20288963656889,53.58242486001774
2021-11-11,8908,10000,567900,56.7,56.9,56.7,56.9,0.2,10,56.76325491614567,56.72123152820175,56.66793686206315,56.22369890114892,53.607463162961004
2021-11-12,8908,76000,4300700,56.8,56.8,56.3,56.4,-0.5,25,56.64216994409711,56.66282579580143,56.64463800449244,56.22896162051761,53.62853891267451
2021-11-15,8908,47000,2663400,56.5,56.9,56.5,56.7,0.3,40,56.66144662939808,56.66958474201935,56.649452091058315,56.243022467666336,53.651719751069415
2021-11-16,8908,23000,1310100,56.8,57.2,56.8,57.0,0.3,21,56.77429775293205,56.72966024347038,56.67993451792281,56.265618811915104,53.67698979068398
2021-11-17,8908,38000,2175900,57.5,57.5,57.0,57.0,0.0,24,56.84953183528803,56.778812926475766,56.707766298973,56.2875406384251,53.702069113018446
2021-11-18,8908,32000,1826400,57.0,57.5,57.0,57.2,0.2,20,56.96635455685869,56.85539239438926,56.75056922949709,56.31477823130793,53.72846859141076
2021-11-19,8908,6000,341800,57.0,57.0,56.8,56.8,-0.4,6,56.91090303790579,56.84532104995485,56.75486755736691,56.32926246320919,53.75164996053219
2021-11-22,8908,23000,1309600,57.5,57.5,56.6,56.9,0.1,18,56.90726869193719,56.855262677235785,56.76748776976979,56.34629940460593,53.775411092905536
2021-11-23,8908,14000,797700,57.0,57.0,56.8,56.9,0.0,8,56.90484579462479,56.86339673592019,56.7790105723985,56.36282778058784,53.798992895977946
2021-11-24,8908,13000,741000,57.0,57.0,57.0,57.0,0.1,13,56.936563863083194,56.88823369302561,56.79822704436385,56.38184784683895,53.82315144015924
2021-11-25,8908,5000,285000,57.0,57.0,57.0,57.0,0.0,5,56.957709242055465,56.90855483974823,56.81577251876699,56.40030014991839,53.847127655705215
2021-11-26,8908,20000,1135700,57.0,57.0,56.7,56.7,-0.3,15,56.87180616137031,56.87063577797582,56.80570534322204,56.409246414099925,53.86865876773763
2021-11-29,8908,12000,680400,56.8,56.8,56.3,56.8,0.1,11,56.84787077424687,56.85779290925294,56.80520922642012,56.420910700246196,53.89078209779244
2021-11-30,8908,10000,568100,56.7,57.1,56.4,56.4,-0.4,8,56.69858051616458,56.774557834843314,56.76997364151402,56.420286500238845,53.90971959139401
2021-12-01,8908,4000,226600,56.6,56.8,56.6,56.8,0.4,3,56.732387010776385,56.77918368305362,56.77258462920845,56.431621231575,53.93153302844009
2021-12-02,8908,27000,1528200,56.8,56.8,56.5,56.5,-0.3,14,56.65492467385092,56.72842301340751,56.748881617972934,56.43366238884142,53.95091768482922
2021-12-03,8908,6000,340500,56.7,56.8,56.7,56.8,0.3,6,56.70328311590061,56.741437010969776,56.75332669467094,56.44459783992078,53.97242019286825
2021-12-06,8908,8000,455400,56.8,57.0,56.8,57.0,0.2,6,56.80218874393374,56.78844846352072,56.77477654730825,56.46117700887837,53.99526985179
2021-12-07,8908,21000,1195500,57.0,57.1,56.8,56.9,-0.1,18,56.834792495955824,56.80873056106241,56.78566554319449,56.474276202643196,54.017192343474605
2021-12-08,8908,27000,1531600,56.9,56.9,56.7,56.7,-0.2,25,56.78986166397055,56.788961368141976,56.7782163655254,56.48101422644489,54.037439948429515
2021-12-09,8908,6000,342100,57.0,57.1,57.0,57.1,0.4,4,56.8932411093137,56.84551384666162,56.80619755113189,56.49949141371519,54.060553609196084
2021-12-10,8908,13000,737900,57.1,57.1,56.7,56.7,-0.4,12,56.828827406209136,56.819056783632234,56.79696298146825,56.505476744649066,54.08047395931536
2021-12-13,8908,57000,3228700,56.5,57.0,56.5,56.8,0.1,33,56.81921827080609,56.815591913880915,56.79722707003623,56.514268483614764,54.10099868415072
2021-12-14,8908,18000,1026400,56.9,57.2,56.7,56.7,-0.1,16,56.77947884720406,56.7945752022662,56.78877254220699,56.51981270798447,54.12061378842128
2021-12-15,8908,18000,1022500,56.7,57.0,56.7,56.7,0.0,10,56.75298589813604,56.77737971094508,56.78105319071073,56.52519143311926,54.14008085416904
2021-12-16,8908,16000,908600,57.0,57.0,56.7,56.8,0.1,16,56.768657265424025,56.781492490773246,56.78270073934458,56.53339467392167,54.160155715647015
2021-12-17,8908,20000,1135400,57.1,57.1,56.7,56.7,-0.1,14,56.74577151028269,56.76667567426902,56.77550937070592,56.53836796723744,54.17932435175534
2021-12-20,8908,8000,454100,56.8,56.8,56.7,56.8,0.1,8,56.76384767352179,56.77273464258374,56.77763899064453,56.54617787866319,54.19910303589304
2021-12-21,8908,14000,794600,56.8,56.8,56.7,56.7,-0.1,12,56.742565115681195,56.75951016211397,56.77088777406675,56.55076958377772,54.217977729961774
2021-12-22,8908,5000,284500,57.0,57.0,56.8,56.8,0.1,5,56.761710077120796,56.76687195082052,56.77341927197399,56.5582092976948,54.23746469049036
2021-12-23,8908,10000,567700,56.7,56.8,56.7,56.8,0.0,10,56.774473384747196,56.77289523248952,56.77573063962843,56.565426930599436,54.25680457961874
2021-12-24,8908,29000,1649500,57.0,57.0,56.8,56.8,0.0,24,56.78298225649813,56.77782337203688,56.77784101879117,56.57242911177557,54.27599850731973
2021-12-27,8908,41000,2329600,56.8,56.9,56.7,56.9,0.1,32,56.82198817099875,56.80003730439381,56.78846353889629,56.58220734724495,54.295802292170144
2021-12-28,8908,22000,1253800,56.9,57.1,56.9,57.0,0.1,15,56.8813254473325,56.83639415814039,56.80685801377487,56.59467876971525,54.31621133147452
2021-12-29,8908,41000,2339200,57.2,57.5,56.6,57.2,0.2,30,56.98755029822167,56.902504311205774,56.84104427344662,56.61274806017151,54.337975774255845
2021-12-30,8908,25000,1436800,57.2,57.7,57.2,57.2,0.0,21,57.05836686548111,56.95659443644109,56.87225781488605,56.63027796882311,54.35957595709165
2022-01-03,8908,22000,1255700,57.0,57.2,56.9,57.2,0.0,21,57.10557791032074,57.0008499934518,56.90075713533074,56.647284596619436,54.381013119679636
2022-01-04,8908,14000,801300,57.3,57.3,57.2,57.2,0.0,13,57.13705194021383,57.037059085551476,56.92677825399763,56.66378356388453,54.4022884923613
2022-01-05,8908,14000,800800,57.0,57.3,57.0,57.3,0.1,12,57.19136796014255,57.084866524542115,56.9592323188674,56.682775099290964,54.42415801317367
2022-01-06,8908,10000,579600,57.4,59.0,57.4,58.6,1.3,10,57.66091197342837,57.36034533826173,57.10190776940067,56.74000569334198,54.45567380175349
2022-01-07,8908,18000,1043000,58.4,58.5,57.8,57.8,-0.8,12,57.70727464895224,57.44028254948687,57.162611441626694,56.771647314436244,54.48091399947611
2022-01-10,8908,17000,978000,57.6,57.6,57.5,57.5,-0.3,15,57.63818309930149,57.45114026776198,57.191949577137414,56.7933891856471,54.50369955419704
2022-01-11,8908,8000,461500,57.7,57.8,57.5,57.5,0.0,4,57.59212206620099,57.46002385544162,57.21873657042981,56.81448204577704,54.52631314246725
2022-01-12,8908,33000,1907000,57.6,58.0,57.5,58.0,0.5,22,57.728081377467326,57.558201336270415,57.28667252082722,56.84987064142549,54.5525296470524
2022-01-13,8908,30000,1739800,58.0,58.0,57.9,58.0,0.0,16,57.81872091831155,57.63852836603943,57.34870099727702,56.88420286108443,54.578548291225594
2022-01-14,8908,19000,1101900,58.0,58.0,57.9,58.0,0.0,12,57.87914727887436,57.70425048130499,57.40533569316597,56.917510238365495,54.60437056827295
2022-01-17,8908,43000,2510800,58.1,58.9,58.1,58.9,0.9,21,58.219431519249575,57.92165948470408,57.53530650245589,56.976689037220254,54.6367904130407
2022-01-18,8908,79000,4718800,59.3,60.9,59.3,60.0,1.1,55,58.812954346166386,58.299539578394246,57.74962767615538,57.06693712566144,54.677267466527184
2022-01-19,8908,18000,1078700,60.0,60.4,59.7,60.1,0.1,16,59.241969564110924,58.6268960186862,57.95400787822882,57.1574763159402,54.71819374979868
2022-01-20,8908,43000,2580500,60.1,60.2,59.8,59.9,-0.2,34,59.46131304274061,58.858369469834166,58.123224584469796,57.239342694568855,54.757301721498315
2022-01-21,8908,58000,3455000,59.9,60.0,59.0,59.1,-0.8,41,59.340875361827074,58.90230229350068,58.2081615771246,57.2948847036862,54.7900768028455
2022-01-24,8908,38000,2231400,59.1,59.1,58.5,58.6,-0.5,31,59.09391690788472,58.84733824013692,58.242234483461594,57.33384336924781,54.818830940182515
2022-01-25,8908,73000,4238400,58.1,58.3,58.0,58.1,-0.5,50,58.76261127192315,58.71145856011203,58.22986626750841,57.35671371643444,54.84359448025661
2022-01-26,8908,8000,466400,58.3,58.3,58.3,58.3,0.2,5,58.60840751461543,58.63664791281893,58.235964852942466,57.384871515943864,54.8696805596509
2022-02-07,8908,10000,591500,58.5,59.9,58.5,59.6,1.3,9,58.938938343076956,58.81180283776094,58.35457660486051,57.4509947542739,54.90538108372901
2022-02-08,8908,45000,2716500,59.6,60.5,59.6,60.3,0.7,30,59.3926255620513,59.082384139986225,58.52374385661177,57.53603968698214,54.946095188757475
2022-02-09,8908,27000,1632000,60.1,60.5,60.1,60.5,0.2,18,59.76175037470087,59.340132478170545,58.6955922169064,57.62451611423641,54.988011451483835
2022-02-10,8908,12000,725900,60.5,60.7,60.3,60.5,0.0,10,60.00783358313391,59.551017482139535,58.85249724152323,57.71035145410995,55.02961136505754
2022-02-11,8908,14000,848200,60.5,60.7,60.5,60.6,0.1,12,60.20522238875594,59.741741576295986,59.00445400312991,57.7966096196589,55.0716520340005
2022-02-14,8908,27000,1638000,60.9,61.0,60.5,60.7,0.1,18,60.37014825917063,59.915970380605806,59.15189278546644,57.88327798922132,55.1141301318571
2022-02-15,8908,23000,1408900,61.0,61.5,61.0,61.5,0.8,18,60.74676550611375,60.203975765950204,59.356076021512834,57.99123984028934,55.16232537614497
2022-02-16,8908,40000,2500200,61.5,64.0,61.5,62.5,1.0,30,61.33117700407583,60.62143471759562,59.62946071529433,58.12582969580309,55.217704052551426
2022-02-17,8908,11000,685100,62.0,63.0,62.0,62.7,0.2,9,61.78745133605056,60.99935567803278,59.89646413135569,58.262372092943295,55.27417421064538
2022-02-18,8908,48000,3068300,63.5,65.5,63.0,64.8,2.1,43,62.79163422403371,61.69038191839046,60.32285855471606,58.45752516479573,55.34606723547069
2022-02-21,8908,75000,5010000,64.8,69.0,63.5,66.9,2.1,58,64.16108948268914,62.63758520595583,60.89478389778423,58.70953933898093,55.433266728033175
2022-02-22,8908,65000,4430600,66.3,69.9,66.3,69.9,3.0,58,66.07405965512609,63.95802425941841,61.67784616754212,59.043582940802395,55.542449620651794
2022-02-23,8908,163000,11993500,73.9,76.5,70.9,72.4,2.5,136,68.18270643675073,65.49292893952415,62.61020737036455,59.44228195749486,55.66967641596763
2022-02-24,8908,102000,7109100,72.4,72.4,68.0,68.1,-4.3,95,68.15513762450048,65.96694185961067,63.08758064250676,59.700721302047256,55.763490178865986
2022-02-25,8908,74000,5089800,70.0,70.0,68.0,68.2,0.1,52,68.170091749667,66.37295243059054,63.53213884750617,59.95443111392644,55.85735063034624
2022-03-01,8908,37000,2561900,68.2,70.0,68.2,69.6,1.4,31,68.64672783311133,66.95968835230136,64.05977894772302,60.24235854336147,55.961068738796456
2022-03-02,8908,37000,2604900,69.4,71.0,69.4,70.3,0.7,32,69.19781855540755,67.56701774279202,64.60240686531232,60.542586646544706,56.06928708793762
2022-03-03,8908,60000,4316000,70.9,72.5,70.9,72.5,2.2,53,70.29854570360503,68.46392360773892,65.2891540944156,60.899524358588145,56.193292468406014
2022-03-04,8908,51000,3679900,72.6,72.6,71.2,71.3,-1.2,38,70.63236380240335,68.9795738608773,65.8118363470751,61.20998631803327,56.30730535543691
2022-03-07,8908,60000,4164500,71.0,71.0,68.2,68.6,-2.7,49,69.95490920160223,68.91056043162688,66.05428536037292,61.430583741375564,56.40008040935814
2022-03-08,8908,30000,2061400,68.6,69.1,68.2,68.2,-0.4,29,69.36993946773482,68.78136762587654,66.24086924207963,61.63265586849868,56.48913640626864
2022-03-09,8908,17000,1167300,68.0,69.3,68.0,68.4,0.2,14,69.04662631182322,68.71202805753535,66.42861974276835,61.83466614108081,56.57902971641001
2022-03-10,8908,20000,1380400,68.8,69.5,68.7,69.2,0.8,19,69.09775087454881,68.80075022889255,66.66960933035371,62.05452685328735,56.6742823223239
2022-03-11,8908,11000,765900,69.4,70.0,69.4,69.7,0.5,11,69.29850058303253,68.96425018727572,66.93312156249686,62.2827499322937,56.77258962555164
2022-03-14,8908,22000,1550300,70.0,71.1,70.0,71.1,1.4,17,69.89900038868835,69.35256833504377,67.29545881793192,62.54595142685209,56.88072102460408
2022-03-15,8908,33000,2350900,72.0,72.0,70.7,70.9,-0.2,33,70.23266692579223,69.63391954685399,67.60889718159001,62.79532601112516,56.98652690366367
2022-03-16,8908,97000,7065100,72.5,73.9,72.3,72.7,1.8,83,71.05511128386149,70.19138872015327,68.05160177449523,63.09098792124083,57.10511915344734
2022-03-17,8908,46000,3374100,73.5,73.7,73.0,73.1,0.4,42,71.73674085590766,70.72022713467085,68.49059292453911,63.38976440120379,57.22583523530812
2022-03-18,8908,43000,3124300,73.2,73.5,72.2,72.6,-0.5,35,72.02449390393843,71.06200401927615,68.84793267023136,63.66469680713801,57.34186666749447
2022-03-21,8908,23000,1678700,72.6,73.3,72.6,72.8,0.2,23,72.28299593595895,71.37800328849866,69.1915906989069,63.93739242483538,57.45853182472093
2022-03-22,8908,27000,1969800,72.8,73.2,72.8,73.0,0.2,27,72.5219972906393,71.67291178149891,69.5227567250889,64.20791802409403,57.575825924156995
2022-03-23,8908,39000,2846000,73.0,73.1,72.8,73.0,0.0,26,72.68133152709287,71.91420054849911,69.82512570551594,64.47036823233003,57.692234785106756
2022-03-24,8908,16000,1171800,73.3,73.5,73.1,73.1,0.1,16,72.82088768472858,72.129800448772,70.10989738329717,64.72796918061869,57.80851980559652
2022-03-25,8908,51000,3739200,73.1,73.8,73.0,73.3,0.2,38,72.98059178981904,72.34256400354073,70.38729761083654,64.98385069761514,57.925436637252396
2022-03-28,8908,62000,4658000,73.9,76.2,73.9,75.5,2.2,39,73.82039452654602,72.91664327562424,70.83188042728554,65.29776560216393,58.05807485131087
2022-03-29,8908,57000,4349400,75.2,78.0,75.0,76.8,1.3,48,74.81359635103068,73.62270813460165,71.35084734665202,65.64111588269635,58.19952334299909
2022-03-30,8908,44000,3426000,76.8,78.6,76.8,78.6,1.8,31,76.07573090068712,74.5276702919468,71.98120844694314,66.02794824440691,58.35348920456136
2022-03-31,8908,62000,4944800,79.0,80.5,78.8,79.7,1.1,57,77.28382060045809,75.4680938752292,72.65240771242635,66.43606919233507,58.51459494641373
2022-04-01,8908,167000,13821700,79.6,84.7,79.6,82.5,2.8,116,79.02254706697205,76.74662226155117,73.50872008525884,66.91558951495193,58.69561687134646
2022-04-06,8908,45000,3685500,82.5,82.5,81.0,81.5,-1.0,34,79.8483647113147,77.61087275945096,74.20361399088851,67.35094505181904,58.86772542326082
2022-04-07,8908,344000,29886800,82.9,89.2,82.9,85.1,0.0,305,81.59890980754314,78.9725322577326,75.15112581776778,67.88076758758564,59.06570485402867
2022-04-08,8908,183000,16084800,86.9,88.9,86.4,87.9,2.8,172,83.69927320502876,80.59570821087212,76.25972357274449,68.47835661482189,59.283322175885054
2022-04-11,8908,185000,16335500,89.0,89.7,86.6,87.6,-0.3,164,84.99951547001918,81.86921580889536,77.24583456641888,69.04915193975258,59.49703295191611
2022-04-12,8908,256000,21429700,88.0,88.0,80.6,81.4,-6.2,206,83.79967698001279,81.78390384364167,77.60706634325201,69.41783397140175,59.662338363599766
2022-04-13,8908,159000,12736100,81.4,81.5,78.5,80.3,-1.1,129,82.63311798667519,81.51410314479773,77.84123448731705,69.74267474837482,59.81809430047826
2022-04-14,8908,133000,10496400,80.0,81.0,78.0,78.4,-1.9,120,81.22207865778346,80.94790257301632,77.88982279276775,70.00110236782632,59.9583350982105
2022-04-15,8908,76000,6016100,78.4,79.7,78.4,79.7,1.3,73,80.71471910518898,80.72101119610426,78.04722950644012,70.29062170013002,60.1073287955825
2022-04-18,8908,84000,6786000,80.5,82.0,79.7,79.9,0.2,79,80.44314607012599,80.57173643317621,78.20833998414098,70.57746881355897,60.25670744618187
2022-04-19,8908,249000,20559500,81.0,84.9,80.2,81.9,2.0,152,80.92876404675066,80.81323889987145,78.5293538985635,70.91545481912436,60.42005305036163
2022-04-20,8908,33000,2739700,82.2,83.9,82.0,83.4,1.5,29,81.75250936450044,81.28355909989483,78.95288834216667,71.28812780959827,60.59348661224569
2022-04-21,8908,55000,4639300,84.5,85.0,84.0,84.2,0.8,45,82.56833957633363,81.81382108173213,79.4091589211087,71.67355683020727,60.77164897743629
2022-04-22,8908,30000,2490400,84.0,84.0,82.1,82.5,-1.7,26,82.54555971755575,81.93858088505355,79.6779277105775,71.99673423826079,60.935636532323564
2022-04-25,8908,68000,5434200,81.4,81.4,79.5,79.7,-2.8,59,81.59703981170384,81.53156617868018,79.67984704009251,72.2266824699545,61.07725436981546
2022-04-26,8908,34000,2716700,79.8,80.0,79.7,79.9,0.2,31,81.03135987446923,81.23491778255651,79.69899077573665,72.45573672458272,61.219312827401765
2022-04-27,8908,51000,4029200,79.8,79.8,78.6,79.4,-0.5,48,80.48757324964616,80.90129636754624,79.6729915778465,72.66302816563996,61.356525560779865
2022-04-28,8908,54000,4276100,79.5,79.6,78.5,79.0,-0.4,47,79.99171549976411,80.55560611890147,79.61447057107725,72.85219150397906,61.489683858434354
2022-04-29,8908,22000,1758000,79.0,80.9,79.0,80.8,1.8,21,80.26114366650941,80.60004137001029,79.71756008663574,73.08943951878565,61.63542209346504
2022-05-03,8908,37000,3002900,80.7,82.3,80.6,81.1,0.3,31,80.5407624443396,80.69094293909933,79.83777225301525,73.3285607271801,61.78232456823134
2022-05-04,8908,16000,1279500,80.1,80.1,79.8,79.8,-1.3,15,80.29384162955974,80.52895331380854,79.83448770927478,73.52173801890608,61.91830702432016
2022-05-05,8908,26000,2080100,79.8,80.5,79.8,80.0,0.2,23,80.19589441970649,80.43277998402517,79.84888008238133,73.7151189735656,62.054772631683775
2022-05-06,8908,56000,4410000,79.0,79.1,78.0,79.0,-1.0,45,79.797262946471,80.17227453238424,79.77506442304382,73.87287661614573,62.1826611401239
2022-05-09,8908,45000,3502900,78.0,78.1,77.5,77.5,-1.5,42,79.03150863098067,79.6864064355871,79.57723273408348,73.98114895596228,62.298263697556926
2022-05-10,8908,39000,2972400,75.1,81.0,75.1,77.5,0.0,35,78.52100575398711,79.28887799275309,79.39660380068491,74.08618928563504,62.412993782858386
2022-05-11,8908,16000,1244200,78.0,78.0,76.9,77.9,0.4,14,78.31400383599141,79.03635472134343,79.26646433975579,74.20003438158624,62.529876848648136
2022-05-12,8908,49000,3737500,77.9,77.9,75.3,75.5,-2.4,48,77.37600255732761,78.39338113564462,78.93894570151615,74.23883932541948,62.62776457054513
2022-05-13,8908,32000,2451500,78.0,78.0,75.6,76.9,1.4,28,77.21733503821841,78.12185729280014,78.76164607529735,74.31827695749651,62.73547955491838
2022-05-16,8908,39000,3031400,79.0,79.0,77.5,78.0,1.1,23,77.47822335881227,78.09970142138194,78.69541598179323,74.42817913786975,62.850683482805785
2022-05-17,8908,10000,774800,78.0,78.0,77.3,77.5,-0.5,9,77.48548223920818,77.9906647993125,78.59146676598513,74.51987528300796,62.961244362180835
2022-05-18,8908,10000,776300,78.1,78.1,77.4,77.5,0.0,10,77.49032149280545,77.90145301761932,78.4965566124212,74.60883422978384,63.07097081982475
2022-05-19,8908,23000,1746900,75.2,77.1,75.2,77.1,-0.4,21,77.36021432853697,77.75573428714307,78.37511690699327,74.68319738710372,63.176850285335505
2022-05-20,8908,5000,384000,77.2,77.2,76.6,76.6,-0.5,5,77.10680955235797,77.54560078038979,78.22075891508081,74.74041537554838,63.27815707563486
2022-05-23,8908,26000,1988800,76.7,76.7,76.3,76.5,-0.1,23,76.90453970157198,77.35549154759164,78.07112770507378,74.79294028971111,63.37794456940365
2022-05-24,8908,10000,764700,76.4,76.6,76.4,76.4,-0.1,8,76.73635980104798,77.18176581166588,77.92581225245867,74.84091222136152,63.47622423303079
2022-05-25,8908,22000,1680300,76.5,76.5,76.2,76.4,0.0,17,76.62423986736532,77.03962657318118,77.79313292615791,74.88745215505222,63.57376216334754
2022-05-26,8908,25000,1915900,77.5,77.5,76.4,76.4,0.0,19,76.54949324491021,76.92333083260279,77.67199093257896,74.93260283699095,63.67056395834114
2022-05-27,8908,60000,4586000,77.0,77.0,76.0,76.1,-0.3,37,76.39966216327348,76.7736343175841,77.53529606887645,74.96745051349869,63.76437102280649
2022-05-30,8908,16000,1219300,76.3,76.4,76.0,76.4,0.3,16,76.39977477551565,76.70570080529608,77.43657467158285,75.01021318473754,63.85973426037022
2022-05-31,8908,14000,1082400,77.3,78.3,77.0,78.3,1.9,11,77.0331831836771,76.99557338615134,77.51165513492347,75.1084157762379,63.9687173980278
2022-06-01,8908,89000,7166400,78.3,81.5,78.3,81.0,2.7,79,78.35545545578474,77.72365095230563,77.81498947101709,75.28428396202185,64.09725537992948
2022-06-02,8908,54000,4411600,81.5,82.0,81.1,81.8,0.8,46,79.50363697052316,78.46480532461369,78.16151212571125,75.47878294823015,64.2308609997036
2022-06-06,8908,65000,5374600,81.8,83.2,81.4,82.4,0.6,55,80.46909131368211,79.18029526559302,78.53007628869288,75.68538644231283,64.36798657706433
2022-06-07,8908,34000,2791700,82.4,82.6,81.6,82.3,-0.1,29,81.0793942091214,79.74751430821247,78.85789574185003,75.88283759328857,64.5033225274261
2022-06-08,8908,44000,3583800,82.5,82.5,80.5,80.9,-1.4,35,81.01959613941428,79.95705716126476,79.03547002516741,76.03260363527995,64.62707103665308
2022-06-09,8908,32000,2600500,80.9,81.5,80.9,81.0,0.1,23,81.01306409294286,80.14668313194389,79.20629871863112,76.18088412377907,64.75064031184814
2022-06-10,8908,11000,896900,82.5,82.5,81.2,81.6,0.6,10,81.20870939529523,80.41092256249955,79.41444665614145,76.34264877680059,64.87780529062665
2022-06-13,8908,23000,1876900,81.6,81.8,81.5,81.5,-0.1,23,81.30580626353016,80.60893664204508,79.59579912082481,76.49659955958266,65.00325581673513
2022-06-14,8908,29000,2364000,81.5,82.0,81.0,81.6,0.1,24,81.40387084235344,80.78912997985506,79.77007745814439,76.6489398712369,65.12851426340129
2022-06-15,8908,18000,1457000,81.0,81.2,80.5,81.2,-0.4,13,81.33591389490229,80.86383361988142,79.89441854874053,76.78479241239401,65.24980849537562
2022-06-16,8908,27000,2193600,81.5,81.6,80.6,80.6,-0.6,17,81.09060926326819,80.81586387081207,79.9557734575457,76.8986792060539,65.36565899729732
2022-06-17,8908,18000,1448400,79.9,80.7,79.9,80.6,0.0,16,80.92707284217879,80.77661589430078,80.01179315688955,77.00916639393289,65.48063515580829
2022-06-20,8908,35000,2807100,80.6,80.7,80.0,80.0,-0.6,31,80.61804856145253,80.6354130044279,80.01076766498612,77.09844500903937,65.59021526783992
2022-06-21,8908,37000,2980800,80.0,81.0,80.0,80.7,0.7,27,80.64536570763502,80.64715609453192,80.07070091150906,77.20595411324715,65.70425137902603
2022-06-22,8908,24000,1930700,80.9,80.9,80.1,80.2,-0.5,22,80.49691047175668,80.56585498643521,80.08194431050828,77.29532861732932,65.81365325541074
2022-06-23,8908,32000,2565900,80.2,80.5,79.9,79.9,-0.3,29,80.29794031450446,80.44479044344699,80.06612306611625,77.37308000188665,65.9199653063133
2022-06-24,8908,23000,1845200,80.2,80.5,80.1,80.1,0.2,18,80.23196020966964,80.38210127191117,80.06906888645396,77.45448059884525,66.02698443607697
2022-06-27,8908,54000,4380900,80.5,82.8,80.2,82.0,1.9,35,80.82130680644643,80.67626467701822,80.23697593980579,77.59016774514838,66.14753549693677
2022-06-28,8908,50000,4153900,83.2,84.2,82.2,83.4,1.4,38,81.68087120429762,81.17148928119673,80.51202151025745,77.76359557365141,66.27774277620517
2022-06-29,8908,28000,2328500,84.1,84.1,82.5,83.7,0.3,24,82.35391413619841,81.63121850279732,80.78923703110463,77.94080167593047,66.40923150996966
2022-06-30,8908,23000,1913800,82.8,83.7,82.1,83.5,-0.2,23,82.73594275746561,81.97099695683417,81.02495555013901,78.10674789455942,66.53821844196989
2022-07-01,8908,88000,7406100,83.8,87.0,82.0,83.3,-0.2,82,82.9239618383104,82.21263387377341,81.22278550230084,78.2617703454681,66.6647224537286
2022-07-04,8908,55000,4518400,83.2,85.0,81.5,81.8,-1.5,49,82.54930789220694,82.13760953308734,81.27297806731815,78.36738914112576,66.77895096351178
2022-07-05,8908,10000,819200,81.5,82.0,81.5,82.0,0.2,8,82.3662052614713,82.11258961798055,81.33619736581223,78.47582528616678,66.8938268052966
2022-07-06,8908,44000,3541300,80.5,81.2,80.1,80.4,-1.6,39,81.71080350764753,81.80120968743863,81.25478889921986,78.53326333732598,66.99576018789813
2022-07-07,8908,47000,3761400,80.0,81.0,79.7,79.7,-0.7,41,81.04053567176501,81.41917156244979,81.11958986450509,78.5680912974058,67.0916412430838
2022-07-08,8908,29000,2314800,80.0,81.0,79.3,79.3,-0.4,27,80.46035711451,81.03386764200437,80.96136465889595,78.58993931837877,67.18377979973977
2022-07-11,8908,25000,1978800,78.2,80.0,78.2,79.0,-0.3,19,79.97357140967334,80.6640735252763,80.7908112102963,78.6021799357406,67.27295882011909
2022-07-12,8908,44000,3451800,79.0,79.0,78.2,78.3,-0.7,36,79.41571427311555,80.23424197522606,80.5742189311401,78.59315963915132,67.35618177242007
2022-07-13,8908,51000,4003600,78.3,79.0,78.2,78.5,0.2,39,79.11047618207704,79.91892525245768,80.39385206756269,78.59037875440053,67.4402860609301
2022-07-14,8908,33000,2592000,78.4,79.5,78.4,78.5,0.0,26,78.9069841213847,79.66093884291992,80.22916927907897,78.58768088113484,67.5237556000929
2022-07-15,8908,37000,2913000,78.5,79.5,78.5,78.8,0.3,25,78.8713227475898,79.50440450784357,80.10489368959385,78.59401876528007,67.60885933141296
2022-07-18,8908,24000,1891300,78.5,79.0,78.5,79.0,0.2,21,78.91421516505987,79.41269459732656,80.00881597745526,78.60613760810753,67.69483020438342
2022-07-19,8908,46000,3667100,80.0,80.3,79.0,80.0,1.0,31,79.27614344337324,79.51947739781264,80.00804937072002,78.64774544070134,67.78769941038807
2022-07-20,8908,22000,1759300,79.3,80.3,79.2,80.1,0.1,17,79.55076229558216,79.6250269618467,80.01604507761392,78.69109632306846,67.8806224337059
2022-07-21,8908,14000,1120400,79.7,80.1,79.7,80.1,0.0,11,79.7338415303881,79.7113856960564,80.0233455056475,78.73315314924552,67.97284415118736
2022-07-22,8908,56000,4474700,80.0,80.1,79.6,80.1,0.0,31,79.85589435359206,79.78204284222797,80.03001111385207,78.7739545477755,68.0643698557067
2022-07-25,8908,28000,2244100,80.1,80.5,80.1,80.2,0.1,26,79.97059623572804,79.85803505273198,80.0447927561258,78.81652306873742,68.15595951717306
2022-07-26,8908,34000,2729500,80.5,80.5,80.1,80.2,0.0,34,80.04706415715202,79.9202104976898,80.05828903820182,78.85782088758108,68.24685793591138
2022-07-27,8908,38000,3041100,80.1,80.2,79.8,80.0,-0.2,35,80.03137610476801,79.93471767992801,80.05322042618427,78.89191578645926,68.33556089488563
2022-07-28,8908,56000,4478700,80.0,80.0,79.9,79.9,-0.1,42,79.98758406984534,79.92840537448656,80.0398969108639,78.9220078525351,68.4228396805846
2022-07-29,8908,59000,4711000,80.0,80.0,79.1,79.5,-0.4,42,79.82505604656356,79.85051348821628,79.99294935339748,78.93926134947435,68.50644089054245
2022-08-01,8908,28000,2225300,79.5,79.6,79.3,79.4,-0.1,27,79.68337069770904,79.76860194490423,79.94138854005857,78.95301474202735,68.5886564309912
2022-08-02,8908,94000,7412500,79.4,79.4,78.4,78.4,-1.0,86,79.25558046513936,79.51976522764892,79.80735475396652,78.93650683928027,68.66270430698371
2022-08-03,8908,54000,4216600,78.3,78.6,77.8,78.0,-0.4,53,78.83705364342624,79.2434442771673,79.65019347101291,78.90855141124206,68.73317446315743
2022-08-04,8908,70000,5423200,78.1,78.2,76.7,77.3,-0.7,63,78.32470242895083,78.8900907722278,79.44582882135961,78.86053495120498,68.79782975022793
2022-08-05,8908,45000,3511000,77.7,78.4,77.4,78.2,0.9,34,78.28313495263389,78.76461972273184,79.33749588037182,78.84081748997498,68.8687895256979
2022-08-08,8908,88000,6910400,78.3,79.0,78.2,78.5,0.3,58,78.35542330175592,78.71650704587151,79.26467015164384,78.83064383355782,68.94147790663604
2022-08-09,8908,36000,2818300,78.0,78.5,78.0,78.4,-0.1,32,78.37028220117061,78.65896031025851,79.18948144280525,78.81778879375013,69.01286297903879
2022-08-10,8908,31000,2423000,78.2,78.3,78.1,78.3,-0.1,27,78.3468548007804,78.59369479930241,79.1121352303874,78.80233241184713,69.08295457919698
2022-08-11,8908,51000,4050900,78.3,80.0,78.3,79.8,1.5,47,78.8312365338536,78.81302301761106,79.17194955817979,78.83211353388154,69.16383794086342
2022-08-12,8908,76000,6163300,80.0,82.8,79.9,80.7,0.9,56,79.45415768923573,79.15610974168177,79.30482350964242,78.8878713388403,69.25090331489464
2022-08-15,8908,65000,5260300,80.7,81.5,80.7,81.3,0.6,45,80.06943845949048,79.5459079704669,79.4783171174996,78.95987517947194,69.34183989365016
2022-08-16,8908,48000,3926600,81.3,82.0,81.3,81.9,0.6,30,80.67962563966033,79.97392470310928,79.68889823771703,79.0476400994877,69.43661846049054
2022-08-17,8908,38000,3115700,82.5,82.5,81.8,82.0,0.1,38,81.11975042644022,80.34230202981668,79.88986360835032,79.13577024577164,69.53143643437363
2022-08-18,8908,27000,2212000,81.8,82.0,81.8,82.0,0.0,21,81.41316695096015,80.6437016607591,80.07335372936333,79.22126964142025,69.62553880090667
2022-08-19,8908,31000,2543100,81.9,82.5,81.9,81.9,-0.1,25,81.57544463397343,80.87211954062109,80.23219253550565,79.30123174167636,69.71817624391869
2022-08-22,8908,53000,4330400,81.5,82.5,80.9,81.6,-0.3,46,81.58362975598229,81.00446144232635,80.35113231502689,79.36985168968602,69.80785038547403
2022-08-23,8908,34000,2774000,81.1,82.0,81.1,82.0,0.4,28,81.72241983732152,81.18546845281246,80.4945121137202,79.44836357954614,69.89986660897988
2022-08-24,8908,33000,2704000,82.0,82.5,81.8,81.8,-0.2,29,81.74827989154768,81.297201461392,80.60803279948367,79.51856168164925,69.98967893645927
2022-08-25,8908,23000,1881500,81.9,81.9,81.7,81.8,0.0,20,81.76551992769845,81.38861937750255,80.7116821212677,79.58666431801792,70.07881343505203
2022-08-26,8908,69000,5654400,82.6,82.6,81.8,82.0,0.2,44,81.84367995179896,81.4997794906839,80.8237097628966,79.65870418912186,70.16878465441012
2022-08-29,8908,60000,4930300,81.6,83.0,81.6,81.9,-0.1,45,81.86245330119931,81.5725468560141,80.9173002182969,79.72560854168539,70.25732212871645
2022-08-30,8908,61000,5008400,81.9,82.4,81.9,82.2,0.3,56,81.9749688674662,81.68662924582972,81.02883932974935,79.79947097327687,70.34745554661293
2022-08-31,8908,61000,5079300,82.6,84.8,82.5,83.9,1.7,53,82.61664591164414,82.0890602920425,81.27850547498853,79.92187482482085,70.44973890097812
2022-09-01,8908,54000,4553600,84.1,84.9,83.2,84.0,0.1,47,83.0777639410961,82.43650387530751,81.51515717281562,80.04360990467694,70.55200502248017
2022-09-02,8908,71000,5963600,84.0,85.0,83.3,83.7,-0.3,65,83.28517596073073,82.66623044343342,81.70514350561426,80.15275587767167,70.65123517325391
2022-09-05,8908,77000,6470400,83.7,84.5,83.7,84.3,0.6,61,83.62345064048715,82.96327945371826,81.93078320077824,80.27655420968146,70.75424471911614
2022-09-06,8908,141000,11883400,84.3,84.9,83.7,84.0,-0.3,115,83.7489670936581,83.15177409849676,82.11071509636274,80.38770184521336,70.85421268350018
2022-09-07,8908,285000,21497700,74.0,77.4,73.6,76.3,0.0,243,81.26597806243873,81.90599698967917,81.60543552276597,80.26568089460997,70.89531296513414
2022-09-08,8908,80000,6136200,77.0,77.0,76.2,76.7,0.4,76,79.74398537495915,80.95945208246478,81.17887591209067,80.15924265894998,70.93912192388784
2022-09-12,8908,78000,5965900,76.8,76.8,76.2,76.4,-0.3,66,78.6293235833061,80.13046079474391,80.76332148495236,80.04702646017535,70.98033609804718
2022-09-13,8908,73000,5544200,76.5,76.5,75.7,75.7,-0.7,67,77.65288238887074,79.32492246842683,80.3230326601739,79.91726447628952,71.01595620296757
2022-09-14,8908,33000,2487400,76.0,76.0,75.1,75.2,-0.5,32,76.83525492591383,78.5749365650765,79.8775515592892,79.77645061132566,71.04753389200178
2022-09-15,8908,42000,3165800,76.0,76.0,75.2,75.2,0.0,41,76.29016995060923,77.9613117350626,79.47080794543797,79.63984014531593,71.0788732588546
2022-09-16,8908,38000,2853100,75.5,75.5,74.9,75.2,0.0,33,75.92677996707282,77.4592550559603,79.09943334148684,79.50730760366471,71.10997610218399
2022-09-19,8908,39000,2903600,74.5,74.9,74.2,74.5,-0.7,36,75.45118664471521,76.92120868214934,78.69948261614016,79.3578357348986,71.13556118820524
2022-09-20,8908,29000,2163800,74.5,75.0,74.4,74.5,0.0,26,75.13412442981014,76.48098892175855,78.33431021473666,79.21282571296133,71.16095317923765
2022-09-21,8908,18000,1335900,74.5,74.5,74.0,74.4,-0.1,17,74.8894162865401,76.10262729962064,77.99219628302043,79.06915927376846,71.18539881562076
2022-09-22,8908,13000,959700,73.8,74.0,73.7,73.8,-0.6,13,74.52627752436007,75.6839677905987,77.62765747580127,78.91187093723806,71.20513165474814
2022-09-23,8908,48000,3510900,73.8,73.8,72.9,72.9,-0.9,44,73.98418501624005,75.17779182867166,77.2165568257316,78.73241210329066,71.2179231139576
2022-09-26,8908,84000,5980600,72.9,72.9,70.0,70.2,-2.7,74,72.7227900108267,74.27273876891317,76.60642144958102,78.47771323453571,71.21024067536169
2022-09-27,8908,49000,3421200,70.2,70.3,69.1,70.2,0.0,45,71.8818600072178,73.53224081092895,76.0493413235305,78.23061731708688,71.20261621743443
2022-09-28,8908,53000,3644700,69.4,69.6,68.2,68.4,-1.8,53,70.72124000481186,72.59910611803278,75.38418120844089,77.93716605389025,71.18146439692549
2022-09-29,8908,39000,2684000,68.7,70.3,68.4,69.4,1.0,36,70.28082666987457,72.01745046020864,74.8638176250982,77.68232527616219,71.16801938260907
2022-09-30,8908,27000,1877900,69.4,69.8,69.4,69.8,0.4,23,70.12055111324972,71.61427764926161,74.42348565769836,77.44703198433645,71.15769470802334
2022-10-03,8908,24000,1676600,69.8,70.0,69.6,69.8,0.0,24,70.01370074216648,71.2844089857595,74.02144342659416,77.21876237286372,71.14744795550996
2022-10-04,8908,39000,2721000,70.2,70.2,69.2,69.4,-0.4,28,69.80913382811099,70.94178917016686,73.61957878080337,76.98536648113645,71.13425966905328
2022-10-05,8908,48000,3320900,69.0,69.5,69.0,69.1,-0.3,33,69.57275588540732,70.6069184119547,73.22657193029872,76.74998240707268,71.11890676589061
2022-10-06,8908,5000,345500,69.1,69.1,69.1,69.1,0.0,5,69.41517059027154,70.33293324614475,72.86773958853361,76.52162472327946,71.10366973369521
2022-10-07,8908,37000,2543500,69.1,69.1,68.2,68.7,-0.4,36,69.17678039351436,70.03603629230025,72.50532745040026,76.28814338825619,71.08552883004468
2022-10-11,8908,18000,1238800,69.0,69.1,68.3,68.4,-0.3,17,68.91785359567625,69.73857514824566,72.14834245471329,76.05267642144257,71.06526068793113
2022-10-12,8908,62000,4249500,68.4,68.8,68.3,68.8,0.4,31,68.87856906378417,69.5679251212919,71.85718224125996,75.83617861781742,71.0481643808524
2022-10-13,8908,51000,3410900,68.3,68.3,65.9,66.9,-1.9,48,68.21904604252278,69.08284782651157,71.42612291593301,75.56942701728556,71.01685747986484
2022-10-14,8908,59000,3933300,66.8,66.9,66.3,66.6,-0.3,39,67.67936402834852,68.631420948964,71.00646005367797,75.30168292721734,70.9835227064319
2022-10-17,8908,66000,4212300,66.0,66.0,63.2,63.6,-3.0,60,66.31957601889901,67.71661714006146,70.36242004901032,74.9523789592407,70.92779800676071
2022-10-18,8908,21000,1330400,63.1,63.7,63.0,63.7,0.1,20,65.44638401259934,66.98632311459573,69.78307917518335,74.61648705000964,70.87324858784176
2022-10-19,8908,42000,2626700,63.2,63.2,61.6,62.2,-1.5,40,64.36425600839956,66.1160825483056,69.12368098603697,74.24584564553174,70.80779010793351
2022-10-20,8908,34000,2084000,61.5,61.5,60.5,61.4,-0.8,31,63.376170672266376,65.25861299406822,68.45205655246853,73.86238756656064,70.73678791843967
2022-10-21,8908,22000,1352000,61.4,62.0,61.0,61.6,0.2,21,62.78411378151092,64.59341063151035,67.85622554790605,73.49634614666331,70.66783102848919
2022-10-24,8908,36000,2228800,61.7,62.1,61.7,62.0,0.4,28,62.52274252100728,64.1218814257812,67.34698854374031,73.15317163482261,70.60241343582135
2022-10-25,8908,47000,2913900,62.0,63.5,61.1,63.5,1.5,36,62.848495014004854,64.00881207563916,67.01246780080636,72.86501725766372,70.548810315551
2022-10-26,8908,25000,1561200,63.5,63.5,61.7,62.7,-0.8,25,62.798996676003235,63.77084624370477,66.63747060073625,72.56158390668868,70.48957401128268
2022-10-27,8908,29000,1837700,64.0,64.0,62.5,63.8,1.1,20,63.13266445066882,63.776146926667536,66.39073402675919,72.30004408857857,70.43908666025413
2022-10-28,8908,16000,1028700,63.8,64.9,63.8,64.8,1.0,12,63.68844296711254,63.962302030909804,66.25240932878013,72.07616217548667,70.39652751564844
2022-10-31,8908,17000,1100200,65.0,65.0,64.3,64.6,-0.2,17,63.99229531140836,64.07824711619892,66.10872156106012,71.85299315532289,70.35278013817185
2022-11-01,8908,25000,1611900,64.7,65.0,64.0,64.1,-0.5,21,64.02819687427224,64.08220218598093,65.93405012096794,71.62156052382072,70.30558934467622
2022-11-02,8908,34000,2160100,64.0,64.2,63.3,63.9,-0.2,22,63.98546458284816,64.04907451580259,65.75717619740551,71.39106617982607,70.25724527415036
2022-11-03,8908,36000,2272600,63.0,63.8,62.6,63.3,-0.6,27,63.75697638856544,63.912879149293026,65.54350870197895,71.14954181624917,70.20473776264734
2022-11-04,8908,21000,1320200,63.0,63.0,62.7,62.8,-0.5,19,63.437984259043624,63.7105374857852,65.30494272789383,70.90030176203278,70.14885294934435
2022-11-07,8908,50000,3140900,62.2,64.8,62.2,62.9,0.1,42,63.25865617269575,63.56316703382426,65.09581727329437,70.66148678406165,70.09414462519835
2022-11-08,8908,61000,3819200,63.0,63.0,62.0,62.5,-0.4,47,63.00577078179717,63.3698639367653,64.87009403213834,70.41786031289563,70.03683032614025
2022-11-09,8908,32000,2005800,62.5,63.3,62.5,63.3,0.8,26,63.10384718786478,63.35716140280797,64.73356411630023,70.20538687071964,69.98598632367882
2022-11-10,8908,23000,1443100,62.8,63.0,62.7,62.7,-0.6,21,62.96923145857652,63.23767751138834,64.55673245401326,69.98134547159367,69.93099774765105
2022-11-11,8908,47000,2959700,63.2,63.4,62.7,63.0,0.3,42,62.979487639051015,63.194463418408645,64.42136441453384,69.77294709930729,69.87868833068764
2022-11-14,8908,52000,3270300,63.0,63.0,62.8,62.9,-0.1,43,62.95299175936734,63.14092461506162,64.2890718567483,69.56778449932797,69.82601898479565
2022-11-15,8908,57000,3578300,62.9,62.9,62.6,62.7,-0.2,42,62.868661172911565,63.060756503232234,64.15089169529192,69.36277600681072,69.7722377094387
2022-11-16,8908,56000,3516700,62.7,63.0,62.6,63.0,0.3,43,62.912440781941044,63.04970986628092,64.05081415657088,69.17284239466711,69.72112648144294
2022-11-17,8908,33000,2071100,63.0,63.0,62.7,62.9,-0.1,29,62.90829385462736,63.022489890593484,63.950743360347325,68.98559336796063,69.66964628158298
2022-11-18,8908,29000,1821700,63.0,63.0,62.6,62.9,0.0,27,62.90552923641824,63.00021900139467,63.85937437249103,68.80393386443941,69.6185546115333
2022-11-21,8908,22000,1385000,62.9,63.5,62.8,62.9,0.0,22,62.90368615761216,62.981997364777456,63.77595051401355,68.62769703266511,69.56784853899343
2022-11-22,8908,34000,2146700,63.0,63.6,62.9,63.4,0.5,33,63.06912410507477,63.05799784390883,63.7432591649689,68.47164637497362,69.52129873869914
2022-11-23,8908,45000,2858900,63.5,63.7,63.3,63.6,0.2,41,63.24608273671652,63.15654369047086,63.73080184627595,68.32622409512366,69.47660969161463
2022-11-24,8908,30000,1915700,63.9,64.0,63.6,63.7,0.1,26,63.39738849114435,63.25535392856707,63.728123424860655,68.18812785347818,69.4330126373383
2022-11-25,8908,28000,1790700,64.1,64.2,63.7,64.0,0.3,23,63.598258994096234,63.390744123373054,63.75176486617712,68.0631091115833,69.39200876837725
2022-11-28,8908,26000,1666000,64.0,64.5,63.8,64.2,0.2,21,63.79883932939749,63.53788155548705,63.790741834335634,67.94779242168529,69.35282379654045
2022-11-29,8908,41000,2654700,65.0,65.0,64.2,65.0,0.8,31,64.19922621959833,63.80372127267122,63.89589471830645,67.85979861805289,69.3199722961892
2022-11-30,8908,62000,4089800,65.2,67.0,65.2,66.9,1.9,43,65.0994841463989,64.36668104127645,64.15712126454068,67.83114791303639,69.30170835433117
2022-12-01,8908,185000,12616700,68.0,68.3,67.6,68.3,1.4,44,66.16632276426593,65.08182994286256,64.51737158936322,67.84514349772186,69.29414829127961
2022-12-02,8908,32000,2189800,69.0,69.0,68.0,68.4,0.1,30,66.91088184284395,65.68513358961482,64.85499145115773,67.86170637838688,69.28740000228882
2022-12-05,8908,34000,2315200,68.0,68.4,67.5,68.1,-0.3,28,67.30725456189596,66.12420020968486,65.13716610757879,67.8688196208231,69.27843849283758
2022-12-06,8908,45000,3050700,68.0,69.8,67.4,67.4,-0.7,41,67.33816970793065,66.35616380792398,65.33393427213716,67.85482500527614,69.26426159855201
2022-12-07,8908,44000,2914400,67.4,67.4,65.0,65.9,-1.5,44,66.8587798052871,66.27322493375598,65.38315737890784,67.79647202004402,69.23887094497803
2022-12-08,8908,16000,1053700,65.9,66.0,65.5,66.0,0.1,16,66.5725198701914,66.22354767307307,65.43679586769846,67.74284598959494,69.21442663595933
2022-12-09,8908,6000,396300,66.1,66.2,65.8,66.2,0.2,5,66.4483465801276,66.21926627796887,65.50316144442034,67.69679088542793,69.19167624625398
2022-12-12,8908,16000,1059900,65.0,66.9,65.0,66.5,0.3,14,66.46556438675174,66.27030877288362,65.58984305794901,67.66106578437038,69.1713617085464
2022-12-13,8908,12000,796300,66.2,66.5,66.2,66.4,-0.1,12,66.44370959116783,66.29388899599569,65.66029148769258,67.62342202961305,69.1504457711234
2022-12-14,8908,18000,1196000,66.3,66.8,65.6,66.6,0.2,16,66.49580639411188,66.34954554217829,65.74200527137148,67.59287211828132,69.13119712379417
2022-12-15,8908,11000,730000,66.1,67.8,66.1,67.8,1.2,11,66.93053759607459,66.61326453450951,65.92096133473048,67.59905504012367,69.12115035304855
2022-12-16,8908,17000,1126600,65.7,66.6,65.7,66.6,-1.2,15,66.82035839738306,66.61085280096232,65.9800081751887,67.56923250161252,69.10212280321421
2022-12-19,8908,10000,665500,66.6,66.7,66.2,66.5,-0.1,10,66.71357226492204,66.5906977462419,66.02522485560708,67.53731511350468,69.08248414054844
2022-12-20,8908,30000,2001800,68.0,68.5,66.2,66.2,-0.3,27,66.54238150994803,66.51966179237974,66.04042269424994,67.49739525937021,69.06072954326129
2022-12-21,8908,25000,1646800,66.2,66.2,65.7,65.9,-0.3,24,66.32825433996535,66.40699601194706,66.02821202518473,67.449711818792,69.03687498067063
2022-12-22,8908,8000,528800,65.9,66.5,65.9,66.3,0.4,8,66.31883622664357,66.38754219159304,66.05184576212518,67.41539206300716,69.01621932043915
2022-12-23,8908,13000,865500,66.5,66.8,66.5,66.8,0.5,8,66.4792241510957,66.4625345203943,66.11690265237516,67.3970221506786,68.99949313688866
2022-12-26,8908,10000,660300,66.0,66.3,65.8,66.2,-0.6,8,66.38614943406381,66.4148009712317,66.12412850869036,67.36129014618072,68.97836488679893
2022-12-27,8908,12000,801100,66.8,66.8,66.6,66.8,0.6,11,66.5240996227092,66.48483715828048,66.18289994271728,67.34453521644399,68.96192439708724
2022-12-28,8908,16000,1064800,66.8,66.8,66.3,66.6,-0.2,13,66.5493997484728,66.50577585677495,66.21916951291578,67.32231028460984,68.94409855258093
2022-12-29,8908,26000,1740500,67.8,67.9,66.6,66.8,0.2,16,66.63293316564852,66.55927115554314,66.26967651179267,67.30671893283045,68.92791667671239
2022-12-30,8908,24000,1606300,67.0,67.1,66.8,67.0,0.2,17,66.75528877709901,66.63940367271712,66.33318290207157,67.29756314379074,68.91336636217116
2023-01-03,8908,45000,2993600,65.4,66.8,65.4,66.7,-0.3,28,66.73685918473268,66.65042118676855,66.36508004102187,67.27972543800594,68.8966617103812
2023-01-04,8908,46000,3088700,66.7,67.5,66.7,67.4,0.7,34,66.95790612315513,66.78670824371973,66.455073080933,67.2833157234386,68.88536615030284
2023-01-05,8908,24000,1620400,67.4,67.7,67.4,67.5,0.1,21,67.13860408210341,66.9163976539525,66.54593629128665,67.28978391079865,68.87491055671565
2023-01-06,8908,21000,1416700,67.1,67.8,67.1,67.4,-0.1,18,67.2257360547356,67.00432535323387,66.62020270073998,67.29307394331212,68.8637791562876
2023-01-09,8908,33000,2238900,67.5,68.0,67.5,68.0,0.6,22,67.4838240364904,67.18535710719135,66.74018507458868,67.31417621366101,68.85726006831563
2023-01-10,8908,31000,2115700,68.2,68.5,67.9,67.9,-0.1,28,67.62254935766028,67.3152921786111,66.84103854636358,67.33166349086517,68.85003546402645
2023-01-11,8908,10000,679600,68.3,68.3,67.8,68.1,0.2,10,67.78169957177352,67.45796632795454,66.95051345537544,67.35459890904829,68.84437481901493
2023-01-12,8908,19000,1299800,68.5,69.7,67.9,68.1,0.0,18,67.88779971451568,67.5746997228719,67.05046880708193,67.37684968788267,68.83875689585255
2023-01-13,8908,12000,816100,68.1,68.1,67.9,68.0,-0.1,10,67.92519980967712,67.6520270459861,67.13303673690089,67.39545118973692,68.83242665512914
2023-01-16,8908,30000,2039800,67.7,68.6,67.5,68.3,0.3,15,68.05013320645142,67.76984031035227,67.23451180325733,67.4224526467597,68.82840834075081
2023-01-17,8908,23000,1571500,68.0,68.5,68.0,68.5,0.2,15,68.20008880430095,67.90259661756095,67.344554255148,67.45461823939374,68.82592978723571
2023-01-30,8908,36000,2478500,68.6,69.3,68.6,69.2,0.7,33,68.53339253620064,68.13848814164078,67.505897363396,67.50671918747153,68.8287529586528
2023-01-31,8908,45000,3124000,69.3,69.8,69.2,69.8,0.6,38,68.95559502413376,68.440581206797,67.70538454918766,67.5751753311291,68.83608312500259
2023-02-01,8908,53000,3722900,70.3,70.6,70.0,70.5,0.7,39,69.47039668275583,68.81502098737937,67.94839458838872,67.66248353019988,68.84864098821012
2023-02-02,8908,45000,3170000,70.6,70.7,70.2,70.5,0.0,32,69.81359778850388,69.12138080785584,68.17027331983319,67.74718551437302,68.86110407509156
2023-02-03,8908,24000,1691100,69.9,71.0,69.7,70.4,-0.1,22,70.00906519233592,69.35385702460933,68.36416259636943,67.82637400648129,68.8727183839588
2023-02-06,8908,43000,3034800,71.4,71.4,70.3,70.4,0.0,35,70.13937679489062,69.54406483831673,68.54119193581556,67.90319866300423,68.88424503766477
2023-02-07,8908,32000,2255000,70.5,71.0,70.3,71.0,0.6,27,70.42625119659375,69.80878032225914,68.75500133270117,67.99564049395933,68.90021299964465
2023-02-08,8908,46000,3241300,70.8,71.0,70.2,70.9,-0.1,42,70.58416746439583,70.0071839000302,68.94152295594455,68.08233779264711,68.91530573172281
2023-02-09,8908,25000,1767000,70.6,70.9,70.5,70.7,-0.2,22,70.62277830959722,70.13315046366107,69.09443400325372,68.16047696301585,68.92877512242679
2023-02-10,8908,32000,2259300,70.5,71.0,70.4,70.4,-0.3,27,70.54851887306482,70.18166856117723,69.20796148123166,68.22732839695568,68.93987870640846
2023-02-13,8908,44000,3095600,70.3,71.0,70.1,70.9,0.5,38,70.66567924870988,70.31227427732682,69.35509526547239,68.3071096388376,68.95467207466199
2023-02-14,8908,44000,3106200,70.9,71.3,70.2,70.4,-0.5,32,70.57711949913993,70.32822440872195,69.44595654673566,68.36958397797677,68.96558020994756
2023-02-15,8908,27000,1898900,70.3,70.5,70.2,70.5,0.1,26,70.55141299942662,70.35945633440888,69.53761249919343,68.43317848609686,68.97716073666494
2023-02-16,8908,43000,3025700,71.8,71.8,70.0,70.4,-0.1,38,70.50094199961775,70.3668279099709,69.61260271665488,68.49188957606412,68.98789914619955
2023-02-17,8908,36000,2536200,70.5,70.6,70.3,70.5,0.1,29,70.50062799974516,70.39104101724891,69.68976769781533,68.55183317080848,68.99931122811503
2023-02-20,8908,24000,1688800,70.0,70.6,70.0,70.4,-0.1,21,70.46708533316344,70.39266992320366,69.75152702844008,68.60700232988883,69.00988246412926
2023-02-21,8908,35000,2470400,70.6,70.8,70.4,70.6,0.2,35,70.51139022210896,70.43036630080299,69.82530728683659,68.66649479765334,69.02188335119244
2023-02-22,8908,61000,4292800,70.7,70.7,70.2,70.4,-0.2,36,70.47426014807264,70.42484515520245,69.87528056624211,68.71824122160399,69.03228423156081
2023-02-23,8908,60000,4259000,70.6,72.4,70.5,70.8,0.4,47,70.5828400987151,70.49305512698382,69.95569095178628,68.78038327469044,69.04562548264337
2023-02-24,8908,48000,3425500,71.0,71.7,71.0,71.7,0.9,37,70.95522673247673,70.71249964935039,70.10736999945703,68.86753601275937,69.06565849786871
2023-03-01,8908,67000,4827400,71.8,72.4,71.8,72.0,0.3,56,71.30348448831782,70.94659062219577,70.27194652124338,68.9610424004382,69.0878044714697
2023-03-02,8908,64000,4587600,72.4,72.4,71.2,71.4,-0.6,54,71.33565632554522,71.02902869088744,70.37003812809178,69.03384710490273,69.10525500376049
2023-03-03,8908,42000,3003700,72.4,72.4,71.4,71.5,0.1,35,71.39043755036347,71.11465983799881,70.46829568217075,69.10746360923399,69.12332855090192
2023-03-06,8908,89000,6362900,71.5,72.0,71.3,71.6,0.1,66,71.46029170024231,71.20290350381721,70.56670475328633,69.18186768060013,69.14202041089511
2023-03-07,8908,38000,2721600,71.7,71.8,71.3,71.8,0.2,33,71.57352780016154,71.31146650312317,70.67394781821795,69.2600208841643,69.16208063420912
2023-03-08,8908,49000,3525300,72.0,72.2,71.7,72.2,0.4,43,71.78235186677436,71.47301804800986,70.80664800793814,69.34778145478627,69.18500832753584
2023-03-09,8908,148000,11129900,73.0,78.0,73.0,75.5,3.3,125,73.02156791118291,72.20519658473535,71.21476557246525,69.53142976956877,69.232668642045
2023-03-10,8908,116000,8734400,75.7,75.7,74.9,75.2,-0.3,94,73.7477119407886,72.74970629660164,71.5613076965987,69.70064082122344,69.2777051051239
2023-03-13,8908,108000,7956400,75.2,75.2,72.8,74.0,-1.2,65,73.83180796052574,72.97703242449225,71.77336789689447,69.82897990118693,69.31334506659466
2023-03-14,8908,45000,3317700,74.0,74.0,73.5,73.7,-0.3,42,73.78787197368382,73.10848107458457,71.94090112325148,69.94453273995747,69.34645189628074
2023-03-15,8908,40000,2949200,73.7,74.5,73.5,73.7,0.0,30,73.75858131578921,73.21602997011465,72.09386624296874,70.05663624025725,69.37930886310126
2023-03-16,8908,94000,6867200,73.4,73.6,72.2,72.6,-1.1,78,73.37238754385947,73.1040245210029,72.13787787401493,70.13255754651823,69.40361596602125
2023-03-17,8908,30000,2188600,72.9,73.5,72.3,73.2,0.6,28,73.31492502923965,73.12147460809328,72.23023631975276,70.22412299289081,69.43226792099468
2023-03-20,8908,68000,4973700,73.2,73.7,72.6,72.6,-0.6,57,73.07661668615977,73.02666104298541,72.26238968325252,70.29504469459556,69.4561753329117
2023-03-21,8908,60000,4363100,73.1,73.3,72.0,73.1,0.5,51,73.08441112410651,73.03999539880624,72.3352253629697,70.37877470371211,69.48367589643689
2023-03-22,8908,83000,6005300,72.6,73.1,72.0,73.0,-0.1,71,73.05627408273767,73.0327235081142,72.39303185314624,70.45702023494458,69.51021419155812
2023-03-23,8908,71000,5169700,73.0,73.0,72.5,72.9,-0.1,53,73.00418272182512,73.00859196118435,72.43711603982918,70.52994500405072,69.53579748067844
2023-03-24,8908,68000,4903900,72.1,72.4,72.0,72.0,0.0,59,72.66945514788341,72.82521160460537,72.39910594940925,70.57382724273577,69.55439523554125
2023-03-27,8908,105000,7488200,72.0,72.0,71.0,71.1,-0.9,93,72.14630343192228,72.5115367674044,72.28614021467801,70.58953389220635,69.56606017715981
2023-03-28,8908,72000,5079200,70.9,70.9,70.3,70.7,-0.4,67,71.66420228794819,72.18216644605815,72.14821497861905,70.59283138796138,69.57461821355861
2023-03-29,8908,35000,2492900,70.7,71.9,70.7,71.3,0.6,35,71.54280152529878,72.02177254677484,72.07445715439131,70.6139408987685,69.58763996289024
2023-03-30,8908,40000,2831300,71.0,71.1,70.6,71.1,-0.2,37,71.39520101686585,71.85417753827032,71.98972174966163,70.62845012567094,69.59905400090616
2023-03-31,8908,29000,2089800,72.0,72.4,71.9,72.0,0.9,21,71.59680067791057,71.88069071313026,71.99061551056062,70.66939191296434,69.61717434806914
2023-04-06,8908,65000,4720800,72.6,73.2,72.1,72.1,0.1,64,71.76453378527371,71.92056512892476,72.00012720529448,70.71209663198033,69.63591265487617
2023-04-07,8908,44000,3165900,72.1,72.2,71.5,71.6,-0.5,35,71.70968919018247,71.86228056002935,71.96533353526887,70.73860121013017,69.65073595559409
2023-04-10,8908,190000,13384900,71.1,71.5,70.0,71.1,-0.5,171,71.50645946012165,71.72368409456946,71.89008714089766,70.74938923370837,69.66167379743865
2023-04-11,8908,41000,2918900,71.0,72.0,70.8,71.5,0.4,32,71.50430630674776,71.6830142591932,71.85616651995004,70.77179552523947,69.67554795745798
2023-04-12,8908,39000,2787300,72.0,72.3,71.1,71.2,-0.3,35,71.40287087116518,71.59519348479444,71.79910856169352,70.78457774836664,69.68705325589225
2023-04-13,8908,48000,3399400,70.8,71.1,70.6,70.8,-0.4,43,71.20191391411012,71.45061285119544,71.71222955632886,70.78503811408704,69.69545285396099
2023-04-14,8908,32000,2267800,71.1,71.1,70.8,70.8,0.0,29,71.06794260940674,71.33231960552355,71.63290524708287,70.78548473754714,69.70378905883675
2023-04-17,8908,60000,4264000,71.7,71.9,70.8,70.9,0.1,50,71.0119617396045,71.2537160408829,71.56917435603219,70.7889031035905,69.71281706593987
2023-04-18,8908,22000,1566300,70.9,71.4,70.9,71.3,0.4,19,71.10797449306966,71.26213130617693,71.54576789029026,70.80415972736392,69.72479580506486
2023-04-19,8908,34000,2420000,71.4,71.4,71.0,71.1,-0.2,28,71.1053163287131,71.23265288687203,71.50700546504763,70.81299078027844,69.73517470464927
2023-04-20,8908,46000,3266200,71.1,71.3,70.8,70.8,-0.3,42,71.00354421914207,71.15398872562257,71.44552672895652,70.81260299579252,69.74321112197266
2023-04-21,8908,61000,4315900,71.0,71.2,70.4,71.2,0.4,58,71.06902947942805,71.16235441187301,71.42417657861247,70.82416708547035,69.75420575501438
2023-04-24,8908,70000,4941800,70.7,70.8,70.4,70.7,-0.5,56,70.94601965295203,71.07828997335065,71.3612047022114,70.82046060530706,69.76134382478786
2023-04-25,8908,37000,2610900,70.8,70.9,70.4,70.5,-0.2,35,70.79734643530135,70.97314634183235,71.28631733680172,70.81089461708893,69.76691858837437
2023-04-26,8908,70000,4907200,70.0,70.4,69.8,70.0,-0.5,68,70.5315642902009,70.79621064331738,71.1744636553407,70.78668880762359,69.76867769336776
2023-04-27,8908,32000,2242900,71.7,71.7,69.6,70.3,0.3,31,70.45437619346727,70.70599052635059,71.09842333748499,70.77216078351542,69.77268767304047
2023-04-28,8908,39000,2777700,70.6,71.7,70.5,70.5,0.2,31,70.46958412897818,70.66853770337775,71.04638652552977,70.76403658102242,69.77817682267789
2023-05-02,8908,31000,2190700,70.5,70.9,70.5,70.8,0.3,28,70.57972275265212,70.69243993912725,71.02496161026632,70.76511011591728,69.78588869571429
2023-05-03,8908,21000,1482500,70.6,70.8,70.5,70.6,-0.2,20,70.58648183510141,70.67563267746775,70.98800842676489,70.76018145574065,69.79203293197305
2023-05-04,8908,30000,2127200,70.5,71.2,70.4,71.2,0.6,30,70.79098789006761,70.77097219065543,71.00644247661143,70.77331036750958,69.8026590985242
2023-05-05,8908,38000,2704400,71.1,71.5,70.9,71.2,0.0,35,70.92732526004508,70.84897724689989,71.02327356560174,70.78604737146452,69.81320506759194
2023-05-08,8908,54000,3854600,71.3,71.6,71.2,71.4,0.2,40,71.08488350669673,70.949163202009,71.0560323859842,70.8043743155999,69.82518087840256
2023-05-09,8908,41000,2939400,71.5,72.0,71.5,71.8,0.4,36,71.32325567113115,71.10386080164373,71.12072522198557,70.83409448528349,69.8400851736599
2023-05-10,8908,90000,6498400,71.9,72.8,71.9,72.0,0.2,54,71.54883711408743,71.26679520134488,71.19718389833464,70.86889763497652,69.85638641763228
2023-05-11,8908,59000,4247900,72.6,72.6,71.7,71.8,-0.2,41,71.63255807605829,71.36374152837308,71.2496026897838,70.89669173542498,69.87105519938599
2023-05-12,8908,24000,1718300,71.9,71.9,71.5,71.5,-0.3,24,71.58837205070553,71.38851579594161,71.27137636893303,70.91470093735259,69.8833491224095
2023-05-15,8908,68000,4815300,71.5,71.5,70.5,70.6,-0.9,63,71.25891470047036,71.24514928758859,71.21299581511276,70.90530687952118,69.8887578082781
2023-05-16,8908,98000,6873600,70.6,70.6,69.9,70.2,-0.4,90,70.9059431336469,71.05512214439067,71.12490922249427,70.88425294281905,69.89110680595148
2023-05-17,8908,27000,1897400,70.2,70.8,70.1,70.4,0.2,26,70.73729542243127,70.93600902722872,71.06187363792955,70.8697976310931,69.8949475093028
2023-05-18,8908,93000,6516500,70.4,70.4,69.8,70.1,-0.3,79,70.52486361495419,70.7840073859144,70.97823245202264,70.84681859732913,69.89649507527032
2023-05-19,8908,39000,2734700,70.0,70.7,70.0,70.1,0.0,36,70.38324240996945,70.65964240665724,70.90186441271632,70.82452550487154,69.8980309614947
2023-05-22,8908,35000,2460600,70.1,70.7,70.0,70.5,0.4,29,70.4221616066463,70.63061651453775,70.86691968117577,70.81483817636791,69.90257412404945
2023-05-23,8908,27000,1904000,71.0,71.0,70.2,70.4,-0.1,23,70.41477440443087,70.58868623916725,70.82631796976918,70.8024549472226,69.90632828160379
2023-05-24,8908,65000,4576000,71.0,71.0,70.2,70.3,-0.1,45,70.37651626962058,70.53619783204593,70.78055118978925,70.78745629208163,69.90929938891244
2023-05-25,8908,33000,2317300,70.3,70.6,70.1,70.2,-0.1,33,70.31767751308038,70.47507095349212,70.73006847763367,70.76992028336278,69.91149335578858
2023-05-26,8908,37000,2592900,70.1,70.2,70.0,70.1,-0.1,33,70.24511834205359,70.40687623467537,70.67527991436117,70.7499226629639,69.912916047443
2023-05-29,8908,105000,7358300,70.8,70.8,69.9,69.9,-0.2,78,70.1300788947024,70.31471691927985,70.6078642696341,70.72455183720378,69.91281856783966
2023-05-30,8908,27000,1892100,70.0,70.3,69.9,70.0,0.1,24,70.08671926313492,70.25749566122896,70.55500650705723,70.70292342415291,69.91347654091257
2023-05-31,8908,12000,842100,70.2,70.4,70.1,70.1,0.1,9,70.09114617542328,70.22886008646006,70.51544072383486,70.68492570999909,69.9148842651321
2023-06-01,8908,19000,1338100,71.3,71.3,70.1,70.2,0.1,17,70.12743078361552,70.22361279801278,70.4880110956753,70.67045031567076,69.91703608199903
2023-06-02,8908,40000,2804300,70.1,70.7,70.0,70.2,0.0,32,70.15162052241035,70.21931956201045,70.4629666525731,70.65640702266566,69.91917165873866
2023-06-05,8908,16000,1124800,70.5,70.5,70.1,70.1,-0.1,15,70.1344136816069,70.19762509619036,70.43140433495805,70.63979785780997,69.92053640093687
2023-06-06,8908,21000,1476500,70.1,70.6,70.1,70.3,0.2,19,70.18960912107127,70.21623871506485,70.41997787104864,70.62965463817385,69.92340027715622
2023-06-07,8908,20000,1406300,70.2,70.5,70.2,70.3,0.0,20,70.22640608071418,70.23146803959851,70.40954501269658,70.61981420121343,69.92624253921542
2023-06-08,8908,27000,1893300,70.3,70.3,70.1,70.1,-0.2,19,70.18427072047612,70.20756475967151,70.3826280550708,70.60429735938617,69.92755391627794
2023-06-09,8908,36000,2519000,70.0,70.1,69.9,70.1,0.0,29,70.15618048031742,70.18800753064033,70.35805170245594,70.58924370686718,69.92885539615509
2023-06-12,8908,69000,4833700,70.3,70.3,69.9,69.9,-0.2,43,70.07078698687828,70.13564252506937,70.31822111963368,70.56866926785622,69.92863761958033
2023-06-13,8908,50000,3500800,70.2,70.2,69.9,70.0,0.1,38,70.04719132458551,70.11098024778403,70.2905497179264,70.55169406583066,69.9291762035835
2023-06-14,8908,45000,3152700,70.2,70.2,69.9,70.0,0.0,32,70.03146088305701,70.09080202091421,70.26528452506324,70.53522558625363,69.92971072280173
2023-06-15,8908,31000,2172100,70.0,70.3,70.0,70.1,0.1,22,70.05430725537134,70.09247438074799,70.25091195766643,70.52223377770875,69.9309959248938
2023-06-16,8908,32000,2242000,70.1,70.2,70.0,70.2,0.1,23,70.1028715035809,70.11202449333926,70.24648483091283,70.51261485897118,69.93302614432855
2023-06-19,8908,24000,1688300,70.2,70.5,70.2,70.4,0.2,22,70.2019143357206,70.16438367636849,70.25983397605084,70.50925322138994,69.93655047531475
2023-06-20,8908,29000,2035900,70.2,70.3,70.1,70.2,-0.2,9,70.20127622381374,70.17085937157422,70.25463102161164,70.50002178194546,69.93853877361425
2023-06-21,8908,14000,982700,70.2,70.2,70.1,70.1,-0.1,12,70.1675174825425,70.15797584946982,70.24118484581933,70.48808083323067,69.93975734890773
2023-06-26,8908,45000,3144500,70.0,70.0,69.7,69.8,-0.3,38,70.04501165502833,70.0928893313844,70.20282094618287,70.46754110686557,69.93870257646314
2023-06-27,8908,20000,1396500,69.8,69.9,69.8,69.8,0.0,18,69.96334110335222,70.03963672567815,70.16779303781914,70.44761450666063,69.9376557645653
2023-06-28,8908,5000,349100,69.8,69.9,69.8,69.8,0.0,5,69.90889406890147,69.99606641191849,70.13581103453052,70.4282827303424,69.93661685313462
2023-06-29,8908,38000,2655800,69.9,70.1,69.7,70.0,0.2,32,69.93926271260098,69.9967816097515,70.12400137935396,70.41549817122771,69.93709521650719
2023-06-30,8908,11000,770000,70.0,70.0,70.0,70.0,0.0,11,69.95950847506732,69.99736677161486,70.11321865071449,70.4030952407433,69.93756996959016
2023-07-03,8908,43000,3000900,69.9,70.0,69.7,69.9,-0.1,36,69.93967231671155,69.97966372223034,70.09467789847845,70.3880774723629,69.93728642264985
2023-07-04,8908,71000,4951200,69.9,69.9,69.7,69.9,0.0,34,69.92644821114104,69.96517940909756,70.07774938556729,70.37350799557595,69.93700501568645
2023-07-05,8908,28000,1958900,70.0,70.0,69.8,70.0,0.1,20,69.95096547409402,69.97151042562527,70.070988569431,70.3623585031707,69.93748044953033
2023-07-06,8908,38000,2651300,69.9,69.9,69.7,69.7,-0.3,34,69.86731031606269,69.9221448936934,70.0387286938283,70.34258660755366,69.93568814425085
2023-07-07,8908,5000,348800,69.9,69.9,69.6,69.7,0.0,5,69.81154021070846,69.88175491302188,70.00927402479975,70.32340491777593,69.93390936580367
2023-07-10,8908,34000,2363800,69.6,69.6,69.5,69.5,-0.2,29,69.70769347380563,69.81234492883608,69.96498932699107,70.29882566649904,69.93063457813723
2023-07-11,8908,43000,2983100,69.8,69.8,69.2,69.4,-0.1,39,69.6051289825371,69.73737312359316,69.91585982029619,70.27199504958863,69.92662978886827
2023-07-12,8908,14000,977400,70.5,70.5,69.5,69.6,0.2,10,69.60341932169139,69.71239619203077,69.88839374896608,70.25193549586956,69.92416465838625
2023-07-13,8908,25000,1739400,69.7,69.7,69.5,69.5,-0.1,22,69.56894621446092,69.67377870257063,69.85462037949077,70.22948966017196,69.92096341568144
2023-07-14,8908,34000,2375900,70.0,70.0,69.6,69.8,0.3,20,69.64596414297395,69.69672802937598,69.84987078127418,70.21666907330116,69.92005048424234
2023-07-17,8908,50000,3465100,69.8,69.8,69.1,69.4,-0.4,46,69.56397609531597,69.64277747858034,69.81075158290251,70.19229089200859,69.9161255749273
2023-07-18,8908,64000,4412800,69.2,69.2,68.8,69.0,-0.4,50,69.37598406354398,69.5259088461112,69.74025144525882,70.15670011911281,69.90921141964483
2023-07-19,8908,25000,1725800,69.2,69.3,68.9,68.9,-0.1,25,69.21732270902932,69.41210723772734,69.66718610219284,70.11918668272139,69.90159472968524
2023-07-20,8908,17000,1173000,68.9,69.2,68.9,68.9,0.0,15,69.11154847268621,69.31899683086783,69.60047426721955,70.08279305040135,69.89403552417818
2023-07-21,8908,28000,1927100,68.8,69.0,68.8,69.0,0.1,17,69.07436564845747,69.26099740707367,69.54825911354828,70.05047086979235,69.88728808625986
2023-07-24,8908,33000,2272000,69.0,69.0,68.7,68.9,-0.1,25,69.01624376563832,69.19536151487846,69.49188875584844,70.0161284557687,69.87983685542017
2023-07-25,8908,8000,551500,68.9,69.1,68.7,69.1,0.2,8,69.04416251042555,69.17802305762783,69.45781147273118,69.98878133768605,69.87395129424718
2023-07-26,8908,13000,894500,68.8,68.9,68.8,68.8,-0.3,11,68.96277500695037,69.10929159260458,69.40061047510238,69.95329532760587,69.86584600146041
2023-07-27,8908,16000,1101800,68.8,69.2,68.8,69.2,0.4,13,69.04185000463357,69.12578403031284,69.38316608596304,69.93080889991614,69.8608207486192
2023-07-28,8908,36000,2475300,68.8,69.3,68.6,69.3,0.1,29,69.12790000308905,69.15745966116505,69.37593425240104,69.91197878350074,69.85658813919567
2023-07-31,8908,32000,2213800,69.2,69.3,69.1,69.1,-0.2,25,69.11860000205937,69.14701245004413,69.35193996958355,69.88774061085893,69.85087804003193
2023-08-01,8908,12000,829200,69.2,69.2,69.0,69.2,0.1,11,69.14573333470625,69.1566465500361,69.33872779831542,69.86721104038553,69.84596575293735
2023-08-02,8908,24000,1659000,69.2,69.5,68.9,69.3,0.1,22,69.19715555647083,69.1827108136659,69.3353601636793,69.85027936753819,69.84184525668876
2023-08-04,8908,12000,830100,69.1,69.5,69.1,69.5,0.2,10,69.29810370431389,69.24039975663574,69.34967667118545,69.83982326701467,69.83926529248733
2023-08-07,8908,85000,5951800,70.0,70.2,69.9,70.1,0.6,38,69.56540246954259,69.39669070997469,69.41492217803889,69.84758973665602,69.84123310160064
2023-08-08,8908,18000,1255900,69.8,70.1,69.6,69.7,-0.4,18,69.6102683130284,69.45183785361566,69.4397115538616,69.84318407287525,69.84016719139987
2023-08-09,8908,14000,976000,69.9,69.9,69.6,69.7,0.0,14,69.64017887535226,69.49695824386735,69.46234533178668,69.83890992144613,69.8391093258044
2023-08-10,8908,31000,2155700,69.8,69.8,69.3,69.3,-0.4,26,69.5267859169015,69.46114765407329,69.44822834641393,69.82282305811938,69.83504057617569
2023-08-11,8908,6000,416500,69.3,69.5,69.3,69.4,0.1,6,69.48452394460101,69.45002989878724,69.44403457716054,69.81020147429493,69.83175725107247
2023-08-14,8908,12000,834600,69.4,70.0,69.4,69.9,0.5,12,69.62301596306735,69.53184264446229,69.48368374436397,69.81288202730104,69.83227229068702
2023-08-15,8908,10000,698500,69.9,69.9,69.7,69.8,-0.1,10,69.6820106420449,69.58059852728732,69.51118950572362,69.81249748917266,69.832028726229
2023-08-16,8908,10000,695300,69.8,69.8,69.4,69.5,-0.3,9,69.62134042802994,69.56594424959872,69.51021650522591,69.80316920591378,69.82952284904991
2023-08-17,8908,13000,897000,69.0,69.3,68.8,69.3,-0.2,11,69.51422695201995,69.51759074967167,69.49193680911931,69.78814922961784,69.82552645018916
2023-08-18,8908,12000,830700,69.1,69.4,69.1,69.4,0.1,11,69.47615130134663,69.49621061336774,69.4839423039785,69.77656268545014,69.82231492981037
2023-08-21,8908,13000,908800,70.2,70.3,69.5,70.0,0.6,13,69.6507675342311,69.5878086836645,69.52881688624123,69.78323245603372,69.82365594920803
2023-08-22,8908,19000,1314500,70.0,70.0,69.0,69.6,-0.4,16,69.63384502282072,69.5900252866346,69.53500672222026,69.77776283048047,69.82196797978004
2023-08-23,8908,29000,2019000,69.2,69.8,69.2,69.8,0.2,16,69.68923001521381,69.62820250724648,69.55804961594023,69.77842662658553,69.82180218370623
2023-08-24,8908,14000,977400,69.8,70.0,69.5,69.9,0.1,11,69.7594866768092,69.67762023320167,69.58778443194544,69.78205568250834,69.82239235590467
2023-08-25,8908,30000,2099700,70.0,70.3,69.8,70.0,0.1,25,69.83965778453947,69.73623473625591,69.62362926395018,69.78856148303048,69.82373279095444
2023-08-28,8908,24000,1686400,69.8,70.5,69.8,70.4,0.4,21,70.02643852302631,69.85691932966392,69.69113976273712,69.80681337905942,69.8280819774378
2023-08-29,8908,32000,2252400,70.4,70.8,70.0,70.8,0.4,29,70.2842923486842,70.0283885424523,69.78756239206433,69.83646074087854,69.83541720779677
2023-08-30,8908,48000,3415200,70.8,71.4,70.8,71.0,0.2,34,70.52286156578947,70.20504517109734,69.89299174927613,69.8711932560762,69.84420651188887
2023-08-31,8908,35000,2494300,71.0,71.4,71.0,71.2,0.2,30,70.74857437719298,70.38594604907964,70.00664464064343,69.91085912902915,69.85443891557273
2023-09-01,8908,50000,3578500,71.3,72.0,71.2,71.3,0.1,36,70.93238291812865,70.5521376765197,70.11911032406574,69.95232602069991,69.86534881054953
2023-09-04,8908,44000,3162500,71.3,72.3,71.3,72.0,0.7,30,71.28825527875243,70.81538537169794,70.28266594806003,70.01345061709694,69.88145938556426
2023-09-05,8908,52000,3743500,72.4,72.4,71.8,71.9,-0.1,36,71.49217018583495,71.01258803138923,70.42330369170698,70.06976552404926,69.89669365435245
2023-09-06,8908,49000,3523800,72.1,72.2,71.5,71.9,0.0,41,71.62811345722331,71.17393566204574,70.55171206634115,70.12439938900302,69.91181294752714
2023-09-07,8908,25000,1795800,71.9,71.9,71.7,71.9,0.0,23,71.71874230481554,71.30594735985561,70.66895449535497,70.17740239231637,69.92681813282883
2023-09-08,8908,44000,3151100,71.6,71.9,71.5,71.9,0.0,30,71.7791615365437,71.41395693079096,70.7760019305415,70.22882321642632,69.941710071449
2023-09-11,8908,69000,4922900,71.8,71.8,71.0,71.2,-0.7,54,71.58610769102913,71.37505567064714,70.81287132788572,70.25781356817478,69.95120659921164
2023-09-12,8908,26000,1842600,71.0,71.1,70.7,70.9,-0.3,25,71.35740512735275,71.28868191234767,70.82044773415653,70.27698331240838,69.95836730412326
2023-09-13,8908,92000,6534300,70.9,71.3,70.9,70.9,0.0,77,71.2049367515685,71.21801247373901,70.82736532249075,70.29558082547081,69.96547396597893
2023-09-14,8908,242000,15773000,65.0,65.8,64.5,65.3,0.0,180,69.23662450104567,70.14201020578646,70.34672485966547,70.14645900978512,69.93026284170739
2023-09-15,8908,69000,4574700,65.8,66.7,65.8,66.6,1.3,60,68.35774966736378,69.49800835018893,70.02092269795543,70.04059456173184,69.9051287825247
2023-09-18,8908,40000,2663700,67.6,67.6,66.2,66.5,-0.1,35,67.73849977824251,68.95291592288184,69.71475550682887,69.9349051718294,69.87942969737357
2023-09-19,8908,23000,1527900,66.5,66.5,66.3,66.3,-0.2,20,67.25899985216168,68.47056757326696,69.41782024536549,69.8264005398345,69.8524151336198
2023-09-20,8908,25000,1651000,66.1,66.2,65.8,65.9,-0.4,24,66.80599990144113,68.00319165085479,69.11192283272501,69.70919455357078,69.82258558544154
2023-09-21,8908,27000,1767900,65.9,65.9,65.2,65.4,-0.5,23,66.33733326762741,67.5298840779721,68.78914693422719,69.58056188032987,69.78920758102312
2023-09-22,8908,15000,981600,65.4,65.6,65.0,65.6,0.2,11,66.09155551175161,67.17899606379535,68.51182980951178,69.46173913763346,69.75759092003426
2023-09-25,8908,18000,1183500,65.6,66.0,65.5,65.8,0.2,18,65.99437034116774,66.92826950674166,68.27601852172815,69.35243349173395,69.72772230931702
2023-09-26,8908,31000,2043900,66.0,66.1,65.8,65.9,0.1,27,65.96291356077849,66.74131141460681,68.06940821549092,69.24937577556278,69.69883383905803
2023-09-27,8908,15000,986400,65.9,65.9,65.5,65.5,-0.4,13,65.80860904051899,66.51561843013285,67.84598141414389,69.13745411062061,69.66714452706513
2023-09-28,8908,10000,657300,65.7,65.9,65.6,65.6,0.1,10,65.73907269367932,66.34914235192687,67.65067868247921,69.03185846552746,69.6364490966722
2023-10-02,8908,23000,1506000,65.6,65.7,65.4,65.4,-0.2,20,65.62604846245289,66.1765710152129,67.45496749269842,68.92344477998932,69.6044758959426
2023-10-03,8908,21000,1371000,65.4,65.4,65.0,65.3,-0.1,19,65.51736564163525,66.01719446699238,67.26757901507247,68.81528224924338,69.57198928540718
2023-10-04,8908,41000,2666000,65.3,65.3,64.8,65.3,0.0,34,65.44491042775684,65.88679547299377,67.09648518767486,68.7103484507585,69.53974785683808
2023-10-05,8908,23000,1496300,65.3,65.3,65.0,65.0,-0.3,21,65.29660695183789,65.72555993244944,66.91418212787704,68.59959178058661,69.50548560886195
2023-10-06,8908,28000,1816800,65.0,65.0,64.8,64.8,-0.2,24,65.13107130122526,65.55727630836772,66.73034020371382,68.48617113041985,69.46997250992713
2023-10-11,8908,42000,2726300,65.0,66.0,64.6,64.7,-0.1,35,64.98738086748351,65.4014078886645,66.55378888165176,68.37315109667597,69.43397271739939
2023-10-12,8908,22000,1421500,64.6,64.8,64.5,64.6,-0.1,18,64.85825391165567,65.25569736345277,66.38389419629073,68.2605197206558,69.39748990443788
2023-10-13,8908,19000,1227300,64.7,64.7,64.5,64.6,0.0,19,64.7721692744371,65.1364796610068,66.22877296183066,68.15125047526308,69.36128243346099
2023-10-16,8908,42000,2708700,64.6,64.7,64.3,64.3,-0.3,37,64.6147795162914,64.98439244991465,66.06105357384538,68.03628777450896,69.32308407547261
2023-10-17,8908,78000,4960200,64.0,64.0,62.8,63.7,-0.6,75,64.30985301086093,64.75086654993017,65.85574456742405,67.90684634840422,69.28064570509169
2023-10-18,8908,38000,2413700,63.1,63.9,63.1,63.3,-0.4,30,63.97323534057396,64.48707263176104,65.63350590938718,67.76932854695931,69.23550875637402
2023-10-19,8908,34000,2145800,63.3,63.3,63.0,63.0,-0.3,34,63.64882356038264,64.21669578962266,65.40450539552742,67.62696053063218,69.18844831292968
2023-10-20,8908,83000,5150100,63.1,63.1,61.6,62.3,-0.7,81,63.199215706921755,63.8682056460549,65.13454840461199,67.46794678344912,69.1364600237755
2023-10-23,8908,94000,5750600,61.6,61.8,60.9,60.9,-1.4,79,62.43281047128117,63.32853189222674,64.76632680421095,67.27188867051034,69.07429806133192
2023-10-24,8908,69000,4211500,60.9,62.0,60.9,61.2,0.3,56,62.021873647520785,62.941526093640064,64.45621142993174,67.0906382624354,69.0148693967181
2023-10-25,8908,85000,5170600,61.2,61.2,60.6,61.0,-0.2,69,61.68124909834719,62.58852134934187,64.15567130558985,66.90882816504927,68.9543798163655
2023-10-26,8908,66000,3991200,61.0,61.0,60.2,61.0,0.0,54,61.45416606556479,62.29969928582516,63.88126510510377,66.73244523474929,68.89434676114764
2023-10-27,8908,73000,4423200,61.0,62.0,60.0,60.7,-0.3,72,61.2027773770432,62.008844870220585,63.60463335683388,66.55237224266722,68.83250263464842
2023-10-30,8908,108000,6474400,60.7,60.7,59.6,60.0,-0.7,88,60.80185158469546,61.6436003483623,63.29118697797876,66.35677904139357,68.76584223740579
2023-10-31,8908,122000,7223500,59.8,59.8,58.1,59.7,-0.3,114,60.43456772313031,61.29021846684188,62.978909849458866,66.15806921926242,68.69742078655744
2023-11-01,8908,155000,9214100,60.4,61.9,58.1,61.8,2.1,124,60.889711815420206,61.38290601832517,62.87639594950592,66.02797760077696,68.64536478062116
2023-11-02,8908,49000,3002800,62.0,62.0,60.5,61.5,-0.3,44,61.09314121028014,61.404195833175145,62.75670934520106,65.892814090306,68.59143749925799
2023-11-03,8908,64000,3908500,61.5,61.6,60.5,61.6,0.1,57,61.26209414018676,61.439796590779665,62.65612592387923,65.76467038611777,68.53867193322586
2023-11-06,8908,60000,3691100,61.6,61.7,61.4,61.6,0.0,34,61.37472942679118,61.46892448336518,62.56428888702017,65.64035186712918,68.48630459788076
2023-11-07,8908,32000,1976100,61.7,62.0,61.6,62.0,0.4,28,61.583152951194116,61.565483668207875,62.515220288148846,65.53168464721487,68.4373513556326
2023-11-08,8908,18000,1116300,62.1,62.1,61.9,62.0,0.0,17,61.72210196746274,61.644486637624624,62.47041852396199,65.42626122490995,68.3887675718165
2023-11-09,8908,19000,1173300,61.9,61.9,61.4,61.8,-0.2,18,61.74806797830849,61.67276179442015,62.41212126100877,65.31801462118129,68.33904102410467
2023-11-10,8908,16000,977900,61.3,61.4,61.0,61.4,-0.4,13,61.63204531887233,61.62316874088921,62.32411071657322,65.20105896084752,68.28667090316803
2023-11-13,8908,12000,733400,60.9,61.3,60.9,61.3,-0.1,12,61.52136354591489,61.56441078800027,62.235057610784246,65.0846094396282,68.233941311446
2023-11-14,8908,24000,1465900,61.3,61.3,61.0,61.1,-0.2,18,61.38090903060993,61.47997246290931,62.13635694897692,64.96566587426616,68.18010024494453
2023-11-15,8908,43000,2633800,61.4,61.5,61.0,61.3,0.2,32,61.35393935373995,61.4472501969258,62.06363025776153,64.85624301234778,68.12817496007702
2023-11-16,8908,64000,3912100,61.3,61.3,60.9,61.3,0.0,40,61.33595956915997,61.42047743384838,61.997227626651835,64.7500865045165,68.07664156415191
2023-11-17,8908,38000,2328000,61.3,61.4,61.0,61.3,0.0,19,61.323973046106644,61.39857244587595,61.93659913737776,64.64709884766526,68.0254970995168
2023-11-20,8908,57000,3487400,61.5,61.5,60.9,60.9,-0.4,36,61.18264869740443,61.30792291026214,61.84646008195361,64.53524515072003,67.97171976291668
2023-11-21,8908,47000,2863100,61.0,61.1,60.8,61.0,0.1,33,61.12176579826962,61.25193692657812,61.7728548574359,64.42971544472839,67.919103009989
2023-11-22,8908,102000,6148700,60.6,60.6,60.0,60.4,-0.6,57,60.881177198846416,61.09703930356392,61.653476174180604,64.30942543145291,67.8623550627438
2023-11-23,8908,38000,2284600,60.0,60.4,60.0,60.3,-0.1,32,60.68745146589761,60.952123066552296,61.535782593817075,64.1897410902155,67.80528068491178
2023-11-24,8908,36000,2161800,60.0,60.2,60.0,60.2,-0.1,34,60.52496764393174,60.81537341808824,61.41962758565907,64.07064434125385,67.74788234011999
2023-11-27,8908,109000,6534300,60.0,60.3,59.8,60.3,0.1,83,60.449978429287825,60.72166916025402,61.32226866516698,63.95808779375374,67.69167190736437
2023-11-28,8908,58000,3499100,60.3,60.4,60.3,60.4,0.1,41,60.43331895285855,60.66318385838965,61.24207138993507,63.851876217820795,67.63664042127105
2023-11-29,8908,53000,3192900,60.4,60.4,60.1,60.3,-0.1,31,60.388879301905696,60.59715042959153,61.16015213863637,63.74585006206495,67.58126955016712
2023-11-30,8908,34000,2052500,60.5,60.6,60.3,60.3,0.0,32,60.35925286793713,60.54312307875671,61.08535630049408,63.642988866182414,67.52631657243
2023-12-01,8908,31000,1868300,60.3,60.4,60.2,60.3,0.0,29,60.33950191195809,60.49891888261912,61.0170644482772,63.54319815375906,67.47177833414752
2023-12-04,8908,54000,3249200,60.3,60.3,60.0,60.2,-0.1,47,60.293001274638726,60.44456999487019,60.94601536581832,63.443401193945355,67.41689698822942
2023-12-05,8908,50000,3014500,60.2,60.4,60.1,60.1,-0.1,36,60.228667516425816,60.381920904893796,60.8724488122689,63.34359817323057,67.36167512416732
2023-12-06,8908,60000,3607800,60.1,60.3,60.0,60.3,0.2,51,60.252445010950545,60.36702619491311,60.8226706546803,63.25274449641771,67.30837946285286
2023-12-07,8908,56000,3361800,60.3,60.3,59.9,60.2,-0.1,48,60.2349633406337,60.336657795838,60.76852538036027,63.16161779503211,67.2547313159634
2023-12-08,8908,51000,3063300,60.2,60.2,60.0,60.1,-0.1,41,60.18997556042247,60.29362910568564,60.71039273858982,63.070226219061,67.20073334376745
2023-12-11,8908,122000,7326700,60.4,60.4,59.8,60.0,-0.1,82,60.12665037361498,60.24024199556098,60.648619456973314,62.978577675208435,67.146388186456
2023-12-12,8908,125000,7443400,59.9,59.9,59.3,59.5,-0.5,93,59.91776691574332,60.10565254182262,60.54873950419302,62.87473953564997,67.08867959636953
2023-12-13,8908,112000,6621700,59.8,59.8,58.9,59.2,-0.3,100,59.678511277162215,59.940988443309415,60.43145780817624,62.765045818167884,67.02914239186863
2023-12-14,8908,44000,2611500,59.5,59.5,59.2,59.4,0.2,40,59.58567418477481,59.842626908162245,60.341765824856566,62.66459668926735,66.97156395872246
2023-12-15,8908,63000,3733700,59.4,59.7,59.0,59.3,-0.1,55,59.49044945651654,59.743967470314566,60.25117749226034,62.56416096719967,66.91366536280756
2023-12-18,8908,31000,1835800,59.3,59.3,59.1,59.2,-0.1,28,59.39363297101102,59.64506429389374,60.15977075380292,62.46373825176087,66.85544902044676
2023-12-19,8908,46000,2711800,59.2,59.2,58.8,59.0,-0.2,36,59.26242198067401,59.52777987682215,60.05892112303744,62.36034308006652,66.79616261274528
2023-12-20,8908,91000,5331300,58.6,58.9,58.4,58.9,-0.1,80,59.141614653782675,59.413638081036304,59.9581453732081,62.25704925678095,66.73656893264909
2023-12-21,8908,26000,1534300,58.8,59.2,58.8,59.1,0.2,19,59.127743102521784,59.35661297539334,59.883524036407394,62.16280898045913,66.67893445013853
2023-12-22,8908,48000,2818800,59.1,59.1,58.5,58.8,-0.3,41,59.018495401681186,59.25541061623091,59.78930455498067,62.062426622833485,66.61947079391106
2023-12-25,8908,121000,7045400,58.6,58.6,58.0,58.6,-0.2,91,58.87899693445412,59.13624504964347,59.68588676759104,61.95907060424144,66.55894648603248
2023-12-26,8908,56000,3283800,58.5,58.9,58.5,58.9,0.3,38,58.885997956302745,59.09329140425375,59.617548787800516,61.867755063816325,66.50114311632657
2023-12-27,8908,27000,1579900,58.5,58.6,58.5,58.5,-0.4,22,58.7573319708685,58.985420239843975,59.5203706323396,61.76722506191136,66.44075713054298
2023-12-28,8908,81000,4708800,58.5,58.5,58.0,58.4,-0.1,76,58.63822131391233,58.87898019623598,59.422947099092674,61.66671088095878,66.38007217106718
2023-12-29,8908,31000,1808800,58.4,58.4,58.3,58.3,-0.1,26,58.525480875941554,58.77371106964762,59.32529952525853,61.566212048691355,66.31909049430442
2024-01-02,8908,30000,1752700,58.4,58.6,58.2,58.6,0.3,29,58.55032058396104,58.742127238802595,59.262230001323005,61.477668405446835,66.26083320755495
2024-01-03,8908,53000,3103800,58.5,59.0,58.3,58.4,-0.2,43,58.500213722640694,58.679922286293035,59.18725347946883,61.38579770677678,66.20150616447907
2024-01-04,8908,46000,2677800,58.4,58.4,58.1,58.2,-0.2,28,58.40014248176046,58.59266368878521,59.10140535081936,61.29069926776852,66.14111743870941
2024-01-05,8908,29000,1691500,58.2,58.5,58.2,58.5,0.3,26,58.43342832117364,58.57581574536972,59.04910923335681,61.207394812014236,66.08344862785123
2024-01-08,8908,28000,1636800,58.5,58.5,58.4,58.5,0.0,22,58.45561888078243,58.5620310643934,59.00136060436926,61.12657705643172,66.0262150533014
2024-01-09,8908,15000,875200,58.5,58.5,58.3,58.3,-0.2,14,58.40374592052162,58.51438905268551,58.94037272572845,61.042201621911374,65.96790399629535
2024-01-10,8908,23000,1339100,58.3,58.4,58.1,58.4,0.1,20,58.402497280347745,58.49359104310633,58.893383793056415,60.96332993170506,65.91078773971954
2024-01-11,8908,61000,3540600,58.2,58.2,58.0,58.0,-0.4,50,58.26833152023183,58.403847217087,58.81569824583412,60.874872321803416,65.85108368130656
2024-01-12,8908,33000,1914300,58.0,58.1,57.9,58.1,0.1,30,58.21222101348789,58.348602268525724,58.75346361576159,60.792040312197344,65.79258493654199
2024-01-15,8908,29000,1681800,58.2,58.2,57.9,58.0,-0.1,28,58.14148067565859,58.285220037884685,58.68794504047797,60.708695825266076,65.73377297475676
2024-01-16,8908,99000,5688500,58.0,58.0,57.0,57.5,-0.5,92,57.92765378377239,58.142452758269286,58.58464547174076,60.61291386033276,65.6716312919284
2024-01-17,8908,158000,8925300,57.5,57.5,56.0,57.0,-0.5,128,57.61843585584826,57.9347340749476,58.44685021332852,60.505065685397454,65.60618501802706
2024-01-18,8908,77000,4339300,56.8,57.0,56.0,57.0,0.0,61,57.41229057056551,57.764782424957126,58.32103715129995,60.40043685896768,65.54123267826837
2024-01-19,8908,59000,3336200,56.8,56.9,56.3,56.9,-0.1,46,57.241527047043675,57.6075492567831,58.19746870336082,60.29594620646118,65.47601582786635
